sced_timestamp,market,location,location_type,lmp
2023-01-01 00:00:16+00:00,REAL_TIME_SCED,AZURE_BES1,Electrical Bus,34.6
2023-01-01 01:00:16+00:00,REAL_TIME_SCED,AZURE_BES1,Electrical Bus,9.48
2023-01-01 02:00:16+00:00,REAL_TIME_SCED,AZURE_BES1,Electrical Bus,9.29
2023-01-01 03:00:19+00:00,REAL_TIME_SCED,AZURE_BES1,Electrical Bus,5.18
2023-01-01 04:00:17+00:00,REAL_TIME_SCED,AZURE_BES1,Electrical Bus,-0.84
2023-01-01 05:00:19+00:00,REAL_TIME_SCED,AZURE_BES1,Electrical Bus,-2.34
2023-01-01 06:00:20+00:00,REAL_TIME_SCED,AZURE_BES1,Electrical Bus,-2.65
2023-01-01 07:00:18+00:00,REAL_TIME_SCED,AZURE_BES1,Electrical Bus,-1.53
2023-01-01 08:00:17+00:00,REAL_TIME_SCED,AZURE_BES1,Electrical Bus,-1.05
2023-01-01 09:00:17+00:00,REAL_TIME_SCED,AZURE_BES1,Electrical Bus,-0.09
2023-01-01 10:00:19+00:00,REAL_TIME_SCED,AZURE_BES1,Electrical Bus,0
2023-01-01 11:00:17+00:00,REAL_TIME_SCED,AZURE_BES1,Electrical Bus,-1.65
2023-01-01 12:00:18+00:00,REAL_TIME_SCED,AZURE_BES1,Electrical Bus,2.34
2023-01-01 13:00:17+00:00,REAL_TIME_SCED,AZURE_BES1,Electrical Bus,10.49
2023-01-01 14:00:16+00:00,REAL_TIME_SCED,AZURE_BES1,Electrical Bus,22.04
2023-01-01 15:00:17+00:00,REAL_TIME_SCED,AZURE_BES1,Electrical Bus,9.68
2023-01-01 16:00:16+00:00,REAL_TIME_SCED,AZURE_BES1,Electrical Bus,20.83
2023-01-01 17:00:17+00:00,REAL_TIME_SCED,AZURE_BES1,Electrical Bus,18.9
2023-01-01 18:00:16+00:00,REAL_TIME_SCED,AZURE_BES1,Electrical Bus,11.37
2023-01-01 19:00:17+00:00,REAL_TIME_SCED,AZURE_BES1,Electrical Bus,18.33
2023-01-01 20:00:16+00:00,REAL_TIME_SCED,AZURE_BES1,Electrical Bus,42.6
2023-01-01 21:00:17+00:00,REAL_TIME_SCED,AZURE_BES1,Electrical Bus,27.21
2023-01-01 22:00:16+00:00,REAL_TIME_SCED,AZURE_BES1,Electrical Bus,29.87
2023-01-01 23:00:17+00:00,REAL_TIME_SCED,AZURE_BES1,Electrical Bus,36.18
2023-01-02 00:00:16+00:00,REAL_TIME_SCED,AZURE_BES1,Electrical Bus,29.82
2023-01-02 01:00:17+00:00,REAL_TIME_SCED,AZURE_BES1,Electrical Bus,10.9
2023-01-02 02:00:16+00:00,REAL_TIME_SCED,AZURE_BES1,Electrical Bus,10.56
2023-01-02 03:00:18+00:00,REAL_TIME_SCED,AZURE_BES1,Electrical Bus,11.29
2023-01-02 04:00:17+00:00,REAL_TIME_SCED,AZURE_BES1,Electrical Bus,2.61
2023-01-02 05:00:18+00:00,REAL_TIME_SCED,AZURE_BES1,Electrical Bus,-1.5
2023-01-02 06:00:21+00:00,REAL_TIME_SCED,AZURE_BES1,Electrical Bus,-2.4
2023-01-02 07:00:19+00:00,REAL_TIME_SCED,AZURE_BES1,Electrical Bus,-4.99
2023-01-02 08:00:18+00:00,REAL_TIME_SCED,AZURE_BES1,Electrical Bus,-26.01
2023-01-02 09:00:18+00:00,REAL_TIME_SCED,AZURE_BES1,Electrical Bus,-30.93
2023-01-02 10:00:16+00:00,REAL_TIME_SCED,AZURE_BES1,Electrical Bus,-30.39
2023-01-02 11:00:17+00:00,REAL_TIME_SCED,AZURE_BES1,Electrical Bus,-10.01
2023-01-02 12:00:16+00:00,REAL_TIME_SCED,AZURE_BES1,Electrical Bus,-2.32
2023-01-02 13:00:18+00:00,REAL_TIME_SCED,AZURE_BES1,Electrical Bus,0.74
2023-01-02 14:00:17+00:00,REAL_TIME_SCED,AZURE_BES1,Electrical Bus,10.36
2023-01-02 15:00:18+00:00,REAL_TIME_SCED,AZURE_BES1,Electrical Bus,23.16
2023-01-02 16:00:17+00:00,REAL_TIME_SCED,AZURE_BES1,Electrical Bus,23.59
2023-01-02 17:00:18+00:00,REAL_TIME_SCED,AZURE_BES1,Electrical Bus,15.15
2023-01-02 18:00:17+00:00,REAL_TIME_SCED,AZURE_BES1,Electrical Bus,10.93
2023-01-02 19:00:18+00:00,REAL_TIME_SCED,AZURE_BES1,Electrical Bus,8.4
2023-01-02 20:00:17+00:00,REAL_TIME_SCED,AZURE_BES1,Electrical Bus,-0.02
2023-01-02 21:00:19+00:00,REAL_TIME_SCED,AZURE_BES1,Electrical Bus,7.79
2023-01-02 22:00:19+00:00,REAL_TIME_SCED,AZURE_BES1,Electrical Bus,5.6
2023-01-02 23:00:19+00:00,REAL_TIME_SCED,AZURE_BES1,Electrical Bus,8.69
2023-01-03 00:00:20+00:00,REAL_TIME_SCED,AZURE_BES1,Electrical Bus,47.69
2023-01-03 01:00:17+00:00,REAL_TIME_SCED,AZURE_BES1,Electrical Bus,36.14
2023-01-03 02:00:17+00:00,REAL_TIME_SCED,AZURE_BES1,Electrical Bus,36.28
2023-01-03 03:00:16+00:00,REAL_TIME_SCED,AZURE_BES1,Electrical Bus,29.91
2023-01-03 04:00:18+00:00,REAL_TIME_SCED,AZURE_BES1,Electrical Bus,18.55
2023-01-03 05:00:18+00:00,REAL_TIME_SCED,AZURE_BES1,Electrical Bus,12.46
2023-01-03 06:00:18+00:00,REAL_TIME_SCED,AZURE_BES1,Electrical Bus,2.76
2023-01-03 07:00:19+00:00,REAL_TIME_SCED,AZURE_BES1,Electrical Bus,2.06
2023-01-03 08:00:18+00:00,REAL_TIME_SCED,AZURE_BES1,Electrical Bus,-2.33
2023-01-03 09:00:18+00:00,REAL_TIME_SCED,AZURE_BES1,Electrical Bus,-1.5
2023-01-03 10:00:17+00:00,REAL_TIME_SCED,AZURE_BES1,Electrical Bus,0
2023-01-03 11:00:15+00:00,REAL_TIME_SCED,AZURE_BES1,Electrical Bus,2.7
2023-01-03 12:00:15+00:00,REAL_TIME_SCED,AZURE_BES1,Electrical Bus,10.37
2023-01-03 13:00:17+00:00,REAL_TIME_SCED,AZURE_BES1,Electrical Bus,22.01
2023-01-03 14:00:17+00:00,REAL_TIME_SCED,AZURE_BES1,Electrical Bus,15.73
2023-01-03 15:00:15+00:00,REAL_TIME_SCED,AZURE_BES1,Electrical Bus,76.25
2023-01-03 16:00:18+00:00,REAL_TIME_SCED,AZURE_BES1,Electrical Bus,19.14
2023-01-03 17:00:17+00:00,REAL_TIME_SCED,AZURE_BES1,Electrical Bus,15.34
2023-01-03 18:00:16+00:00,REAL_TIME_SCED,AZURE_BES1,Electrical Bus,47.34
2023-01-03 19:00:18+00:00,REAL_TIME_SCED,AZURE_BES1,Electrical Bus,32.3
2023-01-03 20:00:17+00:00,REAL_TIME_SCED,AZURE_BES1,Electrical Bus,19.8
2023-01-03 21:00:16+00:00,REAL_TIME_SCED,AZURE_BES1,Electrical Bus,24.81
2023-01-03 22:00:19+00:00,REAL_TIME_SCED,AZURE_BES1,Electrical Bus,11.08
2023-01-03 23:00:19+00:00,REAL_TIME_SCED,AZURE_BES1,Electrical Bus,31.27
2023-01-04 00:00:19+00:00,REAL_TIME_SCED,AZURE_BES1,Electrical Bus,36.18
2023-01-04 01:00:18+00:00,REAL_TIME_SCED,AZURE_BES1,Electrical Bus,29.91
2023-01-04 02:00:15+00:00,REAL_TIME_SCED,AZURE_BES1,Electrical Bus,21.68
2023-01-04 03:00:16+00:00,REAL_TIME_SCED,AZURE_BES1,Electrical Bus,15.44
2023-01-04 04:00:16+00:00,REAL_TIME_SCED,AZURE_BES1,Electrical Bus,19.11
2023-01-04 05:00:16+00:00,REAL_TIME_SCED,AZURE_BES1,Electrical Bus,17.19
2023-01-04 06:00:18+00:00,REAL_TIME_SCED,AZURE_BES1,Electrical Bus,20.68
2023-01-04 07:00:19+00:00,REAL_TIME_SCED,AZURE_BES1,Electrical Bus,18.76
2023-01-04 08:00:17+00:00,REAL_TIME_SCED,AZURE_BES1,Electrical Bus,16.65
2023-01-04 09:00:18+00:00,REAL_TIME_SCED,AZURE_BES1,Electrical Bus,17.37
2023-01-04 10:00:17+00:00,REAL_TIME_SCED,AZURE_BES1,Electrical Bus,17.64
2023-01-04 11:00:21+00:00,REAL_TIME_SCED,AZURE_BES1,Electrical Bus,21.5
2023-01-04 12:00:18+00:00,REAL_TIME_SCED,AZURE_BES1,Electrical Bus,32.64
2023-01-04 13:00:17+00:00,REAL_TIME_SCED,AZURE_BES1,Electrical Bus,40.8
2023-01-04 14:00:17+00:00,REAL_TIME_SCED,AZURE_BES1,Electrical Bus,26.65
2023-01-04 15:00:16+00:00,REAL_TIME_SCED,AZURE_BES1,Electrical Bus,19.45
2023-01-04 16:00:16+00:00,REAL_TIME_SCED,AZURE_BES1,Electrical Bus,17.51
2023-01-04 17:00:17+00:00,REAL_TIME_SCED,AZURE_BES1,Electrical Bus,14.77
2023-01-04 18:00:19+00:00,REAL_TIME_SCED,AZURE_BES1,Electrical Bus,16.59
2023-01-04 19:00:18+00:00,REAL_TIME_SCED,AZURE_BES1,Electrical Bus,13.2
2023-01-04 20:00:20+00:00,REAL_TIME_SCED,AZURE_BES1,Electrical Bus,0.58
2023-01-04 21:00:18+00:00,REAL_TIME_SCED,AZURE_BES1,Electrical Bus,1.05
2023-01-04 22:00:20+00:00,REAL_TIME_SCED,AZURE_BES1,Electrical Bus,3.93
2023-01-04 23:00:20+00:00,REAL_TIME_SCED,AZURE_BES1,Electrical Bus,19.1
2023-01-05 00:00:18+00:00,REAL_TIME_SCED,AZURE_BES1,Electrical Bus,41.94
2023-01-05 01:00:15+00:00,REAL_TIME_SCED,AZURE_BES1,Electrical Bus,27.93
2023-01-05 02:00:17+00:00,REAL_TIME_SCED,AZURE_BES1,Electrical Bus,23.7
2023-01-05 03:00:17+00:00,REAL_TIME_SCED,AZURE_BES1,Electrical Bus,23.79
2023-01-05 04:00:14+00:00,REAL_TIME_SCED,AZURE_BES1,Electrical Bus,23.8
2023-01-05 05:00:18+00:00,REAL_TIME_SCED,AZURE_BES1,Electrical Bus,20.61
2023-01-05 06:00:37+00:00,REAL_TIME_SCED,AZURE_BES1,Electrical Bus,21.58
2023-01-05 07:00:19+00:00,REAL_TIME_SCED,AZURE_BES1,Electrical Bus,25.02
2023-01-05 08:00:17+00:00,REAL_TIME_SCED,AZURE_BES1,Electrical Bus,28.72
2023-01-05 09:00:16+00:00,REAL_TIME_SCED,AZURE_BES1,Electrical Bus,28.26
2023-01-05 10:00:19+00:00,REAL_TIME_SCED,AZURE_BES1,Electrical Bus,27.25
2023-01-05 11:00:17+00:00,REAL_TIME_SCED,AZURE_BES1,Electrical Bus,26.97
2023-01-05 12:00:16+00:00,REAL_TIME_SCED,AZURE_BES1,Electrical Bus,30.8
2023-01-05 13:00:18+00:00,REAL_TIME_SCED,AZURE_BES1,Electrical Bus,56.34
2023-01-05 14:00:19+00:00,REAL_TIME_SCED,AZURE_BES1,Electrical Bus,44.52
2023-01-05 15:00:15+00:00,REAL_TIME_SCED,AZURE_BES1,Electrical Bus,25.72
2023-01-05 16:00:18+00:00,REAL_TIME_SCED,AZURE_BES1,Electrical Bus,32.41
2023-01-05 17:00:14+00:00,REAL_TIME_SCED,AZURE_BES1,Electrical Bus,29.61
2023-01-05 18:00:17+00:00,REAL_TIME_SCED,AZURE_BES1,Electrical Bus,25.66
2023-01-05 19:00:15+00:00,REAL_TIME_SCED,AZURE_BES1,Electrical Bus,26.53
2023-01-05 20:00:17+00:00,REAL_TIME_SCED,AZURE_BES1,Electrical Bus,24.24
2023-01-05 21:00:18+00:00,REAL_TIME_SCED,AZURE_BES1,Electrical Bus,22.13
2023-01-05 22:00:15+00:00,REAL_TIME_SCED,AZURE_BES1,Electrical Bus,23.01
2023-01-05 23:00:13+00:00,REAL_TIME_SCED,AZURE_BES1,Electrical Bus,39.09
2023-01-06 00:00:17+00:00,REAL_TIME_SCED,AZURE_BES1,Electrical Bus,45.52
2023-01-06 01:00:17+00:00,REAL_TIME_SCED,AZURE_BES1,Electrical Bus,26.91
2023-01-06 02:00:15+00:00,REAL_TIME_SCED,AZURE_BES1,Electrical Bus,30.65
2023-01-06 03:00:16+00:00,REAL_TIME_SCED,AZURE_BES1,Electrical Bus,19.35
2023-01-06 04:00:18+00:00,REAL_TIME_SCED,AZURE_BES1,Electrical Bus,16.46
2023-01-06 05:00:16+00:00,REAL_TIME_SCED,AZURE_BES1,Electrical Bus,11.71
2023-01-06 06:00:19+00:00,REAL_TIME_SCED,AZURE_BES1,Electrical Bus,4.07
2023-01-06 07:00:19+00:00,REAL_TIME_SCED,AZURE_BES1,Electrical Bus,0.06
2023-01-06 08:00:18+00:00,REAL_TIME_SCED,AZURE_BES1,Electrical Bus,0.01
2023-01-06 09:00:17+00:00,REAL_TIME_SCED,AZURE_BES1,Electrical Bus,0.21
2023-01-06 10:00:20+00:00,REAL_TIME_SCED,AZURE_BES1,Electrical Bus,4.37
2023-01-06 11:00:17+00:00,REAL_TIME_SCED,AZURE_BES1,Electrical Bus,7.89
2023-01-06 12:00:16+00:00,REAL_TIME_SCED,AZURE_BES1,Electrical Bus,23.89
2023-01-06 13:00:19+00:00,REAL_TIME_SCED,AZURE_BES1,Electrical Bus,32.4
2023-01-06 14:00:17+00:00,REAL_TIME_SCED,AZURE_BES1,Electrical Bus,19.04
2023-01-06 15:00:19+00:00,REAL_TIME_SCED,AZURE_BES1,Electrical Bus,-0.15
2023-01-06 16:00:16+00:00,REAL_TIME_SCED,AZURE_BES1,Electrical Bus,11.06
2023-01-06 17:00:19+00:00,REAL_TIME_SCED,AZURE_BES1,Electrical Bus,10.57
2023-01-06 18:00:17+00:00,REAL_TIME_SCED,AZURE_BES1,Electrical Bus,4.57
2023-01-06 19:00:20+00:00,REAL_TIME_SCED,AZURE_BES1,Electrical Bus,0.11
2023-01-06 20:00:19+00:00,REAL_TIME_SCED,AZURE_BES1,Electrical Bus,0.09
2023-01-06 21:00:18+00:00,REAL_TIME_SCED,AZURE_BES1,Electrical Bus,0.15
2023-01-06 22:00:18+00:00,REAL_TIME_SCED,AZURE_BES1,Electrical Bus,2.39
2023-01-06 23:00:20+00:00,REAL_TIME_SCED,AZURE_BES1,Electrical Bus,22.85
2023-01-07 00:00:19+00:00,REAL_TIME_SCED,AZURE_BES1,Electrical Bus,31.27
2023-01-07 01:00:19+00:00,REAL_TIME_SCED,AZURE_BES1,Electrical Bus,31.21
2023-01-07 02:00:18+00:00,REAL_TIME_SCED,AZURE_BES1,Electrical Bus,16.52
2023-01-07 03:00:19+00:00,REAL_TIME_SCED,AZURE_BES1,Electrical Bus,15.31
2023-01-07 04:00:20+00:00,REAL_TIME_SCED,AZURE_BES1,Electrical Bus,11.22
2023-01-07 05:00:19+00:00,REAL_TIME_SCED,AZURE_BES1,Electrical Bus,17.81
2023-01-07 06:00:19+00:00,REAL_TIME_SCED,AZURE_BES1,Electrical Bus,13.25
2023-01-07 07:00:20+00:00,REAL_TIME_SCED,AZURE_BES1,Electrical Bus,9
2023-01-07 08:00:18+00:00,REAL_TIME_SCED,AZURE_BES1,Electrical Bus,3.92
2023-01-07 09:00:18+00:00,REAL_TIME_SCED,AZURE_BES1,Electrical Bus,15.61
2023-01-07 10:00:18+00:00,REAL_TIME_SCED,AZURE_BES1,Electrical Bus,15.12
2023-01-07 11:00:19+00:00,REAL_TIME_SCED,AZURE_BES1,Electrical Bus,18.07
2023-01-07 12:00:17+00:00,REAL_TIME_SCED,AZURE_BES1,Electrical Bus,14.72
2023-01-07 13:00:17+00:00,REAL_TIME_SCED,AZURE_BES1,Electrical Bus,9.19
2023-01-07 14:00:16+00:00,REAL_TIME_SCED,AZURE_BES1,Electrical Bus,12.55
2023-01-07 15:00:15+00:00,REAL_TIME_SCED,AZURE_BES1,Electrical Bus,14.3
2023-01-07 16:00:15+00:00,REAL_TIME_SCED,AZURE_BES1,Electrical Bus,15.34
2023-01-07 17:00:16+00:00,REAL_TIME_SCED,AZURE_BES1,Electrical Bus,14.84
2023-01-07 18:00:17+00:00,REAL_TIME_SCED,AZURE_BES1,Electrical Bus,17.73
2023-01-07 19:00:18+00:00,REAL_TIME_SCED,AZURE_BES1,Electrical Bus,18.83
2023-01-07 20:00:17+00:00,REAL_TIME_SCED,AZURE_BES1,Electrical Bus,18.55
2023-01-07 21:00:20+00:00,REAL_TIME_SCED,AZURE_BES1,Electrical Bus,19.86
2023-01-07 22:00:17+00:00,REAL_TIME_SCED,AZURE_BES1,Electrical Bus,20.83
2023-01-07 23:00:18+00:00,REAL_TIME_SCED,AZURE_BES1,Electrical Bus,34.95
2023-01-08 00:00:17+00:00,REAL_TIME_SCED,AZURE_BES1,Electrical Bus,28.75
2023-01-08 01:00:16+00:00,REAL_TIME_SCED,AZURE_BES1,Electrical Bus,26.15
2023-01-08 02:00:16+00:00,REAL_TIME_SCED,AZURE_BES1,Electrical Bus,29.32
2023-01-08 03:00:18+00:00,REAL_TIME_SCED,AZURE_BES1,Electrical Bus,29.42
2023-01-08 04:00:15+00:00,REAL_TIME_SCED,AZURE_BES1,Electrical Bus,23.13
2023-01-08 05:00:16+00:00,REAL_TIME_SCED,AZURE_BES1,Electrical Bus,23.04
2023-01-08 06:00:17+00:00,REAL_TIME_SCED,AZURE_BES1,Electrical Bus,19.2
2023-01-08 07:00:19+00:00,REAL_TIME_SCED,AZURE_BES1,Electrical Bus,18.29
2023-01-08 08:00:17+00:00,REAL_TIME_SCED,AZURE_BES1,Electrical Bus,18.03
2023-01-08 09:00:16+00:00,REAL_TIME_SCED,AZURE_BES1,Electrical Bus,15.82
2023-01-08 10:00:18+00:00,REAL_TIME_SCED,AZURE_BES1,Electrical Bus,16.18
2023-01-08 11:00:16+00:00,REAL_TIME_SCED,AZURE_BES1,Electrical Bus,16.45
2023-01-08 12:00:17+00:00,REAL_TIME_SCED,AZURE_BES1,Electrical Bus,18.67
2023-01-08 13:00:19+00:00,REAL_TIME_SCED,AZURE_BES1,Electrical Bus,19.28
2023-01-08 14:00:17+00:00,REAL_TIME_SCED,AZURE_BES1,Electrical Bus,25.71
2023-01-08 15:00:18+00:00,REAL_TIME_SCED,AZURE_BES1,Electrical Bus,13.86
2023-01-08 16:00:16+00:00,REAL_TIME_SCED,AZURE_BES1,Electrical Bus,15.41
2023-01-08 17:00:16+00:00,REAL_TIME_SCED,AZURE_BES1,Electrical Bus,16.33
2023-01-08 18:00:18+00:00,REAL_TIME_SCED,AZURE_BES1,Electrical Bus,16.05
2023-01-08 19:00:18+00:00,REAL_TIME_SCED,AZURE_BES1,Electrical Bus,13.16
2023-01-08 20:00:15+00:00,REAL_TIME_SCED,AZURE_BES1,Electrical Bus,14.75
2023-01-08 21:00:15+00:00,REAL_TIME_SCED,AZURE_BES1,Electrical Bus,13.67
2023-01-08 22:00:17+00:00,REAL_TIME_SCED,AZURE_BES1,Electrical Bus,10.83
2023-01-08 23:00:16+00:00,REAL_TIME_SCED,AZURE_BES1,Electrical Bus,22.97
2023-01-09 00:00:15+00:00,REAL_TIME_SCED,AZURE_BES1,Electrical Bus,23.52
2023-01-09 01:00:15+00:00,REAL_TIME_SCED,AZURE_BES1,Electrical Bus,12.23
2023-01-09 02:00:16+00:00,REAL_TIME_SCED,AZURE_BES1,Electrical Bus,16.18
2023-01-09 03:00:15+00:00,REAL_TIME_SCED,AZURE_BES1,Electrical Bus,13.56
2023-01-09 04:00:16+00:00,REAL_TIME_SCED,AZURE_BES1,Electrical Bus,2.36
2023-01-09 05:00:17+00:00,REAL_TIME_SCED,AZURE_BES1,Electrical Bus,-0.72
2023-01-09 06:00:19+00:00,REAL_TIME_SCED,AZURE_BES1,Electrical Bus,-0.71
2023-01-09 07:00:20+00:00,REAL_TIME_SCED,AZURE_BES1,Electrical Bus,-0.01
2023-01-09 08:00:17+00:00,REAL_TIME_SCED,AZURE_BES1,Electrical Bus,0
2023-01-09 09:00:17+00:00,REAL_TIME_SCED,AZURE_BES1,Electrical Bus,2.36
2023-01-09 10:00:19+00:00,REAL_TIME_SCED,AZURE_BES1,Electrical Bus,12.49
2023-01-09 11:00:19+00:00,REAL_TIME_SCED,AZURE_BES1,Electrical Bus,11.69
2023-01-09 12:00:15+00:00,REAL_TIME_SCED,AZURE_BES1,Electrical Bus,17.46
2023-01-09 13:00:21+00:00,REAL_TIME_SCED,AZURE_BES1,Electrical Bus,20.97
2023-01-09 14:00:17+00:00,REAL_TIME_SCED,AZURE_BES1,Electrical Bus,12.38
2023-01-09 15:00:17+00:00,REAL_TIME_SCED,AZURE_BES1,Electrical Bus,6.79
2023-01-09 16:00:18+00:00,REAL_TIME_SCED,AZURE_BES1,Electrical Bus,10.69
2023-01-09 17:00:19+00:00,REAL_TIME_SCED,AZURE_BES1,Electrical Bus,13.21
2023-01-09 18:00:17+00:00,REAL_TIME_SCED,AZURE_BES1,Electrical Bus,14.08
2023-01-09 19:00:16+00:00,REAL_TIME_SCED,AZURE_BES1,Electrical Bus,13.58
2023-01-09 20:00:17+00:00,REAL_TIME_SCED,AZURE_BES1,Electrical Bus,14.53
2023-01-09 21:00:17+00:00,REAL_TIME_SCED,AZURE_BES1,Electrical Bus,14.9
2023-01-09 22:00:16+00:00,REAL_TIME_SCED,AZURE_BES1,Electrical Bus,14.8
2023-01-09 23:00:18+00:00,REAL_TIME_SCED,AZURE_BES1,Electrical Bus,24.33
2023-01-10 00:00:18+00:00,REAL_TIME_SCED,AZURE_BES1,Electrical Bus,33.93
2023-01-10 01:00:17+00:00,REAL_TIME_SCED,AZURE_BES1,Electrical Bus,26.83
2023-01-10 02:00:16+00:00,REAL_TIME_SCED,AZURE_BES1,Electrical Bus,27.17
2023-01-10 03:00:17+00:00,REAL_TIME_SCED,AZURE_BES1,Electrical Bus,21.97
2023-01-10 04:00:17+00:00,REAL_TIME_SCED,AZURE_BES1,Electrical Bus,11.49
2023-01-10 05:00:17+00:00,REAL_TIME_SCED,AZURE_BES1,Electrical Bus,16.9
2023-01-10 06:00:19+00:00,REAL_TIME_SCED,AZURE_BES1,Electrical Bus,16.49
2023-01-10 07:00:18+00:00,REAL_TIME_SCED,AZURE_BES1,Electrical Bus,12.83
2023-01-10 08:00:17+00:00,REAL_TIME_SCED,AZURE_BES1,Electrical Bus,4.71
2023-01-10 09:00:17+00:00,REAL_TIME_SCED,AZURE_BES1,Electrical Bus,5.15
2023-01-10 10:00:20+00:00,REAL_TIME_SCED,AZURE_BES1,Electrical Bus,3.51
2023-01-10 11:00:17+00:00,REAL_TIME_SCED,AZURE_BES1,Electrical Bus,11.75
2023-01-10 12:00:19+00:00,REAL_TIME_SCED,AZURE_BES1,Electrical Bus,16.74
2023-01-10 13:00:18+00:00,REAL_TIME_SCED,AZURE_BES1,Electrical Bus,21.22
2023-01-10 14:00:19+00:00,REAL_TIME_SCED,AZURE_BES1,Electrical Bus,18.05
2023-01-10 15:00:17+00:00,REAL_TIME_SCED,AZURE_BES1,Electrical Bus,-0.2
2023-01-10 16:00:19+00:00,REAL_TIME_SCED,AZURE_BES1,Electrical Bus,0.75
2023-01-10 17:00:18+00:00,REAL_TIME_SCED,AZURE_BES1,Electrical Bus,1.41
2023-01-10 18:00:18+00:00,REAL_TIME_SCED,AZURE_BES1,Electrical Bus,2.58
2023-01-10 19:00:19+00:00,REAL_TIME_SCED,AZURE_BES1,Electrical Bus,1.91
2023-01-10 20:00:18+00:00,REAL_TIME_SCED,AZURE_BES1,Electrical Bus,1.27
2023-01-10 21:00:17+00:00,REAL_TIME_SCED,AZURE_BES1,Electrical Bus,0.79
2023-01-10 22:00:19+00:00,REAL_TIME_SCED,AZURE_BES1,Electrical Bus,2.52
2023-01-10 23:00:19+00:00,REAL_TIME_SCED,AZURE_BES1,Electrical Bus,26.71
2023-01-11 00:00:18+00:00,REAL_TIME_SCED,AZURE_BES1,Electrical Bus,28.25
2023-01-11 01:00:17+00:00,REAL_TIME_SCED,AZURE_BES1,Electrical Bus,18.5
2023-01-11 02:00:19+00:00,REAL_TIME_SCED,AZURE_BES1,Electrical Bus,6.39
2023-01-11 03:00:18+00:00,REAL_TIME_SCED,AZURE_BES1,Electrical Bus,6.63
2023-01-11 04:00:20+00:00,REAL_TIME_SCED,AZURE_BES1,Electrical Bus,13.29
2023-01-11 05:00:20+00:00,REAL_TIME_SCED,AZURE_BES1,Electrical Bus,13.76
2023-01-11 06:00:37+00:00,REAL_TIME_SCED,AZURE_BES1,Electrical Bus,-0.54
2023-01-11 07:00:21+00:00,REAL_TIME_SCED,AZURE_BES1,Electrical Bus,2.28
2023-01-11 08:00:19+00:00,REAL_TIME_SCED,AZURE_BES1,Electrical Bus,9.28
2023-01-11 09:00:18+00:00,REAL_TIME_SCED,AZURE_BES1,Electrical Bus,14.6
2023-01-11 10:00:19+00:00,REAL_TIME_SCED,AZURE_BES1,Electrical Bus,12.83
2023-01-11 11:00:20+00:00,REAL_TIME_SCED,AZURE_BES1,Electrical Bus,15.76
2023-01-11 12:00:17+00:00,REAL_TIME_SCED,AZURE_BES1,Electrical Bus,42.93
2023-01-11 13:00:20+00:00,REAL_TIME_SCED,AZURE_BES1,Electrical Bus,28.29
2023-01-11 14:00:18+00:00,REAL_TIME_SCED,AZURE_BES1,Electrical Bus,17.32
2023-01-11 15:00:17+00:00,REAL_TIME_SCED,AZURE_BES1,Electrical Bus,1.97
2023-01-11 16:00:17+00:00,REAL_TIME_SCED,AZURE_BES1,Electrical Bus,15.86
2023-01-11 17:00:19+00:00,REAL_TIME_SCED,AZURE_BES1,Electrical Bus,12.72
2023-01-11 18:00:18+00:00,REAL_TIME_SCED,AZURE_BES1,Electrical Bus,3.17
2023-01-11 19:00:20+00:00,REAL_TIME_SCED,AZURE_BES1,Electrical Bus,-0.3
2023-01-11 20:00:21+00:00,REAL_TIME_SCED,AZURE_BES1,Electrical Bus,-0.37
2023-01-11 21:00:17+00:00,REAL_TIME_SCED,AZURE_BES1,Electrical Bus,0.18
2023-01-11 22:00:19+00:00,REAL_TIME_SCED,AZURE_BES1,Electrical Bus,-0.4
2023-01-11 23:00:20+00:00,REAL_TIME_SCED,AZURE_BES1,Electrical Bus,-1.82
2023-01-12 00:00:22+00:00,REAL_TIME_SCED,AZURE_BES1,Electrical Bus,-0.75
2023-01-12 01:00:19+00:00,REAL_TIME_SCED,AZURE_BES1,Electrical Bus,-1.08
2023-01-12 02:00:21+00:00,REAL_TIME_SCED,AZURE_BES1,Electrical Bus,-0.49
2023-01-12 03:00:20+00:00,REAL_TIME_SCED,AZURE_BES1,Electrical Bus,-1.13
2023-01-12 04:00:19+00:00,REAL_TIME_SCED,AZURE_BES1,Electrical Bus,-3.09
2023-01-12 05:00:19+00:00,REAL_TIME_SCED,AZURE_BES1,Electrical Bus,-3.05
2023-01-12 06:00:21+00:00,REAL_TIME_SCED,AZURE_BES1,Electrical Bus,-3.39
2023-01-12 07:00:23+00:00,REAL_TIME_SCED,AZURE_BES1,Electrical Bus,-6
2023-01-12 08:00:20+00:00,REAL_TIME_SCED,AZURE_BES1,Electrical Bus,-3.98
2023-01-12 09:00:18+00:00,REAL_TIME_SCED,AZURE_BES1,Electrical Bus,-2.6
2023-01-12 10:00:22+00:00,REAL_TIME_SCED,AZURE_BES1,Electrical Bus,-3.28
2023-01-12 11:00:19+00:00,REAL_TIME_SCED,AZURE_BES1,Electrical Bus,-2.84
2023-01-12 12:00:20+00:00,REAL_TIME_SCED,AZURE_BES1,Electrical Bus,-0.38
2023-01-12 13:00:22+00:00,REAL_TIME_SCED,AZURE_BES1,Electrical Bus,0.06
2023-01-12 14:00:18+00:00,REAL_TIME_SCED,AZURE_BES1,Electrical Bus,-0.44
2023-01-12 15:00:18+00:00,REAL_TIME_SCED,AZURE_BES1,Electrical Bus,-0.43
2023-01-12 16:00:19+00:00,REAL_TIME_SCED,AZURE_BES1,Electrical Bus,-3.04
2023-01-12 17:00:17+00:00,REAL_TIME_SCED,AZURE_BES1,Electrical Bus,-2.74
2023-01-12 18:00:18+00:00,REAL_TIME_SCED,AZURE_BES1,Electrical Bus,-0.22
2023-01-12 19:00:22+00:00,REAL_TIME_SCED,AZURE_BES1,Electrical Bus,-0.05
2023-01-12 20:00:19+00:00,REAL_TIME_SCED,AZURE_BES1,Electrical Bus,-0.06
2023-01-12 21:00:16+00:00,REAL_TIME_SCED,AZURE_BES1,Electrical Bus,-0.02
2023-01-12 22:00:19+00:00,REAL_TIME_SCED,AZURE_BES1,Electrical Bus,-0.55
2023-01-12 23:00:17+00:00,REAL_TIME_SCED,AZURE_BES1,Electrical Bus,12.84
2023-01-13 00:00:18+00:00,REAL_TIME_SCED,AZURE_BES1,Electrical Bus,30.57
2023-01-13 01:00:18+00:00,REAL_TIME_SCED,AZURE_BES1,Electrical Bus,38.45
2023-01-13 02:00:17+00:00,REAL_TIME_SCED,AZURE_BES1,Electrical Bus,44.94
2023-01-13 03:00:18+00:00,REAL_TIME_SCED,AZURE_BES1,Electrical Bus,47.98
2023-01-13 04:00:20+00:00,REAL_TIME_SCED,AZURE_BES1,Electrical Bus,31.6
2023-01-13 05:00:20+00:00,REAL_TIME_SCED,AZURE_BES1,Electrical Bus,34.23
2023-01-13 06:00:21+00:00,REAL_TIME_SCED,AZURE_BES1,Electrical Bus,30.6
2023-01-13 07:00:22+00:00,REAL_TIME_SCED,AZURE_BES1,Electrical Bus,28.32
2023-01-13 08:00:18+00:00,REAL_TIME_SCED,AZURE_BES1,Electrical Bus,31.12
2023-01-13 09:00:18+00:00,REAL_TIME_SCED,AZURE_BES1,Electrical Bus,31.08
2023-01-13 10:00:22+00:00,REAL_TIME_SCED,AZURE_BES1,Electrical Bus,29.88
2023-01-13 11:00:20+00:00,REAL_TIME_SCED,AZURE_BES1,Electrical Bus,29.97
2023-01-13 12:00:19+00:00,REAL_TIME_SCED,AZURE_BES1,Electrical Bus,32.68
2023-01-13 13:00:18+00:00,REAL_TIME_SCED,AZURE_BES1,Electrical Bus,42.03
2023-01-13 14:00:16+00:00,REAL_TIME_SCED,AZURE_BES1,Electrical Bus,34.58
2023-01-13 15:00:17+00:00,REAL_TIME_SCED,AZURE_BES1,Electrical Bus,25.84
2023-01-13 16:00:13+00:00,REAL_TIME_SCED,AZURE_BES1,Electrical Bus,23.88
2023-01-13 17:00:16+00:00,REAL_TIME_SCED,AZURE_BES1,Electrical Bus,23.86
2023-01-13 18:00:15+00:00,REAL_TIME_SCED,AZURE_BES1,Electrical Bus,20.85
2023-01-13 19:00:13+00:00,REAL_TIME_SCED,AZURE_BES1,Electrical Bus,21.29
2023-01-13 20:00:12+00:00,REAL_TIME_SCED,AZURE_BES1,Electrical Bus,20.43
2023-01-13 21:00:12+00:00,REAL_TIME_SCED,AZURE_BES1,Electrical Bus,19.26
2023-01-13 22:00:13+00:00,REAL_TIME_SCED,AZURE_BES1,Electrical Bus,19.31
2023-01-13 23:00:12+00:00,REAL_TIME_SCED,AZURE_BES1,Electrical Bus,27.94
2023-01-14 00:00:13+00:00,REAL_TIME_SCED,AZURE_BES1,Electrical Bus,30.38
2023-01-14 01:00:16+00:00,REAL_TIME_SCED,AZURE_BES1,Electrical Bus,26.17
2023-01-14 02:00:16+00:00,REAL_TIME_SCED,AZURE_BES1,Electrical Bus,21.72
2023-01-14 03:00:16+00:00,REAL_TIME_SCED,AZURE_BES1,Electrical Bus,16.64
2023-01-14 04:00:18+00:00,REAL_TIME_SCED,AZURE_BES1,Electrical Bus,8.59
2023-01-14 05:00:19+00:00,REAL_TIME_SCED,AZURE_BES1,Electrical Bus,4.14
2023-01-14 06:00:20+00:00,REAL_TIME_SCED,AZURE_BES1,Electrical Bus,0.89
2023-01-14 07:00:21+00:00,REAL_TIME_SCED,AZURE_BES1,Electrical Bus,-1.46
2023-01-14 08:00:17+00:00,REAL_TIME_SCED,AZURE_BES1,Electrical Bus,-2.84
2023-01-14 09:00:18+00:00,REAL_TIME_SCED,AZURE_BES1,Electrical Bus,-0.51
2023-01-14 10:00:20+00:00,REAL_TIME_SCED,AZURE_BES1,Electrical Bus,2.76
2023-01-14 11:00:20+00:00,REAL_TIME_SCED,AZURE_BES1,Electrical Bus,1.61
2023-01-14 12:00:19+00:00,REAL_TIME_SCED,AZURE_BES1,Electrical Bus,2.6
2023-01-14 13:00:21+00:00,REAL_TIME_SCED,AZURE_BES1,Electrical Bus,5.45
2023-01-14 14:00:19+00:00,REAL_TIME_SCED,AZURE_BES1,Electrical Bus,-0.63
2023-01-14 15:00:18+00:00,REAL_TIME_SCED,AZURE_BES1,Electrical Bus,-3.32
2023-01-14 16:00:19+00:00,REAL_TIME_SCED,AZURE_BES1,Electrical Bus,-0.74
2023-01-14 17:00:18+00:00,REAL_TIME_SCED,AZURE_BES1,Electrical Bus,-3.07
2023-01-14 18:00:19+00:00,REAL_TIME_SCED,AZURE_BES1,Electrical Bus,-3.18
2023-01-14 19:00:20+00:00,REAL_TIME_SCED,AZURE_BES1,Electrical Bus,-2.24
2023-01-14 20:00:22+00:00,REAL_TIME_SCED,AZURE_BES1,Electrical Bus,-3.44
2023-01-14 21:00:20+00:00,REAL_TIME_SCED,AZURE_BES1,Electrical Bus,-3.32
2023-01-14 22:00:19+00:00,REAL_TIME_SCED,AZURE_BES1,Electrical Bus,-4.19
2023-01-14 23:00:18+00:00,REAL_TIME_SCED,AZURE_BES1,Electrical Bus,-2.57
2023-01-15 00:00:20+00:00,REAL_TIME_SCED,AZURE_BES1,Electrical Bus,-1.38
2023-01-15 01:00:19+00:00,REAL_TIME_SCED,AZURE_BES1,Electrical Bus,-2.16
2023-01-15 02:00:18+00:00,REAL_TIME_SCED,AZURE_BES1,Electrical Bus,-2.99
2023-01-15 03:00:19+00:00,REAL_TIME_SCED,AZURE_BES1,Electrical Bus,-2.9
2023-01-15 04:00:18+00:00,REAL_TIME_SCED,AZURE_BES1,Electrical Bus,-4.32
2023-01-15 05:00:19+00:00,REAL_TIME_SCED,AZURE_BES1,Electrical Bus,-4.02
2023-01-15 06:00:22+00:00,REAL_TIME_SCED,AZURE_BES1,Electrical Bus,-3.65
2023-01-15 07:00:25+00:00,REAL_TIME_SCED,AZURE_BES1,Electrical Bus,-3.47
2023-01-15 08:00:22+00:00,REAL_TIME_SCED,AZURE_BES1,Electrical Bus,-3.55
2023-01-15 09:00:21+00:00,REAL_TIME_SCED,AZURE_BES1,Electrical Bus,-3.42
2023-01-15 10:00:22+00:00,REAL_TIME_SCED,AZURE_BES1,Electrical Bus,-3.06
2023-01-15 11:00:21+00:00,REAL_TIME_SCED,AZURE_BES1,Electrical Bus,-1.69
2023-01-15 12:00:21+00:00,REAL_TIME_SCED,AZURE_BES1,Electrical Bus,-0.61
2023-01-15 13:00:23+00:00,REAL_TIME_SCED,AZURE_BES1,Electrical Bus,-0.05
2023-01-15 14:00:20+00:00,REAL_TIME_SCED,AZURE_BES1,Electrical Bus,-0.23
2023-01-15 15:00:19+00:00,REAL_TIME_SCED,AZURE_BES1,Electrical Bus,0.08
2023-01-15 16:00:20+00:00,REAL_TIME_SCED,AZURE_BES1,Electrical Bus,-0.08
2023-01-15 17:00:19+00:00,REAL_TIME_SCED,AZURE_BES1,Electrical Bus,-0.08
2023-01-15 18:00:18+00:00,REAL_TIME_SCED,AZURE_BES1,Electrical Bus,-0.58
2023-01-15 19:00:22+00:00,REAL_TIME_SCED,AZURE_BES1,Electrical Bus,-2.02
2023-01-15 20:00:22+00:00,REAL_TIME_SCED,AZURE_BES1,Electrical Bus,-1.68
2023-01-15 21:00:20+00:00,REAL_TIME_SCED,AZURE_BES1,Electrical Bus,-1.64
2023-01-15 22:00:24+00:00,REAL_TIME_SCED,AZURE_BES1,Electrical Bus,-1.18
2023-01-15 23:00:21+00:00,REAL_TIME_SCED,AZURE_BES1,Electrical Bus,8.51
2023-01-16 00:00:22+00:00,REAL_TIME_SCED,AZURE_BES1,Electrical Bus,19.37
2023-01-16 01:00:21+00:00,REAL_TIME_SCED,AZURE_BES1,Electrical Bus,0.07
2023-01-16 02:00:21+00:00,REAL_TIME_SCED,AZURE_BES1,Electrical Bus,-1.35
2023-01-16 03:00:20+00:00,REAL_TIME_SCED,AZURE_BES1,Electrical Bus,-1.41
2023-01-16 04:00:20+00:00,REAL_TIME_SCED,AZURE_BES1,Electrical Bus,0.6
2023-01-16 05:00:21+00:00,REAL_TIME_SCED,AZURE_BES1,Electrical Bus,-2.03
2023-01-16 06:00:20+00:00,REAL_TIME_SCED,AZURE_BES1,Electrical Bus,-2.8
2023-01-16 07:00:25+00:00,REAL_TIME_SCED,AZURE_BES1,Electrical Bus,0.48
2023-01-16 08:00:19+00:00,REAL_TIME_SCED,AZURE_BES1,Electrical Bus,3.13
2023-01-16 09:00:19+00:00,REAL_TIME_SCED,AZURE_BES1,Electrical Bus,12.94
2023-01-16 10:00:20+00:00,REAL_TIME_SCED,AZURE_BES1,Electrical Bus,19.98
2023-01-16 11:00:21+00:00,REAL_TIME_SCED,AZURE_BES1,Electrical Bus,62.61
2023-01-16 12:00:18+00:00,REAL_TIME_SCED,AZURE_BES1,Electrical Bus,27.98
2023-01-16 13:00:18+00:00,REAL_TIME_SCED,AZURE_BES1,Electrical Bus,31.04
2023-01-16 14:00:16+00:00,REAL_TIME_SCED,AZURE_BES1,Electrical Bus,56.95
2023-01-16 15:00:16+00:00,REAL_TIME_SCED,AZURE_BES1,Electrical Bus,78.5
2023-01-16 16:00:16+00:00,REAL_TIME_SCED,AZURE_BES1,Electrical Bus,75.02
2023-01-16 17:00:14+00:00,REAL_TIME_SCED,AZURE_BES1,Electrical Bus,30.79
2023-01-16 18:00:19+00:00,REAL_TIME_SCED,AZURE_BES1,Electrical Bus,11.22
2023-01-16 19:00:17+00:00,REAL_TIME_SCED,AZURE_BES1,Electrical Bus,7.81
2023-01-16 20:00:18+00:00,REAL_TIME_SCED,AZURE_BES1,Electrical Bus,1.64
2023-01-16 21:00:18+00:00,REAL_TIME_SCED,AZURE_BES1,Electrical Bus,1.92
2023-01-16 22:00:18+00:00,REAL_TIME_SCED,AZURE_BES1,Electrical Bus,1.62
2023-01-16 23:00:19+00:00,REAL_TIME_SCED,AZURE_BES1,Electrical Bus,6.12
2023-01-17 00:00:20+00:00,REAL_TIME_SCED,AZURE_BES1,Electrical Bus,30
2023-01-17 01:00:21+00:00,REAL_TIME_SCED,AZURE_BES1,Electrical Bus,26.82
2023-01-17 02:00:19+00:00,REAL_TIME_SCED,AZURE_BES1,Electrical Bus,26.07
2023-01-17 03:00:20+00:00,REAL_TIME_SCED,AZURE_BES1,Electrical Bus,21.63
2023-01-17 04:00:18+00:00,REAL_TIME_SCED,AZURE_BES1,Electrical Bus,25.65
2023-01-17 05:00:18+00:00,REAL_TIME_SCED,AZURE_BES1,Electrical Bus,8.19
2023-01-17 06:00:19+00:00,REAL_TIME_SCED,AZURE_BES1,Electrical Bus,4.97
2023-01-17 07:00:20+00:00,REAL_TIME_SCED,AZURE_BES1,Electrical Bus,14.45
2023-01-17 08:00:17+00:00,REAL_TIME_SCED,AZURE_BES1,Electrical Bus,16.08
2023-01-17 09:00:18+00:00,REAL_TIME_SCED,AZURE_BES1,Electrical Bus,20.62
2023-01-17 10:00:14+00:00,REAL_TIME_SCED,AZURE_BES1,Electrical Bus,26.85
2023-01-17 11:00:16+00:00,REAL_TIME_SCED,AZURE_BES1,Electrical Bus,22.32
2023-01-17 12:00:15+00:00,REAL_TIME_SCED,AZURE_BES1,Electrical Bus,21.57
2023-01-17 13:00:16+00:00,REAL_TIME_SCED,AZURE_BES1,Electrical Bus,32.64
2023-01-17 14:00:16+00:00,REAL_TIME_SCED,AZURE_BES1,Electrical Bus,75
2023-01-17 15:00:17+00:00,REAL_TIME_SCED,AZURE_BES1,Electrical Bus,49.16
2023-01-17 16:00:14+00:00,REAL_TIME_SCED,AZURE_BES1,Electrical Bus,60
2023-01-17 17:00:17+00:00,REAL_TIME_SCED,AZURE_BES1,Electrical Bus,37.12
2023-01-17 18:00:17+00:00,REAL_TIME_SCED,AZURE_BES1,Electrical Bus,32.17
2023-01-17 19:00:15+00:00,REAL_TIME_SCED,AZURE_BES1,Electrical Bus,26.51
2023-01-17 20:00:16+00:00,REAL_TIME_SCED,AZURE_BES1,Electrical Bus,28.29
2023-01-17 21:00:16+00:00,REAL_TIME_SCED,AZURE_BES1,Electrical Bus,23.87
2023-01-17 22:00:20+00:00,REAL_TIME_SCED,AZURE_BES1,Electrical Bus,22.21
2023-01-17 23:00:20+00:00,REAL_TIME_SCED,AZURE_BES1,Electrical Bus,28.66
2023-01-18 00:00:20+00:00,REAL_TIME_SCED,AZURE_BES1,Electrical Bus,31.54
2023-01-18 01:00:19+00:00,REAL_TIME_SCED,AZURE_BES1,Electrical Bus,28.3
2023-01-18 02:00:18+00:00,REAL_TIME_SCED,AZURE_BES1,Electrical Bus,26.63
2023-01-18 03:00:21+00:00,REAL_TIME_SCED,AZURE_BES1,Electrical Bus,25.75
2023-01-18 04:00:20+00:00,REAL_TIME_SCED,AZURE_BES1,Electrical Bus,24.46
2023-01-18 05:00:20+00:00,REAL_TIME_SCED,AZURE_BES1,Electrical Bus,20.67
2023-01-18 06:00:21+00:00,REAL_TIME_SCED,AZURE_BES1,Electrical Bus,29.3
2023-01-18 07:00:22+00:00,REAL_TIME_SCED,AZURE_BES1,Electrical Bus,22.03
2023-01-18 08:00:20+00:00,REAL_TIME_SCED,AZURE_BES1,Electrical Bus,0
2023-01-18 09:00:22+00:00,REAL_TIME_SCED,AZURE_BES1,Electrical Bus,-0.71
2023-01-18 10:00:21+00:00,REAL_TIME_SCED,AZURE_BES1,Electrical Bus,0
2023-01-18 11:00:21+00:00,REAL_TIME_SCED,AZURE_BES1,Electrical Bus,10.01
2023-01-18 12:00:20+00:00,REAL_TIME_SCED,AZURE_BES1,Electrical Bus,15.06
2023-01-18 13:00:20+00:00,REAL_TIME_SCED,AZURE_BES1,Electrical Bus,24.64
2023-01-18 14:00:20+00:00,REAL_TIME_SCED,AZURE_BES1,Electrical Bus,18.1
2023-01-18 15:00:21+00:00,REAL_TIME_SCED,AZURE_BES1,Electrical Bus,-0.21
2023-01-18 16:00:22+00:00,REAL_TIME_SCED,AZURE_BES1,Electrical Bus,-2.02
2023-01-18 17:00:21+00:00,REAL_TIME_SCED,AZURE_BES1,Electrical Bus,-3.69
2023-01-18 18:00:23+00:00,REAL_TIME_SCED,AZURE_BES1,Electrical Bus,-3.39
2023-01-18 19:00:25+00:00,REAL_TIME_SCED,AZURE_BES1,Electrical Bus,-2.98
2023-01-18 20:00:22+00:00,REAL_TIME_SCED,AZURE_BES1,Electrical Bus,-2.71
2023-01-18 21:00:21+00:00,REAL_TIME_SCED,AZURE_BES1,Electrical Bus,-0.81
2023-01-18 22:00:24+00:00,REAL_TIME_SCED,AZURE_BES1,Electrical Bus,-1.63
2023-01-18 23:00:24+00:00,REAL_TIME_SCED,AZURE_BES1,Electrical Bus,-1.18
2023-01-19 00:00:24+00:00,REAL_TIME_SCED,AZURE_BES1,Electrical Bus,17.09
2023-01-19 01:00:22+00:00,REAL_TIME_SCED,AZURE_BES1,Electrical Bus,23.15
2023-01-19 02:00:22+00:00,REAL_TIME_SCED,AZURE_BES1,Electrical Bus,11.91
2023-01-19 03:00:23+00:00,REAL_TIME_SCED,AZURE_BES1,Electrical Bus,5.42
2023-01-19 04:00:24+00:00,REAL_TIME_SCED,AZURE_BES1,Electrical Bus,5.34
2023-01-19 05:00:25+00:00,REAL_TIME_SCED,AZURE_BES1,Electrical Bus,4.39
2023-01-19 06:00:40+00:00,REAL_TIME_SCED,AZURE_BES1,Electrical Bus,1.47
2023-01-19 07:00:26+00:00,REAL_TIME_SCED,AZURE_BES1,Electrical Bus,0.82
2023-01-19 08:00:25+00:00,REAL_TIME_SCED,AZURE_BES1,Electrical Bus,0.87
2023-01-19 09:00:21+00:00,REAL_TIME_SCED,AZURE_BES1,Electrical Bus,2.4
2023-01-19 10:00:23+00:00,REAL_TIME_SCED,AZURE_BES1,Electrical Bus,13.62
2023-01-19 11:00:23+00:00,REAL_TIME_SCED,AZURE_BES1,Electrical Bus,11.34
2023-01-19 12:00:19+00:00,REAL_TIME_SCED,AZURE_BES1,Electrical Bus,14.51
2023-01-19 13:00:21+00:00,REAL_TIME_SCED,AZURE_BES1,Electrical Bus,22.84
2023-01-19 14:00:20+00:00,REAL_TIME_SCED,AZURE_BES1,Electrical Bus,23.04
2023-01-19 15:00:21+00:00,REAL_TIME_SCED,AZURE_BES1,Electrical Bus,17.44
2023-01-19 16:00:21+00:00,REAL_TIME_SCED,AZURE_BES1,Electrical Bus,16.55
2023-01-19 17:00:19+00:00,REAL_TIME_SCED,AZURE_BES1,Electrical Bus,15.68
2023-01-19 18:00:21+00:00,REAL_TIME_SCED,AZURE_BES1,Electrical Bus,18.09
2023-01-19 19:00:20+00:00,REAL_TIME_SCED,AZURE_BES1,Electrical Bus,19.01
2023-01-19 20:00:22+00:00,REAL_TIME_SCED,AZURE_BES1,Electrical Bus,19.03
2023-01-19 21:00:13+00:00,REAL_TIME_SCED,AZURE_BES1,Electrical Bus,18.98
2023-01-19 22:00:13+00:00,REAL_TIME_SCED,AZURE_BES1,Electrical Bus,21.49
2023-01-19 23:00:13+00:00,REAL_TIME_SCED,AZURE_BES1,Electrical Bus,29.12
2023-01-20 00:00:22+00:00,REAL_TIME_SCED,AZURE_BES1,Electrical Bus,38.69
2023-01-20 01:00:19+00:00,REAL_TIME_SCED,AZURE_BES1,Electrical Bus,30
2023-01-20 02:00:19+00:00,REAL_TIME_SCED,AZURE_BES1,Electrical Bus,28.3
2023-01-20 03:00:14+00:00,REAL_TIME_SCED,AZURE_BES1,Electrical Bus,26.07
2023-01-20 04:00:18+00:00,REAL_TIME_SCED,AZURE_BES1,Electrical Bus,19.98
2023-01-20 05:00:20+00:00,REAL_TIME_SCED,AZURE_BES1,Electrical Bus,16.73
2023-01-20 06:00:20+00:00,REAL_TIME_SCED,AZURE_BES1,Electrical Bus,14.39
2023-01-20 07:00:21+00:00,REAL_TIME_SCED,AZURE_BES1,Electrical Bus,12.79
2023-01-20 08:00:20+00:00,REAL_TIME_SCED,AZURE_BES1,Electrical Bus,12.05
2023-01-20 09:00:13+00:00,REAL_TIME_SCED,AZURE_BES1,Electrical Bus,12.72
2023-01-20 10:00:24+00:00,REAL_TIME_SCED,AZURE_BES1,Electrical Bus,12.22
2023-01-20 11:00:20+00:00,REAL_TIME_SCED,AZURE_BES1,Electrical Bus,12.89
2023-01-20 12:00:19+00:00,REAL_TIME_SCED,AZURE_BES1,Electrical Bus,20.4
2023-01-20 13:00:21+00:00,REAL_TIME_SCED,AZURE_BES1,Electrical Bus,22.71
2023-01-20 14:00:20+00:00,REAL_TIME_SCED,AZURE_BES1,Electrical Bus,15.28
2023-01-20 15:00:19+00:00,REAL_TIME_SCED,AZURE_BES1,Electrical Bus,11.71
2023-01-20 16:00:22+00:00,REAL_TIME_SCED,AZURE_BES1,Electrical Bus,14.42
2023-01-20 17:00:23+00:00,REAL_TIME_SCED,AZURE_BES1,Electrical Bus,1.27
2023-01-20 18:00:24+00:00,REAL_TIME_SCED,AZURE_BES1,Electrical Bus,-0.25
2023-01-20 19:00:24+00:00,REAL_TIME_SCED,AZURE_BES1,Electrical Bus,-0.24
2023-01-20 20:00:25+00:00,REAL_TIME_SCED,AZURE_BES1,Electrical Bus,-0.77
2023-01-20 21:00:25+00:00,REAL_TIME_SCED,AZURE_BES1,Electrical Bus,-1.04
2023-01-20 22:00:21+00:00,REAL_TIME_SCED,AZURE_BES1,Electrical Bus,-1.81
2023-01-20 23:00:20+00:00,REAL_TIME_SCED,AZURE_BES1,Electrical Bus,-1.1
2023-01-21 00:00:24+00:00,REAL_TIME_SCED,AZURE_BES1,Electrical Bus,26.06
2023-01-21 01:00:22+00:00,REAL_TIME_SCED,AZURE_BES1,Electrical Bus,2.28
2023-01-21 02:00:20+00:00,REAL_TIME_SCED,AZURE_BES1,Electrical Bus,-0.48
2023-01-21 03:00:20+00:00,REAL_TIME_SCED,AZURE_BES1,Electrical Bus,-0.2
2023-01-21 04:00:20+00:00,REAL_TIME_SCED,AZURE_BES1,Electrical Bus,0.24
2023-01-21 05:00:20+00:00,REAL_TIME_SCED,AZURE_BES1,Electrical Bus,1.49
2023-01-21 06:00:22+00:00,REAL_TIME_SCED,AZURE_BES1,Electrical Bus,2.34
2023-01-21 07:00:22+00:00,REAL_TIME_SCED,AZURE_BES1,Electrical Bus,14.41
2023-01-21 08:00:21+00:00,REAL_TIME_SCED,AZURE_BES1,Electrical Bus,22.4
2023-01-21 09:00:20+00:00,REAL_TIME_SCED,AZURE_BES1,Electrical Bus,23.51
2023-01-21 10:00:22+00:00,REAL_TIME_SCED,AZURE_BES1,Electrical Bus,63.33
2023-01-21 11:00:22+00:00,REAL_TIME_SCED,AZURE_BES1,Electrical Bus,25.74
2023-01-21 12:00:21+00:00,REAL_TIME_SCED,AZURE_BES1,Electrical Bus,21.94
2023-01-21 13:00:21+00:00,REAL_TIME_SCED,AZURE_BES1,Electrical Bus,24.28
2023-01-21 14:00:18+00:00,REAL_TIME_SCED,AZURE_BES1,Electrical Bus,24.13
2023-01-21 15:00:19+00:00,REAL_TIME_SCED,AZURE_BES1,Electrical Bus,22.96
2023-01-21 16:00:20+00:00,REAL_TIME_SCED,AZURE_BES1,Electrical Bus,17.78
2023-01-21 17:00:22+00:00,REAL_TIME_SCED,AZURE_BES1,Electrical Bus,8.57
2023-01-21 18:00:20+00:00,REAL_TIME_SCED,AZURE_BES1,Electrical Bus,6.35
2023-01-21 19:00:20+00:00,REAL_TIME_SCED,AZURE_BES1,Electrical Bus,-0.2
2023-01-21 20:00:20+00:00,REAL_TIME_SCED,AZURE_BES1,Electrical Bus,-0.33
2023-01-21 21:00:22+00:00,REAL_TIME_SCED,AZURE_BES1,Electrical Bus,-1.09
2023-01-21 22:00:19+00:00,REAL_TIME_SCED,AZURE_BES1,Electrical Bus,-2.86
2023-01-21 23:00:20+00:00,REAL_TIME_SCED,AZURE_BES1,Electrical Bus,-0.98
2023-01-22 00:00:20+00:00,REAL_TIME_SCED,AZURE_BES1,Electrical Bus,24.49
2023-01-22 01:00:20+00:00,REAL_TIME_SCED,AZURE_BES1,Electrical Bus,20.25
2023-01-22 02:00:20+00:00,REAL_TIME_SCED,AZURE_BES1,Electrical Bus,10.78
2023-01-22 03:00:20+00:00,REAL_TIME_SCED,AZURE_BES1,Electrical Bus,1.47
2023-01-22 04:00:21+00:00,REAL_TIME_SCED,AZURE_BES1,Electrical Bus,2.02
2023-01-22 05:00:21+00:00,REAL_TIME_SCED,AZURE_BES1,Electrical Bus,16.46
2023-01-22 06:00:22+00:00,REAL_TIME_SCED,AZURE_BES1,Electrical Bus,16.1
2023-01-22 07:00:20+00:00,REAL_TIME_SCED,AZURE_BES1,Electrical Bus,16.03
2023-01-22 08:00:20+00:00,REAL_TIME_SCED,AZURE_BES1,Electrical Bus,14.87
2023-01-22 09:00:21+00:00,REAL_TIME_SCED,AZURE_BES1,Electrical Bus,15.25
2023-01-22 10:00:23+00:00,REAL_TIME_SCED,AZURE_BES1,Electrical Bus,16.13
2023-01-22 11:00:22+00:00,REAL_TIME_SCED,AZURE_BES1,Electrical Bus,22.49
2023-01-22 12:00:22+00:00,REAL_TIME_SCED,AZURE_BES1,Electrical Bus,19.8
2023-01-22 13:00:22+00:00,REAL_TIME_SCED,AZURE_BES1,Electrical Bus,23.38
2023-01-22 14:00:21+00:00,REAL_TIME_SCED,AZURE_BES1,Electrical Bus,24.08
2023-01-22 15:00:21+00:00,REAL_TIME_SCED,AZURE_BES1,Electrical Bus,18.2
2023-01-22 16:00:19+00:00,REAL_TIME_SCED,AZURE_BES1,Electrical Bus,16.59
2023-01-22 17:00:18+00:00,REAL_TIME_SCED,AZURE_BES1,Electrical Bus,18.71
2023-01-22 18:00:18+00:00,REAL_TIME_SCED,AZURE_BES1,Electrical Bus,19.96
2023-01-22 19:00:20+00:00,REAL_TIME_SCED,AZURE_BES1,Electrical Bus,16.46
2023-01-22 20:00:20+00:00,REAL_TIME_SCED,AZURE_BES1,Electrical Bus,15.3
2023-01-22 21:00:20+00:00,REAL_TIME_SCED,AZURE_BES1,Electrical Bus,15.19
2023-01-22 22:00:18+00:00,REAL_TIME_SCED,AZURE_BES1,Electrical Bus,16.59
2023-01-22 23:00:20+00:00,REAL_TIME_SCED,AZURE_BES1,Electrical Bus,26.61
2023-01-23 00:00:20+00:00,REAL_TIME_SCED,AZURE_BES1,Electrical Bus,36.64
2023-01-23 01:00:20+00:00,REAL_TIME_SCED,AZURE_BES1,Electrical Bus,65.17
2023-01-23 02:00:19+00:00,REAL_TIME_SCED,AZURE_BES1,Electrical Bus,34.2
2023-01-23 03:00:20+00:00,REAL_TIME_SCED,AZURE_BES1,Electrical Bus,40.18
2023-01-23 04:00:19+00:00,REAL_TIME_SCED,AZURE_BES1,Electrical Bus,26.19
2023-01-23 05:00:20+00:00,REAL_TIME_SCED,AZURE_BES1,Electrical Bus,24.37
2023-01-23 06:00:24+00:00,REAL_TIME_SCED,AZURE_BES1,Electrical Bus,25.48
2023-01-23 07:00:24+00:00,REAL_TIME_SCED,AZURE_BES1,Electrical Bus,17.84
2023-01-23 08:00:22+00:00,REAL_TIME_SCED,AZURE_BES1,Electrical Bus,17.83
2023-01-23 09:00:20+00:00,REAL_TIME_SCED,AZURE_BES1,Electrical Bus,17.31
2023-01-23 10:00:23+00:00,REAL_TIME_SCED,AZURE_BES1,Electrical Bus,16.7
2023-01-23 11:00:21+00:00,REAL_TIME_SCED,AZURE_BES1,Electrical Bus,22.35
2023-01-23 12:00:19+00:00,REAL_TIME_SCED,AZURE_BES1,Electrical Bus,26.45
2023-01-23 13:00:25+00:00,REAL_TIME_SCED,AZURE_BES1,Electrical Bus,42.27
2023-01-23 14:00:20+00:00,REAL_TIME_SCED,AZURE_BES1,Electrical Bus,26.73
2023-01-23 15:00:24+00:00,REAL_TIME_SCED,AZURE_BES1,Electrical Bus,21.62
2023-01-23 16:00:23+00:00,REAL_TIME_SCED,AZURE_BES1,Electrical Bus,12.87
2023-01-23 17:00:27+00:00,REAL_TIME_SCED,AZURE_BES1,Electrical Bus,2.62
2023-01-23 18:00:23+00:00,REAL_TIME_SCED,AZURE_BES1,Electrical Bus,17.56
2023-01-23 19:00:23+00:00,REAL_TIME_SCED,AZURE_BES1,Electrical Bus,11.79
2023-01-23 20:00:25+00:00,REAL_TIME_SCED,AZURE_BES1,Electrical Bus,8.19
2023-01-23 21:00:23+00:00,REAL_TIME_SCED,AZURE_BES1,Electrical Bus,2.54
2023-01-23 22:00:25+00:00,REAL_TIME_SCED,AZURE_BES1,Electrical Bus,1.54
2023-01-23 23:00:30+00:00,REAL_TIME_SCED,AZURE_BES1,Electrical Bus,24.74
2023-01-24 00:00:21+00:00,REAL_TIME_SCED,AZURE_BES1,Electrical Bus,30.38
2023-01-24 01:00:21+00:00,REAL_TIME_SCED,AZURE_BES1,Electrical Bus,29.92
2023-01-24 02:00:21+00:00,REAL_TIME_SCED,AZURE_BES1,Electrical Bus,32.49
2023-01-24 03:00:22+00:00,REAL_TIME_SCED,AZURE_BES1,Electrical Bus,31.27
2023-01-24 04:00:24+00:00,REAL_TIME_SCED,AZURE_BES1,Electrical Bus,21.99
2023-01-24 05:00:25+00:00,REAL_TIME_SCED,AZURE_BES1,Electrical Bus,19.18
2023-01-24 06:00:23+00:00,REAL_TIME_SCED,AZURE_BES1,Electrical Bus,19.14
2023-01-24 07:00:28+00:00,REAL_TIME_SCED,AZURE_BES1,Electrical Bus,25.68
2023-01-24 08:00:23+00:00,REAL_TIME_SCED,AZURE_BES1,Electrical Bus,27.04
2023-01-24 09:00:22+00:00,REAL_TIME_SCED,AZURE_BES1,Electrical Bus,25.34
2023-01-24 10:00:23+00:00,REAL_TIME_SCED,AZURE_BES1,Electrical Bus,24.05
2023-01-24 11:00:29+00:00,REAL_TIME_SCED,AZURE_BES1,Electrical Bus,23.72
2023-01-24 12:00:25+00:00,REAL_TIME_SCED,AZURE_BES1,Electrical Bus,23.57
2023-01-24 13:00:27+00:00,REAL_TIME_SCED,AZURE_BES1,Electrical Bus,24.78
2023-01-24 14:00:26+00:00,REAL_TIME_SCED,AZURE_BES1,Electrical Bus,26.85
2023-01-24 15:00:25+00:00,REAL_TIME_SCED,AZURE_BES1,Electrical Bus,24.35
2023-01-24 16:00:29+00:00,REAL_TIME_SCED,AZURE_BES1,Electrical Bus,28.3
2023-01-24 17:00:25+00:00,REAL_TIME_SCED,AZURE_BES1,Electrical Bus,26.02
2023-01-24 18:00:27+00:00,REAL_TIME_SCED,AZURE_BES1,Electrical Bus,27.27
2023-01-24 19:00:25+00:00,REAL_TIME_SCED,AZURE_BES1,Electrical Bus,21.54
2023-01-24 20:00:24+00:00,REAL_TIME_SCED,AZURE_BES1,Electrical Bus,19.33
2023-01-24 21:00:28+00:00,REAL_TIME_SCED,AZURE_BES1,Electrical Bus,16.78
2023-01-24 22:00:25+00:00,REAL_TIME_SCED,AZURE_BES1,Electrical Bus,13.68
2023-01-24 23:00:23+00:00,REAL_TIME_SCED,AZURE_BES1,Electrical Bus,14.99
2023-01-25 00:00:21+00:00,REAL_TIME_SCED,AZURE_BES1,Electrical Bus,20.9
2023-01-25 01:00:19+00:00,REAL_TIME_SCED,AZURE_BES1,Electrical Bus,22.77
2023-01-25 02:00:21+00:00,REAL_TIME_SCED,AZURE_BES1,Electrical Bus,20.37
2023-01-25 03:00:21+00:00,REAL_TIME_SCED,AZURE_BES1,Electrical Bus,18.35
2023-01-25 04:00:20+00:00,REAL_TIME_SCED,AZURE_BES1,Electrical Bus,17.17
2023-01-25 05:00:23+00:00,REAL_TIME_SCED,AZURE_BES1,Electrical Bus,15.88
2023-01-25 06:00:45+00:00,REAL_TIME_SCED,AZURE_BES1,Electrical Bus,16.51
2023-01-25 07:00:21+00:00,REAL_TIME_SCED,AZURE_BES1,Electrical Bus,13.59
2023-01-25 08:00:19+00:00,REAL_TIME_SCED,AZURE_BES1,Electrical Bus,13.98
2023-01-25 09:00:20+00:00,REAL_TIME_SCED,AZURE_BES1,Electrical Bus,16.19
2023-01-25 10:00:22+00:00,REAL_TIME_SCED,AZURE_BES1,Electrical Bus,17.66
2023-01-25 11:00:21+00:00,REAL_TIME_SCED,AZURE_BES1,Electrical Bus,14.5
2023-01-25 12:00:17+00:00,REAL_TIME_SCED,AZURE_BES1,Electrical Bus,19.64
2023-01-25 13:00:20+00:00,REAL_TIME_SCED,AZURE_BES1,Electrical Bus,24.29
2023-01-25 14:00:19+00:00,REAL_TIME_SCED,AZURE_BES1,Electrical Bus,17.41
2023-01-25 15:00:20+00:00,REAL_TIME_SCED,AZURE_BES1,Electrical Bus,17.91
2023-01-25 16:00:19+00:00,REAL_TIME_SCED,AZURE_BES1,Electrical Bus,15.47
2023-01-25 17:00:23+00:00,REAL_TIME_SCED,AZURE_BES1,Electrical Bus,0
2023-01-25 18:00:19+00:00,REAL_TIME_SCED,AZURE_BES1,Electrical Bus,0.01
2023-01-25 19:00:20+00:00,REAL_TIME_SCED,AZURE_BES1,Electrical Bus,0
2023-01-25 20:00:19+00:00,REAL_TIME_SCED,AZURE_BES1,Electrical Bus,0.01
2023-01-25 21:00:20+00:00,REAL_TIME_SCED,AZURE_BES1,Electrical Bus,0.01
2023-01-25 22:00:19+00:00,REAL_TIME_SCED,AZURE_BES1,Electrical Bus,11.46
2023-01-25 23:00:18+00:00,REAL_TIME_SCED,AZURE_BES1,Electrical Bus,19.11
2023-01-26 00:00:15+00:00,REAL_TIME_SCED,AZURE_BES1,Electrical Bus,33.6
2023-01-26 01:00:17+00:00,REAL_TIME_SCED,AZURE_BES1,Electrical Bus,24.76
2023-01-26 02:00:20+00:00,REAL_TIME_SCED,AZURE_BES1,Electrical Bus,28.22
2023-01-26 03:00:19+00:00,REAL_TIME_SCED,AZURE_BES1,Electrical Bus,26.87
2023-01-26 04:00:21+00:00,REAL_TIME_SCED,AZURE_BES1,Electrical Bus,25.43
2023-01-26 05:00:19+00:00,REAL_TIME_SCED,AZURE_BES1,Electrical Bus,23.17
2023-01-26 06:00:22+00:00,REAL_TIME_SCED,AZURE_BES1,Electrical Bus,18.66
2023-01-26 07:00:21+00:00,REAL_TIME_SCED,AZURE_BES1,Electrical Bus,17.31
2023-01-26 08:00:18+00:00,REAL_TIME_SCED,AZURE_BES1,Electrical Bus,15.42
2023-01-26 09:00:18+00:00,REAL_TIME_SCED,AZURE_BES1,Electrical Bus,15.23
2023-01-26 10:00:20+00:00,REAL_TIME_SCED,AZURE_BES1,Electrical Bus,15.37
2023-01-26 11:00:22+00:00,REAL_TIME_SCED,AZURE_BES1,Electrical Bus,19.38
2023-01-26 12:00:20+00:00,REAL_TIME_SCED,AZURE_BES1,Electrical Bus,24.03
2023-01-26 13:00:23+00:00,REAL_TIME_SCED,AZURE_BES1,Electrical Bus,33.33
2023-01-26 14:00:20+00:00,REAL_TIME_SCED,AZURE_BES1,Electrical Bus,27.59
2023-01-26 15:00:20+00:00,REAL_TIME_SCED,AZURE_BES1,Electrical Bus,18.81
2023-01-26 16:00:19+00:00,REAL_TIME_SCED,AZURE_BES1,Electrical Bus,16.27
2023-01-26 17:00:23+00:00,REAL_TIME_SCED,AZURE_BES1,Electrical Bus,16.36
2023-01-26 18:00:16+00:00,REAL_TIME_SCED,AZURE_BES1,Electrical Bus,14.45
2023-01-26 19:00:15+00:00,REAL_TIME_SCED,AZURE_BES1,Electrical Bus,11.74
2023-01-26 20:00:16+00:00,REAL_TIME_SCED,AZURE_BES1,Electrical Bus,11.32
2023-01-26 21:00:14+00:00,REAL_TIME_SCED,AZURE_BES1,Electrical Bus,4.08
2023-01-26 22:00:13+00:00,REAL_TIME_SCED,AZURE_BES1,Electrical Bus,12.54
2023-01-26 23:00:15+00:00,REAL_TIME_SCED,AZURE_BES1,Electrical Bus,19.21
2023-01-27 00:00:13+00:00,REAL_TIME_SCED,AZURE_BES1,Electrical Bus,30.32
2023-01-27 01:00:18+00:00,REAL_TIME_SCED,AZURE_BES1,Electrical Bus,26.65
2023-01-27 02:00:18+00:00,REAL_TIME_SCED,AZURE_BES1,Electrical Bus,23.68
2023-01-27 03:00:18+00:00,REAL_TIME_SCED,AZURE_BES1,Electrical Bus,21.23
2023-01-27 04:00:18+00:00,REAL_TIME_SCED,AZURE_BES1,Electrical Bus,18.38
2023-01-27 05:00:20+00:00,REAL_TIME_SCED,AZURE_BES1,Electrical Bus,14.38
2023-01-27 06:00:21+00:00,REAL_TIME_SCED,AZURE_BES1,Electrical Bus,18.67
2023-01-27 07:00:21+00:00,REAL_TIME_SCED,AZURE_BES1,Electrical Bus,11.88
2023-01-27 08:00:21+00:00,REAL_TIME_SCED,AZURE_BES1,Electrical Bus,12.5
2023-01-27 09:00:20+00:00,REAL_TIME_SCED,AZURE_BES1,Electrical Bus,6.5
2023-01-27 10:00:20+00:00,REAL_TIME_SCED,AZURE_BES1,Electrical Bus,6.35
2023-01-27 11:00:22+00:00,REAL_TIME_SCED,AZURE_BES1,Electrical Bus,6.83
2023-01-27 12:00:18+00:00,REAL_TIME_SCED,AZURE_BES1,Electrical Bus,10.71
2023-01-27 13:00:21+00:00,REAL_TIME_SCED,AZURE_BES1,Electrical Bus,23.17
2023-01-27 14:00:20+00:00,REAL_TIME_SCED,AZURE_BES1,Electrical Bus,21.69
2023-01-27 15:00:23+00:00,REAL_TIME_SCED,AZURE_BES1,Electrical Bus,-0.22
2023-01-27 16:00:20+00:00,REAL_TIME_SCED,AZURE_BES1,Electrical Bus,20.81
2023-01-27 17:00:25+00:00,REAL_TIME_SCED,AZURE_BES1,Electrical Bus,2.44
2023-01-27 18:00:23+00:00,REAL_TIME_SCED,AZURE_BES1,Electrical Bus,2.24
2023-01-27 19:00:23+00:00,REAL_TIME_SCED,AZURE_BES1,Electrical Bus,15.2
2023-01-27 20:00:21+00:00,REAL_TIME_SCED,AZURE_BES1,Electrical Bus,13.83
2023-01-27 21:00:20+00:00,REAL_TIME_SCED,AZURE_BES1,Electrical Bus,11.49
2023-01-27 22:00:22+00:00,REAL_TIME_SCED,AZURE_BES1,Electrical Bus,9.23
2023-01-27 23:00:23+00:00,REAL_TIME_SCED,AZURE_BES1,Electrical Bus,30.93
2023-01-28 00:00:21+00:00,REAL_TIME_SCED,AZURE_BES1,Electrical Bus,26.07
2023-01-28 01:00:21+00:00,REAL_TIME_SCED,AZURE_BES1,Electrical Bus,17.27
2023-01-28 02:00:25+00:00,REAL_TIME_SCED,AZURE_BES1,Electrical Bus,-4.1
2023-01-28 03:00:22+00:00,REAL_TIME_SCED,AZURE_BES1,Electrical Bus,-4.13
2023-01-28 04:00:23+00:00,REAL_TIME_SCED,AZURE_BES1,Electrical Bus,-3.23
2023-01-28 05:00:23+00:00,REAL_TIME_SCED,AZURE_BES1,Electrical Bus,-3.36
2023-01-28 06:00:23+00:00,REAL_TIME_SCED,AZURE_BES1,Electrical Bus,-3.16
2023-01-28 07:00:24+00:00,REAL_TIME_SCED,AZURE_BES1,Electrical Bus,-3.19
2023-01-28 08:00:21+00:00,REAL_TIME_SCED,AZURE_BES1,Electrical Bus,-3.23
2023-01-28 09:00:23+00:00,REAL_TIME_SCED,AZURE_BES1,Electrical Bus,-2.67
2023-01-28 10:00:25+00:00,REAL_TIME_SCED,AZURE_BES1,Electrical Bus,-2.64
2023-01-28 11:00:24+00:00,REAL_TIME_SCED,AZURE_BES1,Electrical Bus,0.32
2023-01-28 12:00:22+00:00,REAL_TIME_SCED,AZURE_BES1,Electrical Bus,2.38
2023-01-28 13:00:21+00:00,REAL_TIME_SCED,AZURE_BES1,Electrical Bus,18.93
2023-01-28 14:00:20+00:00,REAL_TIME_SCED,AZURE_BES1,Electrical Bus,21.49
2023-01-28 15:00:20+00:00,REAL_TIME_SCED,AZURE_BES1,Electrical Bus,5.01
2023-01-28 16:00:18+00:00,REAL_TIME_SCED,AZURE_BES1,Electrical Bus,25.12
2023-01-28 17:00:20+00:00,REAL_TIME_SCED,AZURE_BES1,Electrical Bus,28.94
2023-01-28 18:00:19+00:00,REAL_TIME_SCED,AZURE_BES1,Electrical Bus,22.32
2023-01-28 19:00:20+00:00,REAL_TIME_SCED,AZURE_BES1,Electrical Bus,17.96
2023-01-28 20:00:19+00:00,REAL_TIME_SCED,AZURE_BES1,Electrical Bus,15.25
2023-01-28 21:00:20+00:00,REAL_TIME_SCED,AZURE_BES1,Electrical Bus,12.29
2023-01-28 22:00:20+00:00,REAL_TIME_SCED,AZURE_BES1,Electrical Bus,11.08
2023-01-28 23:00:20+00:00,REAL_TIME_SCED,AZURE_BES1,Electrical Bus,18.53
2023-01-29 00:00:21+00:00,REAL_TIME_SCED,AZURE_BES1,Electrical Bus,24.5
2023-01-29 01:00:19+00:00,REAL_TIME_SCED,AZURE_BES1,Electrical Bus,22.68
2023-01-29 02:00:18+00:00,REAL_TIME_SCED,AZURE_BES1,Electrical Bus,11.99
2023-01-29 03:00:20+00:00,REAL_TIME_SCED,AZURE_BES1,Electrical Bus,10.51
2023-01-29 04:00:19+00:00,REAL_TIME_SCED,AZURE_BES1,Electrical Bus,11.07
2023-01-29 05:00:24+00:00,REAL_TIME_SCED,AZURE_BES1,Electrical Bus,13.39
2023-01-29 06:00:20+00:00,REAL_TIME_SCED,AZURE_BES1,Electrical Bus,6.97
2023-01-29 07:00:23+00:00,REAL_TIME_SCED,AZURE_BES1,Electrical Bus,16.34
2023-01-29 08:00:20+00:00,REAL_TIME_SCED,AZURE_BES1,Electrical Bus,20.81
2023-01-29 09:00:19+00:00,REAL_TIME_SCED,AZURE_BES1,Electrical Bus,25.34
2023-01-29 10:00:27+00:00,REAL_TIME_SCED,AZURE_BES1,Electrical Bus,17.56
2023-01-29 11:00:20+00:00,REAL_TIME_SCED,AZURE_BES1,Electrical Bus,15.17
2023-01-29 12:00:19+00:00,REAL_TIME_SCED,AZURE_BES1,Electrical Bus,11.62
2023-01-29 13:00:23+00:00,REAL_TIME_SCED,AZURE_BES1,Electrical Bus,16.56
2023-01-29 14:00:18+00:00,REAL_TIME_SCED,AZURE_BES1,Electrical Bus,16.21
2023-01-29 15:00:18+00:00,REAL_TIME_SCED,AZURE_BES1,Electrical Bus,24.15
2023-01-29 16:00:19+00:00,REAL_TIME_SCED,AZURE_BES1,Electrical Bus,16.7
2023-01-29 17:00:21+00:00,REAL_TIME_SCED,AZURE_BES1,Electrical Bus,18.39
2023-01-29 18:00:19+00:00,REAL_TIME_SCED,AZURE_BES1,Electrical Bus,24.15
2023-01-29 19:00:24+00:00,REAL_TIME_SCED,AZURE_BES1,Electrical Bus,26.37
2023-01-29 20:00:20+00:00,REAL_TIME_SCED,AZURE_BES1,Electrical Bus,25.89
2023-01-29 21:00:21+00:00,REAL_TIME_SCED,AZURE_BES1,Electrical Bus,24.81
2023-01-29 22:00:20+00:00,REAL_TIME_SCED,AZURE_BES1,Electrical Bus,25.63
2023-01-29 23:00:19+00:00,REAL_TIME_SCED,AZURE_BES1,Electrical Bus,25.38
2023-01-30 00:00:19+00:00,REAL_TIME_SCED,AZURE_BES1,Electrical Bus,39.78
2023-01-30 01:00:20+00:00,REAL_TIME_SCED,AZURE_BES1,Electrical Bus,73.99
2023-01-30 02:00:17+00:00,REAL_TIME_SCED,AZURE_BES1,Electrical Bus,31.95
2023-01-30 03:00:18+00:00,REAL_TIME_SCED,AZURE_BES1,Electrical Bus,34.82
2023-01-30 04:00:18+00:00,REAL_TIME_SCED,AZURE_BES1,Electrical Bus,31.14
2023-01-30 05:00:19+00:00,REAL_TIME_SCED,AZURE_BES1,Electrical Bus,30.33
2023-01-30 06:00:20+00:00,REAL_TIME_SCED,AZURE_BES1,Electrical Bus,23.15
2023-01-30 07:00:21+00:00,REAL_TIME_SCED,AZURE_BES1,Electrical Bus,19.85
2023-01-30 08:00:21+00:00,REAL_TIME_SCED,AZURE_BES1,Electrical Bus,19.11
2023-01-30 09:00:19+00:00,REAL_TIME_SCED,AZURE_BES1,Electrical Bus,23.07
2023-01-30 10:00:21+00:00,REAL_TIME_SCED,AZURE_BES1,Electrical Bus,23.16
2023-01-30 11:00:19+00:00,REAL_TIME_SCED,AZURE_BES1,Electrical Bus,41.1
2023-01-30 12:00:22+00:00,REAL_TIME_SCED,AZURE_BES1,Electrical Bus,34.2
2023-01-30 13:00:22+00:00,REAL_TIME_SCED,AZURE_BES1,Electrical Bus,48.63
2023-01-30 14:00:22+00:00,REAL_TIME_SCED,AZURE_BES1,Electrical Bus,80.64
2023-01-30 15:00:19+00:00,REAL_TIME_SCED,AZURE_BES1,Electrical Bus,93.14
2023-01-30 16:00:21+00:00,REAL_TIME_SCED,AZURE_BES1,Electrical Bus,382.28
2023-01-30 17:00:25+00:00,REAL_TIME_SCED,AZURE_BES1,Electrical Bus,112.48
2023-01-30 18:00:26+00:00,REAL_TIME_SCED,AZURE_BES1,Electrical Bus,88.71
2023-01-30 19:00:22+00:00,REAL_TIME_SCED,AZURE_BES1,Electrical Bus,90.55
2023-01-30 20:00:24+00:00,REAL_TIME_SCED,AZURE_BES1,Electrical Bus,89.52
2023-01-30 21:00:23+00:00,REAL_TIME_SCED,AZURE_BES1,Electrical Bus,95.02
2023-01-30 22:00:23+00:00,REAL_TIME_SCED,AZURE_BES1,Electrical Bus,123.44
2023-01-30 23:00:23+00:00,REAL_TIME_SCED,AZURE_BES1,Electrical Bus,137.47
2023-01-31 00:00:22+00:00,REAL_TIME_SCED,AZURE_BES1,Electrical Bus,248.2
2023-01-31 01:00:23+00:00,REAL_TIME_SCED,AZURE_BES1,Electrical Bus,147.8
2023-01-31 02:00:23+00:00,REAL_TIME_SCED,AZURE_BES1,Electrical Bus,58.05
2023-01-31 03:00:22+00:00,REAL_TIME_SCED,AZURE_BES1,Electrical Bus,43.45
2023-01-31 04:00:24+00:00,REAL_TIME_SCED,AZURE_BES1,Electrical Bus,31.21
2023-01-31 05:00:25+00:00,REAL_TIME_SCED,AZURE_BES1,Electrical Bus,23.39
2023-01-31 06:00:26+00:00,REAL_TIME_SCED,AZURE_BES1,Electrical Bus,25.54
2023-01-31 07:00:26+00:00,REAL_TIME_SCED,AZURE_BES1,Electrical Bus,24.08
2023-01-31 08:00:26+00:00,REAL_TIME_SCED,AZURE_BES1,Electrical Bus,24.75
2023-01-31 09:00:23+00:00,REAL_TIME_SCED,AZURE_BES1,Electrical Bus,23.55
2023-01-31 10:00:26+00:00,REAL_TIME_SCED,AZURE_BES1,Electrical Bus,24.36
2023-01-31 11:00:28+00:00,REAL_TIME_SCED,AZURE_BES1,Electrical Bus,22.83
2023-01-31 12:00:25+00:00,REAL_TIME_SCED,AZURE_BES1,Electrical Bus,27.54
2023-01-31 13:00:29+00:00,REAL_TIME_SCED,AZURE_BES1,Electrical Bus,35.64
2023-01-31 14:00:26+00:00,REAL_TIME_SCED,AZURE_BES1,Electrical Bus,35.3
2023-01-31 15:00:27+00:00,REAL_TIME_SCED,AZURE_BES1,Electrical Bus,39.42
2023-01-31 16:00:26+00:00,REAL_TIME_SCED,AZURE_BES1,Electrical Bus,36.59
2023-01-31 17:00:25+00:00,REAL_TIME_SCED,AZURE_BES1,Electrical Bus,35.18
2023-01-31 18:00:23+00:00,REAL_TIME_SCED,AZURE_BES1,Electrical Bus,36.05
2023-01-31 19:00:27+00:00,REAL_TIME_SCED,AZURE_BES1,Electrical Bus,35.73
2023-01-31 20:00:24+00:00,REAL_TIME_SCED,AZURE_BES1,Electrical Bus,40.5
2023-01-31 21:00:27+00:00,REAL_TIME_SCED,AZURE_BES1,Electrical Bus,43.15
2023-01-31 22:00:28+00:00,REAL_TIME_SCED,AZURE_BES1,Electrical Bus,45.52
2023-01-31 23:00:28+00:00,REAL_TIME_SCED,AZURE_BES1,Electrical Bus,42.66
2023-02-01 00:00:28+00:00,REAL_TIME_SCED,AZURE_BES1,Electrical Bus,90.01
2023-02-01 01:00:23+00:00,REAL_TIME_SCED,AZURE_BES1,Electrical Bus,52.51
2023-02-01 02:00:26+00:00,REAL_TIME_SCED,AZURE_BES1,Electrical Bus,61.16
2023-02-01 03:00:27+00:00,REAL_TIME_SCED,AZURE_BES1,Electrical Bus,47.02
2023-02-01 04:00:27+00:00,REAL_TIME_SCED,AZURE_BES1,Electrical Bus,42
2023-02-01 05:00:23+00:00,REAL_TIME_SCED,AZURE_BES1,Electrical Bus,42.92
2023-02-01 06:00:51+00:00,REAL_TIME_SCED,AZURE_BES1,Electrical Bus,37.09
2023-02-01 07:00:30+00:00,REAL_TIME_SCED,AZURE_BES1,Electrical Bus,36.48
2023-02-01 08:00:25+00:00,REAL_TIME_SCED,AZURE_BES1,Electrical Bus,36.6
2023-02-01 09:00:24+00:00,REAL_TIME_SCED,AZURE_BES1,Electrical Bus,125.74
2023-02-01 10:00:28+00:00,REAL_TIME_SCED,AZURE_BES1,Electrical Bus,69.45
2023-02-01 11:00:29+00:00,REAL_TIME_SCED,AZURE_BES1,Electrical Bus,39.93
2023-02-01 12:00:24+00:00,REAL_TIME_SCED,AZURE_BES1,Electrical Bus,37.35
2023-02-01 13:00:24+00:00,REAL_TIME_SCED,AZURE_BES1,Electrical Bus,37.3
2023-02-01 14:00:26+00:00,REAL_TIME_SCED,AZURE_BES1,Electrical Bus,37.77
2023-02-01 15:00:27+00:00,REAL_TIME_SCED,AZURE_BES1,Electrical Bus,43.18
2023-02-01 16:00:24+00:00,REAL_TIME_SCED,AZURE_BES1,Electrical Bus,38.59
2023-02-01 17:00:24+00:00,REAL_TIME_SCED,AZURE_BES1,Electrical Bus,48.89
2023-02-01 18:00:25+00:00,REAL_TIME_SCED,AZURE_BES1,Electrical Bus,40.73
2023-02-01 19:00:24+00:00,REAL_TIME_SCED,AZURE_BES1,Electrical Bus,46.76
2023-02-01 20:00:22+00:00,REAL_TIME_SCED,AZURE_BES1,Electrical Bus,37.88
2023-02-01 21:00:22+00:00,REAL_TIME_SCED,AZURE_BES1,Electrical Bus,35.72
2023-02-01 22:00:24+00:00,REAL_TIME_SCED,AZURE_BES1,Electrical Bus,53.34
2023-02-01 23:00:26+00:00,REAL_TIME_SCED,AZURE_BES1,Electrical Bus,75.43
2023-02-02 00:00:27+00:00,REAL_TIME_SCED,AZURE_BES1,Electrical Bus,54.65
2023-02-02 01:00:25+00:00,REAL_TIME_SCED,AZURE_BES1,Electrical Bus,46.05
2023-02-02 02:00:26+00:00,REAL_TIME_SCED,AZURE_BES1,Electrical Bus,99.02
2023-02-02 03:00:25+00:00,REAL_TIME_SCED,AZURE_BES1,Electrical Bus,42.74
2023-02-02 04:00:27+00:00,REAL_TIME_SCED,AZURE_BES1,Electrical Bus,64.37
2023-02-02 05:00:29+00:00,REAL_TIME_SCED,AZURE_BES1,Electrical Bus,49
2023-02-02 06:00:29+00:00,REAL_TIME_SCED,AZURE_BES1,Electrical Bus,138.08
2023-02-02 07:00:27+00:00,REAL_TIME_SCED,AZURE_BES1,Electrical Bus,40.35
2023-02-02 08:00:26+00:00,REAL_TIME_SCED,AZURE_BES1,Electrical Bus,42.51
2023-02-02 09:00:27+00:00,REAL_TIME_SCED,AZURE_BES1,Electrical Bus,29.98
2023-02-02 10:00:29+00:00,REAL_TIME_SCED,AZURE_BES1,Electrical Bus,39.07
2023-02-02 11:00:29+00:00,REAL_TIME_SCED,AZURE_BES1,Electrical Bus,39.89
2023-02-02 12:00:22+00:00,REAL_TIME_SCED,AZURE_BES1,Electrical Bus,36.18
2023-02-02 13:00:28+00:00,REAL_TIME_SCED,AZURE_BES1,Electrical Bus,39.54
2023-02-02 14:00:29+00:00,REAL_TIME_SCED,AZURE_BES1,Electrical Bus,39.14
2023-02-02 15:00:26+00:00,REAL_TIME_SCED,AZURE_BES1,Electrical Bus,185.35
2023-02-02 16:00:28+00:00,REAL_TIME_SCED,AZURE_BES1,Electrical Bus,48.45
2023-02-02 17:00:27+00:00,REAL_TIME_SCED,AZURE_BES1,Electrical Bus,63.66
2023-02-02 18:00:25+00:00,REAL_TIME_SCED,AZURE_BES1,Electrical Bus,27.51
2023-02-02 19:00:26+00:00,REAL_TIME_SCED,AZURE_BES1,Electrical Bus,34.82
2023-02-02 20:00:25+00:00,REAL_TIME_SCED,AZURE_BES1,Electrical Bus,22.79
2023-02-02 21:00:21+00:00,REAL_TIME_SCED,AZURE_BES1,Electrical Bus,21.04
2023-02-02 22:00:22+00:00,REAL_TIME_SCED,AZURE_BES1,Electrical Bus,27.98
2023-02-02 23:00:21+00:00,REAL_TIME_SCED,AZURE_BES1,Electrical Bus,35.28
2023-02-03 00:00:24+00:00,REAL_TIME_SCED,AZURE_BES1,Electrical Bus,77.2
2023-02-03 01:00:25+00:00,REAL_TIME_SCED,AZURE_BES1,Electrical Bus,67.87
2023-02-03 02:00:22+00:00,REAL_TIME_SCED,AZURE_BES1,Electrical Bus,69.81
2023-02-03 03:00:23+00:00,REAL_TIME_SCED,AZURE_BES1,Electrical Bus,28.14
2023-02-03 04:00:26+00:00,REAL_TIME_SCED,AZURE_BES1,Electrical Bus,24.35
2023-02-03 05:00:24+00:00,REAL_TIME_SCED,AZURE_BES1,Electrical Bus,22.24
2023-02-03 06:00:28+00:00,REAL_TIME_SCED,AZURE_BES1,Electrical Bus,20.35
2023-02-03 07:00:27+00:00,REAL_TIME_SCED,AZURE_BES1,Electrical Bus,18.43
2023-02-03 08:00:23+00:00,REAL_TIME_SCED,AZURE_BES1,Electrical Bus,16.9
2023-02-03 09:00:27+00:00,REAL_TIME_SCED,AZURE_BES1,Electrical Bus,17.37
2023-02-03 10:00:28+00:00,REAL_TIME_SCED,AZURE_BES1,Electrical Bus,18.8
2023-02-03 11:00:24+00:00,REAL_TIME_SCED,AZURE_BES1,Electrical Bus,24.15
2023-02-03 12:00:23+00:00,REAL_TIME_SCED,AZURE_BES1,Electrical Bus,24.25
2023-02-03 13:00:27+00:00,REAL_TIME_SCED,AZURE_BES1,Electrical Bus,33.05
2023-02-03 14:00:23+00:00,REAL_TIME_SCED,AZURE_BES1,Electrical Bus,28.33
2023-02-03 15:00:24+00:00,REAL_TIME_SCED,AZURE_BES1,Electrical Bus,20.89
2023-02-03 16:00:20+00:00,REAL_TIME_SCED,AZURE_BES1,Electrical Bus,21.73
2023-02-03 17:00:22+00:00,REAL_TIME_SCED,AZURE_BES1,Electrical Bus,18.89
2023-02-03 18:00:22+00:00,REAL_TIME_SCED,AZURE_BES1,Electrical Bus,17.25
2023-02-03 19:00:23+00:00,REAL_TIME_SCED,AZURE_BES1,Electrical Bus,13.55
2023-02-03 20:00:20+00:00,REAL_TIME_SCED,AZURE_BES1,Electrical Bus,11.45
2023-02-03 21:00:21+00:00,REAL_TIME_SCED,AZURE_BES1,Electrical Bus,0.02
2023-02-03 22:00:21+00:00,REAL_TIME_SCED,AZURE_BES1,Electrical Bus,0.01
2023-02-03 23:00:20+00:00,REAL_TIME_SCED,AZURE_BES1,Electrical Bus,13.32
2023-02-04 00:00:20+00:00,REAL_TIME_SCED,AZURE_BES1,Electrical Bus,21.91
2023-02-04 01:00:21+00:00,REAL_TIME_SCED,AZURE_BES1,Electrical Bus,19.79
2023-02-04 02:00:21+00:00,REAL_TIME_SCED,AZURE_BES1,Electrical Bus,16.38
2023-02-04 03:00:22+00:00,REAL_TIME_SCED,AZURE_BES1,Electrical Bus,15.18
2023-02-04 04:00:22+00:00,REAL_TIME_SCED,AZURE_BES1,Electrical Bus,15.25
2023-02-04 05:00:21+00:00,REAL_TIME_SCED,AZURE_BES1,Electrical Bus,14.18
2023-02-04 06:00:24+00:00,REAL_TIME_SCED,AZURE_BES1,Electrical Bus,10.65
2023-02-04 07:00:21+00:00,REAL_TIME_SCED,AZURE_BES1,Electrical Bus,7.95
2023-02-04 08:00:21+00:00,REAL_TIME_SCED,AZURE_BES1,Electrical Bus,1.77
2023-02-04 09:00:20+00:00,REAL_TIME_SCED,AZURE_BES1,Electrical Bus,1.93
2023-02-04 10:00:23+00:00,REAL_TIME_SCED,AZURE_BES1,Electrical Bus,4.1
2023-02-04 11:00:23+00:00,REAL_TIME_SCED,AZURE_BES1,Electrical Bus,3.68
2023-02-04 12:00:22+00:00,REAL_TIME_SCED,AZURE_BES1,Electrical Bus,5.89
2023-02-04 13:00:21+00:00,REAL_TIME_SCED,AZURE_BES1,Electrical Bus,6.61
2023-02-04 14:00:22+00:00,REAL_TIME_SCED,AZURE_BES1,Electrical Bus,5.36
2023-02-04 15:00:21+00:00,REAL_TIME_SCED,AZURE_BES1,Electrical Bus,2.81
2023-02-04 16:00:23+00:00,REAL_TIME_SCED,AZURE_BES1,Electrical Bus,2.83
2023-02-04 17:00:23+00:00,REAL_TIME_SCED,AZURE_BES1,Electrical Bus,0.22
2023-02-04 18:00:24+00:00,REAL_TIME_SCED,AZURE_BES1,Electrical Bus,-2.24
2023-02-04 19:00:25+00:00,REAL_TIME_SCED,AZURE_BES1,Electrical Bus,-2.95
2023-02-04 20:00:25+00:00,REAL_TIME_SCED,AZURE_BES1,Electrical Bus,-3.15
2023-02-04 21:00:23+00:00,REAL_TIME_SCED,AZURE_BES1,Electrical Bus,-3.88
2023-02-04 22:00:20+00:00,REAL_TIME_SCED,AZURE_BES1,Electrical Bus,-3.18
2023-02-04 23:00:20+00:00,REAL_TIME_SCED,AZURE_BES1,Electrical Bus,-0.3
2023-02-05 00:00:20+00:00,REAL_TIME_SCED,AZURE_BES1,Electrical Bus,18.71
2023-02-05 01:00:19+00:00,REAL_TIME_SCED,AZURE_BES1,Electrical Bus,11.18
2023-02-05 02:00:20+00:00,REAL_TIME_SCED,AZURE_BES1,Electrical Bus,1.23
2023-02-05 03:00:20+00:00,REAL_TIME_SCED,AZURE_BES1,Electrical Bus,6.25
2023-02-05 04:00:20+00:00,REAL_TIME_SCED,AZURE_BES1,Electrical Bus,7.05
2023-02-05 05:00:23+00:00,REAL_TIME_SCED,AZURE_BES1,Electrical Bus,7.71
2023-02-05 06:00:22+00:00,REAL_TIME_SCED,AZURE_BES1,Electrical Bus,10.4
2023-02-05 07:00:22+00:00,REAL_TIME_SCED,AZURE_BES1,Electrical Bus,9.97
2023-02-05 08:00:21+00:00,REAL_TIME_SCED,AZURE_BES1,Electrical Bus,14.81
2023-02-05 09:00:22+00:00,REAL_TIME_SCED,AZURE_BES1,Electrical Bus,17.19
2023-02-05 10:00:25+00:00,REAL_TIME_SCED,AZURE_BES1,Electrical Bus,17.32
2023-02-05 11:00:22+00:00,REAL_TIME_SCED,AZURE_BES1,Electrical Bus,17.88
2023-02-05 12:00:22+00:00,REAL_TIME_SCED,AZURE_BES1,Electrical Bus,26.34
2023-02-05 13:00:23+00:00,REAL_TIME_SCED,AZURE_BES1,Electrical Bus,21.45
2023-02-05 14:00:23+00:00,REAL_TIME_SCED,AZURE_BES1,Electrical Bus,20.91
2023-02-05 15:00:19+00:00,REAL_TIME_SCED,AZURE_BES1,Electrical Bus,16.97
2023-02-05 16:00:21+00:00,REAL_TIME_SCED,AZURE_BES1,Electrical Bus,15.66
2023-02-05 17:00:21+00:00,REAL_TIME_SCED,AZURE_BES1,Electrical Bus,13.64
2023-02-05 18:00:20+00:00,REAL_TIME_SCED,AZURE_BES1,Electrical Bus,14.51
2023-02-05 19:00:21+00:00,REAL_TIME_SCED,AZURE_BES1,Electrical Bus,12.66
2023-02-05 20:00:16+00:00,REAL_TIME_SCED,AZURE_BES1,Electrical Bus,10.13
2023-02-05 21:00:14+00:00,REAL_TIME_SCED,AZURE_BES1,Electrical Bus,0.01
2023-02-05 22:00:21+00:00,REAL_TIME_SCED,AZURE_BES1,Electrical Bus,0
2023-02-05 23:00:22+00:00,REAL_TIME_SCED,AZURE_BES1,Electrical Bus,9.36
2023-02-06 00:00:19+00:00,REAL_TIME_SCED,AZURE_BES1,Electrical Bus,21.4
2023-02-06 01:00:22+00:00,REAL_TIME_SCED,AZURE_BES1,Electrical Bus,14.31
2023-02-06 02:00:21+00:00,REAL_TIME_SCED,AZURE_BES1,Electrical Bus,-0.61
2023-02-06 03:00:21+00:00,REAL_TIME_SCED,AZURE_BES1,Electrical Bus,-2.66
2023-02-06 04:00:22+00:00,REAL_TIME_SCED,AZURE_BES1,Electrical Bus,-4.4
2023-02-06 05:00:22+00:00,REAL_TIME_SCED,AZURE_BES1,Electrical Bus,-26.02
2023-02-06 06:00:24+00:00,REAL_TIME_SCED,AZURE_BES1,Electrical Bus,-31.66
2023-02-06 07:00:22+00:00,REAL_TIME_SCED,AZURE_BES1,Electrical Bus,-31.66
2023-02-06 08:00:22+00:00,REAL_TIME_SCED,AZURE_BES1,Electrical Bus,-31.66
2023-02-06 09:00:21+00:00,REAL_TIME_SCED,AZURE_BES1,Electrical Bus,-31.65
2023-02-06 10:00:24+00:00,REAL_TIME_SCED,AZURE_BES1,Electrical Bus,-31.59
2023-02-06 11:00:23+00:00,REAL_TIME_SCED,AZURE_BES1,Electrical Bus,-13.64
2023-02-06 12:00:21+00:00,REAL_TIME_SCED,AZURE_BES1,Electrical Bus,-2.92
2023-02-06 13:00:24+00:00,REAL_TIME_SCED,AZURE_BES1,Electrical Bus,-2.93
2023-02-06 14:00:21+00:00,REAL_TIME_SCED,AZURE_BES1,Electrical Bus,-3.24
2023-02-06 15:00:22+00:00,REAL_TIME_SCED,AZURE_BES1,Electrical Bus,-3.58
2023-02-06 16:00:23+00:00,REAL_TIME_SCED,AZURE_BES1,Electrical Bus,-3.62
2023-02-06 17:00:24+00:00,REAL_TIME_SCED,AZURE_BES1,Electrical Bus,-4.67
2023-02-06 18:00:25+00:00,REAL_TIME_SCED,AZURE_BES1,Electrical Bus,-3.95
2023-02-06 19:00:25+00:00,REAL_TIME_SCED,AZURE_BES1,Electrical Bus,-4.03
2023-02-06 20:00:25+00:00,REAL_TIME_SCED,AZURE_BES1,Electrical Bus,-4.89
2023-02-06 21:00:23+00:00,REAL_TIME_SCED,AZURE_BES1,Electrical Bus,-4.49
2023-02-06 22:00:27+00:00,REAL_TIME_SCED,AZURE_BES1,Electrical Bus,-2.53
2023-02-06 23:00:26+00:00,REAL_TIME_SCED,AZURE_BES1,Electrical Bus,-0.47
2023-02-07 00:00:26+00:00,REAL_TIME_SCED,AZURE_BES1,Electrical Bus,20.16
2023-02-07 01:00:26+00:00,REAL_TIME_SCED,AZURE_BES1,Electrical Bus,4.56
2023-02-07 02:00:24+00:00,REAL_TIME_SCED,AZURE_BES1,Electrical Bus,-2.46
2023-02-07 03:00:25+00:00,REAL_TIME_SCED,AZURE_BES1,Electrical Bus,-2.78
2023-02-07 04:00:28+00:00,REAL_TIME_SCED,AZURE_BES1,Electrical Bus,-2.29
2023-02-07 05:00:24+00:00,REAL_TIME_SCED,AZURE_BES1,Electrical Bus,-3.42
2023-02-07 06:00:23+00:00,REAL_TIME_SCED,AZURE_BES1,Electrical Bus,-5.1
2023-02-07 07:00:27+00:00,REAL_TIME_SCED,AZURE_BES1,Electrical Bus,-4.04
2023-02-07 08:00:23+00:00,REAL_TIME_SCED,AZURE_BES1,Electrical Bus,-2.67
2023-02-07 09:00:22+00:00,REAL_TIME_SCED,AZURE_BES1,Electrical Bus,-3.27
2023-02-07 10:00:25+00:00,REAL_TIME_SCED,AZURE_BES1,Electrical Bus,-3.61
2023-02-07 11:00:28+00:00,REAL_TIME_SCED,AZURE_BES1,Electrical Bus,-0.51
2023-02-07 12:00:24+00:00,REAL_TIME_SCED,AZURE_BES1,Electrical Bus,-0.46
2023-02-07 13:00:29+00:00,REAL_TIME_SCED,AZURE_BES1,Electrical Bus,0.2
2023-02-07 14:00:25+00:00,REAL_TIME_SCED,AZURE_BES1,Electrical Bus,1.29
2023-02-07 15:00:26+00:00,REAL_TIME_SCED,AZURE_BES1,Electrical Bus,3.66
2023-02-07 16:00:26+00:00,REAL_TIME_SCED,AZURE_BES1,Electrical Bus,-0.5
2023-02-07 17:00:25+00:00,REAL_TIME_SCED,AZURE_BES1,Electrical Bus,-0.9
2023-02-07 18:00:25+00:00,REAL_TIME_SCED,AZURE_BES1,Electrical Bus,-1.14
2023-02-07 19:00:25+00:00,REAL_TIME_SCED,AZURE_BES1,Electrical Bus,-1.82
2023-02-07 20:00:24+00:00,REAL_TIME_SCED,AZURE_BES1,Electrical Bus,-2.38
2023-02-07 21:00:22+00:00,REAL_TIME_SCED,AZURE_BES1,Electrical Bus,-1.49
2023-02-07 22:00:24+00:00,REAL_TIME_SCED,AZURE_BES1,Electrical Bus,0.06
2023-02-07 23:00:25+00:00,REAL_TIME_SCED,AZURE_BES1,Electrical Bus,12.98
2023-02-08 00:00:23+00:00,REAL_TIME_SCED,AZURE_BES1,Electrical Bus,22.44
2023-02-08 01:00:21+00:00,REAL_TIME_SCED,AZURE_BES1,Electrical Bus,23.29
2023-02-08 02:00:22+00:00,REAL_TIME_SCED,AZURE_BES1,Electrical Bus,22.37
2023-02-08 03:00:23+00:00,REAL_TIME_SCED,AZURE_BES1,Electrical Bus,19.41
2023-02-08 04:00:24+00:00,REAL_TIME_SCED,AZURE_BES1,Electrical Bus,18.94
2023-02-08 05:00:24+00:00,REAL_TIME_SCED,AZURE_BES1,Electrical Bus,17.63
2023-02-08 06:00:37+00:00,REAL_TIME_SCED,AZURE_BES1,Electrical Bus,15.05
2023-02-08 07:00:21+00:00,REAL_TIME_SCED,AZURE_BES1,Electrical Bus,15.7
2023-02-08 08:00:23+00:00,REAL_TIME_SCED,AZURE_BES1,Electrical Bus,17.26
2023-02-08 09:00:21+00:00,REAL_TIME_SCED,AZURE_BES1,Electrical Bus,14.91
2023-02-08 10:00:24+00:00,REAL_TIME_SCED,AZURE_BES1,Electrical Bus,13.03
2023-02-08 11:00:27+00:00,REAL_TIME_SCED,AZURE_BES1,Electrical Bus,11.08
2023-02-08 12:00:22+00:00,REAL_TIME_SCED,AZURE_BES1,Electrical Bus,19.73
2023-02-08 13:00:22+00:00,REAL_TIME_SCED,AZURE_BES1,Electrical Bus,76.25
2023-02-08 14:00:19+00:00,REAL_TIME_SCED,AZURE_BES1,Electrical Bus,19.6
2023-02-08 15:00:20+00:00,REAL_TIME_SCED,AZURE_BES1,Electrical Bus,16.57
2023-02-08 16:00:25+00:00,REAL_TIME_SCED,AZURE_BES1,Electrical Bus,13.95
2023-02-08 17:00:26+00:00,REAL_TIME_SCED,AZURE_BES1,Electrical Bus,13.17
2023-02-08 18:00:24+00:00,REAL_TIME_SCED,AZURE_BES1,Electrical Bus,14.25
2023-02-08 19:00:25+00:00,REAL_TIME_SCED,AZURE_BES1,Electrical Bus,14.16
2023-02-08 20:00:27+00:00,REAL_TIME_SCED,AZURE_BES1,Electrical Bus,8.57
2023-02-08 21:00:25+00:00,REAL_TIME_SCED,AZURE_BES1,Electrical Bus,9.64
2023-02-08 22:00:24+00:00,REAL_TIME_SCED,AZURE_BES1,Electrical Bus,10.15
2023-02-08 23:00:26+00:00,REAL_TIME_SCED,AZURE_BES1,Electrical Bus,12.2
2023-02-09 00:00:22+00:00,REAL_TIME_SCED,AZURE_BES1,Electrical Bus,55.06
2023-02-09 01:00:19+00:00,REAL_TIME_SCED,AZURE_BES1,Electrical Bus,26.49
2023-02-09 02:00:22+00:00,REAL_TIME_SCED,AZURE_BES1,Electrical Bus,75
2023-02-09 03:00:19+00:00,REAL_TIME_SCED,AZURE_BES1,Electrical Bus,76.35
2023-02-09 04:00:21+00:00,REAL_TIME_SCED,AZURE_BES1,Electrical Bus,22.38
2023-02-09 05:00:19+00:00,REAL_TIME_SCED,AZURE_BES1,Electrical Bus,21.02
2023-02-09 06:00:27+00:00,REAL_TIME_SCED,AZURE_BES1,Electrical Bus,18.71
2023-02-09 07:00:24+00:00,REAL_TIME_SCED,AZURE_BES1,Electrical Bus,18.84
2023-02-09 08:00:22+00:00,REAL_TIME_SCED,AZURE_BES1,Electrical Bus,21.41
2023-02-09 09:00:21+00:00,REAL_TIME_SCED,AZURE_BES1,Electrical Bus,21.42
2023-02-09 10:00:21+00:00,REAL_TIME_SCED,AZURE_BES1,Electrical Bus,26.17
2023-02-09 11:00:26+00:00,REAL_TIME_SCED,AZURE_BES1,Electrical Bus,20.88
2023-02-09 12:00:22+00:00,REAL_TIME_SCED,AZURE_BES1,Electrical Bus,30.07
2023-02-09 13:00:22+00:00,REAL_TIME_SCED,AZURE_BES1,Electrical Bus,75
2023-02-09 14:00:21+00:00,REAL_TIME_SCED,AZURE_BES1,Electrical Bus,23.48
2023-02-09 15:00:19+00:00,REAL_TIME_SCED,AZURE_BES1,Electrical Bus,18.32
2023-02-09 16:00:24+00:00,REAL_TIME_SCED,AZURE_BES1,Electrical Bus,14.38
2023-02-09 17:00:22+00:00,REAL_TIME_SCED,AZURE_BES1,Electrical Bus,8.57
2023-02-09 18:00:24+00:00,REAL_TIME_SCED,AZURE_BES1,Electrical Bus,11.22
2023-02-09 19:00:22+00:00,REAL_TIME_SCED,AZURE_BES1,Electrical Bus,9.21
2023-02-09 20:00:26+00:00,REAL_TIME_SCED,AZURE_BES1,Electrical Bus,4.4
2023-02-09 21:00:23+00:00,REAL_TIME_SCED,AZURE_BES1,Electrical Bus,0.27
2023-02-09 22:00:24+00:00,REAL_TIME_SCED,AZURE_BES1,Electrical Bus,0.01
2023-02-09 23:00:21+00:00,REAL_TIME_SCED,AZURE_BES1,Electrical Bus,5.63
2023-02-10 00:00:25+00:00,REAL_TIME_SCED,AZURE_BES1,Electrical Bus,13.45
2023-02-10 01:00:21+00:00,REAL_TIME_SCED,AZURE_BES1,Electrical Bus,2.83
2023-02-10 02:00:21+00:00,REAL_TIME_SCED,AZURE_BES1,Electrical Bus,-2.75
2023-02-10 03:00:23+00:00,REAL_TIME_SCED,AZURE_BES1,Electrical Bus,-3.84
2023-02-10 04:00:25+00:00,REAL_TIME_SCED,AZURE_BES1,Electrical Bus,-3.9
2023-02-10 05:00:23+00:00,REAL_TIME_SCED,AZURE_BES1,Electrical Bus,-4.03
2023-02-10 06:00:27+00:00,REAL_TIME_SCED,AZURE_BES1,Electrical Bus,-2.74
2023-02-10 07:00:26+00:00,REAL_TIME_SCED,AZURE_BES1,Electrical Bus,-0.47
2023-02-10 08:00:22+00:00,REAL_TIME_SCED,AZURE_BES1,Electrical Bus,0.41
2023-02-10 09:00:22+00:00,REAL_TIME_SCED,AZURE_BES1,Electrical Bus,9.08
2023-02-10 10:00:24+00:00,REAL_TIME_SCED,AZURE_BES1,Electrical Bus,8.22
2023-02-10 11:00:28+00:00,REAL_TIME_SCED,AZURE_BES1,Electrical Bus,12.02
2023-02-10 12:00:21+00:00,REAL_TIME_SCED,AZURE_BES1,Electrical Bus,15.51
2023-02-10 13:00:23+00:00,REAL_TIME_SCED,AZURE_BES1,Electrical Bus,19.99
2023-02-10 14:00:23+00:00,REAL_TIME_SCED,AZURE_BES1,Electrical Bus,19.82
2023-02-10 15:00:27+00:00,REAL_TIME_SCED,AZURE_BES1,Electrical Bus,0
2023-02-10 16:00:24+00:00,REAL_TIME_SCED,AZURE_BES1,Electrical Bus,-0.2
2023-02-10 17:00:24+00:00,REAL_TIME_SCED,AZURE_BES1,Electrical Bus,-2.86
2023-02-10 18:00:22+00:00,REAL_TIME_SCED,AZURE_BES1,Electrical Bus,-1.89
2023-02-10 19:00:25+00:00,REAL_TIME_SCED,AZURE_BES1,Electrical Bus,-2.34
2023-02-10 20:00:22+00:00,REAL_TIME_SCED,AZURE_BES1,Electrical Bus,-2.83
2023-02-10 21:00:20+00:00,REAL_TIME_SCED,AZURE_BES1,Electrical Bus,-3.29
2023-02-10 22:00:22+00:00,REAL_TIME_SCED,AZURE_BES1,Electrical Bus,-2.06
2023-02-10 23:00:22+00:00,REAL_TIME_SCED,AZURE_BES1,Electrical Bus,-2.14
2023-02-11 00:00:23+00:00,REAL_TIME_SCED,AZURE_BES1,Electrical Bus,14.32
2023-02-11 01:00:24+00:00,REAL_TIME_SCED,AZURE_BES1,Electrical Bus,21.72
2023-02-11 02:00:22+00:00,REAL_TIME_SCED,AZURE_BES1,Electrical Bus,24.91
2023-02-11 03:00:23+00:00,REAL_TIME_SCED,AZURE_BES1,Electrical Bus,25.38
2023-02-11 04:00:23+00:00,REAL_TIME_SCED,AZURE_BES1,Electrical Bus,40.82
2023-02-11 05:00:22+00:00,REAL_TIME_SCED,AZURE_BES1,Electrical Bus,51.95
2023-02-11 06:00:25+00:00,REAL_TIME_SCED,AZURE_BES1,Electrical Bus,40.38
2023-02-11 07:00:23+00:00,REAL_TIME_SCED,AZURE_BES1,Electrical Bus,43.3
2023-02-11 08:00:20+00:00,REAL_TIME_SCED,AZURE_BES1,Electrical Bus,24.12
2023-02-11 09:00:22+00:00,REAL_TIME_SCED,AZURE_BES1,Electrical Bus,27.45
2023-02-11 10:00:25+00:00,REAL_TIME_SCED,AZURE_BES1,Electrical Bus,28.05
2023-02-11 11:00:25+00:00,REAL_TIME_SCED,AZURE_BES1,Electrical Bus,32.68
2023-02-11 12:00:23+00:00,REAL_TIME_SCED,AZURE_BES1,Electrical Bus,28.9
2023-02-11 13:00:27+00:00,REAL_TIME_SCED,AZURE_BES1,Electrical Bus,39.64
2023-02-11 14:00:20+00:00,REAL_TIME_SCED,AZURE_BES1,Electrical Bus,25.53
2023-02-11 15:00:15+00:00,REAL_TIME_SCED,AZURE_BES1,Electrical Bus,20.8
2023-02-11 16:00:16+00:00,REAL_TIME_SCED,AZURE_BES1,Electrical Bus,18.02
2023-02-11 17:00:20+00:00,REAL_TIME_SCED,AZURE_BES1,Electrical Bus,16.66
2023-02-11 18:00:20+00:00,REAL_TIME_SCED,AZURE_BES1,Electrical Bus,14.62
2023-02-11 19:00:20+00:00,REAL_TIME_SCED,AZURE_BES1,Electrical Bus,12.46
2023-02-11 20:00:21+00:00,REAL_TIME_SCED,AZURE_BES1,Electrical Bus,11.13
2023-02-11 21:00:21+00:00,REAL_TIME_SCED,AZURE_BES1,Electrical Bus,9.51
2023-02-11 22:00:15+00:00,REAL_TIME_SCED,AZURE_BES1,Electrical Bus,9.51
2023-02-11 23:00:14+00:00,REAL_TIME_SCED,AZURE_BES1,Electrical Bus,16.35
2023-02-12 00:00:14+00:00,REAL_TIME_SCED,AZURE_BES1,Electrical Bus,23.63
2023-02-12 01:00:20+00:00,REAL_TIME_SCED,AZURE_BES1,Electrical Bus,22.7
2023-02-12 02:00:21+00:00,REAL_TIME_SCED,AZURE_BES1,Electrical Bus,23.93
2023-02-12 03:00:20+00:00,REAL_TIME_SCED,AZURE_BES1,Electrical Bus,21.19
2023-02-12 04:00:20+00:00,REAL_TIME_SCED,AZURE_BES1,Electrical Bus,19.7
2023-02-12 05:00:23+00:00,REAL_TIME_SCED,AZURE_BES1,Electrical Bus,20.11
2023-02-12 06:00:22+00:00,REAL_TIME_SCED,AZURE_BES1,Electrical Bus,18.5
2023-02-12 07:00:22+00:00,REAL_TIME_SCED,AZURE_BES1,Electrical Bus,11
2023-02-12 08:00:25+00:00,REAL_TIME_SCED,AZURE_BES1,Electrical Bus,10.4
2023-02-12 09:00:23+00:00,REAL_TIME_SCED,AZURE_BES1,Electrical Bus,0.39
2023-02-12 10:00:22+00:00,REAL_TIME_SCED,AZURE_BES1,Electrical Bus,0.98
2023-02-12 11:00:22+00:00,REAL_TIME_SCED,AZURE_BES1,Electrical Bus,4.06
2023-02-12 12:00:23+00:00,REAL_TIME_SCED,AZURE_BES1,Electrical Bus,4.67
2023-02-12 13:00:23+00:00,REAL_TIME_SCED,AZURE_BES1,Electrical Bus,17.41
2023-02-12 14:00:29+00:00,REAL_TIME_SCED,AZURE_BES1,Electrical Bus,4.5
2023-02-12 15:00:23+00:00,REAL_TIME_SCED,AZURE_BES1,Electrical Bus,3.27
2023-02-12 16:00:22+00:00,REAL_TIME_SCED,AZURE_BES1,Electrical Bus,3.46
2023-02-12 17:00:22+00:00,REAL_TIME_SCED,AZURE_BES1,Electrical Bus,0.77
2023-02-12 18:00:21+00:00,REAL_TIME_SCED,AZURE_BES1,Electrical Bus,0.84
2023-02-12 19:00:24+00:00,REAL_TIME_SCED,AZURE_BES1,Electrical Bus,4.41
2023-02-12 20:00:20+00:00,REAL_TIME_SCED,AZURE_BES1,Electrical Bus,6.84
2023-02-12 21:00:21+00:00,REAL_TIME_SCED,AZURE_BES1,Electrical Bus,3.64
2023-02-12 22:00:24+00:00,REAL_TIME_SCED,AZURE_BES1,Electrical Bus,0.01
2023-02-12 23:00:20+00:00,REAL_TIME_SCED,AZURE_BES1,Electrical Bus,7.62
2023-02-13 00:00:19+00:00,REAL_TIME_SCED,AZURE_BES1,Electrical Bus,18.91
2023-02-13 01:00:14+00:00,REAL_TIME_SCED,AZURE_BES1,Electrical Bus,14.02
2023-02-13 02:00:22+00:00,REAL_TIME_SCED,AZURE_BES1,Electrical Bus,11.42
2023-02-13 03:00:20+00:00,REAL_TIME_SCED,AZURE_BES1,Electrical Bus,0.01
2023-02-13 04:00:20+00:00,REAL_TIME_SCED,AZURE_BES1,Electrical Bus,4.75
2023-02-13 05:00:22+00:00,REAL_TIME_SCED,AZURE_BES1,Electrical Bus,0.46
2023-02-13 06:00:23+00:00,REAL_TIME_SCED,AZURE_BES1,Electrical Bus,0.21
2023-02-13 07:00:21+00:00,REAL_TIME_SCED,AZURE_BES1,Electrical Bus,8.76
2023-02-13 08:00:21+00:00,REAL_TIME_SCED,AZURE_BES1,Electrical Bus,11.74
2023-02-13 09:00:21+00:00,REAL_TIME_SCED,AZURE_BES1,Electrical Bus,13.53
2023-02-13 10:00:24+00:00,REAL_TIME_SCED,AZURE_BES1,Electrical Bus,13.37
2023-02-13 11:00:21+00:00,REAL_TIME_SCED,AZURE_BES1,Electrical Bus,19.58
2023-02-13 12:00:20+00:00,REAL_TIME_SCED,AZURE_BES1,Electrical Bus,30.07
2023-02-13 13:00:25+00:00,REAL_TIME_SCED,AZURE_BES1,Electrical Bus,30.21
2023-02-13 14:00:21+00:00,REAL_TIME_SCED,AZURE_BES1,Electrical Bus,22.43
2023-02-13 15:00:22+00:00,REAL_TIME_SCED,AZURE_BES1,Electrical Bus,23.63
2023-02-13 16:00:22+00:00,REAL_TIME_SCED,AZURE_BES1,Electrical Bus,22.31
2023-02-13 17:00:22+00:00,REAL_TIME_SCED,AZURE_BES1,Electrical Bus,20.09
2023-02-13 18:00:19+00:00,REAL_TIME_SCED,AZURE_BES1,Electrical Bus,18.94
2023-02-13 19:00:23+00:00,REAL_TIME_SCED,AZURE_BES1,Electrical Bus,21.31
2023-02-13 20:00:21+00:00,REAL_TIME_SCED,AZURE_BES1,Electrical Bus,22.68
2023-02-13 21:00:23+00:00,REAL_TIME_SCED,AZURE_BES1,Electrical Bus,15.55
2023-02-13 22:00:22+00:00,REAL_TIME_SCED,AZURE_BES1,Electrical Bus,15.7
2023-02-13 23:00:23+00:00,REAL_TIME_SCED,AZURE_BES1,Electrical Bus,15.14
2023-02-14 00:00:23+00:00,REAL_TIME_SCED,AZURE_BES1,Electrical Bus,15.01
2023-02-14 01:00:26+00:00,REAL_TIME_SCED,AZURE_BES1,Electrical Bus,14.71
2023-02-14 02:00:24+00:00,REAL_TIME_SCED,AZURE_BES1,Electrical Bus,6
2023-02-14 03:00:23+00:00,REAL_TIME_SCED,AZURE_BES1,Electrical Bus,0.27
2023-02-14 04:00:26+00:00,REAL_TIME_SCED,AZURE_BES1,Electrical Bus,-0.13
2023-02-14 05:00:24+00:00,REAL_TIME_SCED,AZURE_BES1,Electrical Bus,2.39
2023-02-14 06:00:24+00:00,REAL_TIME_SCED,AZURE_BES1,Electrical Bus,15.64
2023-02-14 07:00:26+00:00,REAL_TIME_SCED,AZURE_BES1,Electrical Bus,27.79
2023-02-14 08:00:22+00:00,REAL_TIME_SCED,AZURE_BES1,Electrical Bus,8.92
2023-02-14 09:00:22+00:00,REAL_TIME_SCED,AZURE_BES1,Electrical Bus,17.27
2023-02-14 10:00:27+00:00,REAL_TIME_SCED,AZURE_BES1,Electrical Bus,0.06
2023-02-14 11:00:22+00:00,REAL_TIME_SCED,AZURE_BES1,Electrical Bus,-6.69
2023-02-14 12:00:22+00:00,REAL_TIME_SCED,AZURE_BES1,Electrical Bus,-1.67
2023-02-14 13:00:25+00:00,REAL_TIME_SCED,AZURE_BES1,Electrical Bus,-1.55
2023-02-14 14:00:25+00:00,REAL_TIME_SCED,AZURE_BES1,Electrical Bus,-4.8
2023-02-14 15:00:26+00:00,REAL_TIME_SCED,AZURE_BES1,Electrical Bus,-4.64
2023-02-14 16:00:26+00:00,REAL_TIME_SCED,AZURE_BES1,Electrical Bus,-2.66
2023-02-14 17:00:23+00:00,REAL_TIME_SCED,AZURE_BES1,Electrical Bus,0.76
2023-02-14 18:00:26+00:00,REAL_TIME_SCED,AZURE_BES1,Electrical Bus,1.96
2023-02-14 19:00:22+00:00,REAL_TIME_SCED,AZURE_BES1,Electrical Bus,0.6
2023-02-14 20:00:25+00:00,REAL_TIME_SCED,AZURE_BES1,Electrical Bus,-2.04
2023-02-14 21:00:24+00:00,REAL_TIME_SCED,AZURE_BES1,Electrical Bus,-13.33
2023-02-14 22:00:24+00:00,REAL_TIME_SCED,AZURE_BES1,Electrical Bus,-3.93
2023-02-14 23:00:27+00:00,REAL_TIME_SCED,AZURE_BES1,Electrical Bus,-1.17
2023-02-15 00:00:24+00:00,REAL_TIME_SCED,AZURE_BES1,Electrical Bus,-1.65
2023-02-15 01:00:23+00:00,REAL_TIME_SCED,AZURE_BES1,Electrical Bus,6.67
2023-02-15 02:00:25+00:00,REAL_TIME_SCED,AZURE_BES1,Electrical Bus,2.4
2023-02-15 03:00:24+00:00,REAL_TIME_SCED,AZURE_BES1,Electrical Bus,0.27
2023-02-15 04:00:24+00:00,REAL_TIME_SCED,AZURE_BES1,Electrical Bus,7.89
2023-02-15 05:00:22+00:00,REAL_TIME_SCED,AZURE_BES1,Electrical Bus,17.91
2023-02-15 06:00:43+00:00,REAL_TIME_SCED,AZURE_BES1,Electrical Bus,19.53
2023-02-15 07:00:23+00:00,REAL_TIME_SCED,AZURE_BES1,Electrical Bus,22.83
2023-02-15 08:00:20+00:00,REAL_TIME_SCED,AZURE_BES1,Electrical Bus,19
2023-02-15 09:00:19+00:00,REAL_TIME_SCED,AZURE_BES1,Electrical Bus,22.58
2023-02-15 10:00:21+00:00,REAL_TIME_SCED,AZURE_BES1,Electrical Bus,22.58
2023-02-15 11:00:20+00:00,REAL_TIME_SCED,AZURE_BES1,Electrical Bus,25.72
2023-02-15 12:00:20+00:00,REAL_TIME_SCED,AZURE_BES1,Electrical Bus,19.76
2023-02-15 13:00:21+00:00,REAL_TIME_SCED,AZURE_BES1,Electrical Bus,22.73
2023-02-15 14:00:20+00:00,REAL_TIME_SCED,AZURE_BES1,Electrical Bus,17.67
2023-02-15 15:00:20+00:00,REAL_TIME_SCED,AZURE_BES1,Electrical Bus,4.78
2023-02-15 16:00:21+00:00,REAL_TIME_SCED,AZURE_BES1,Electrical Bus,8.2
2023-02-15 17:00:24+00:00,REAL_TIME_SCED,AZURE_BES1,Electrical Bus,3.72
2023-02-15 18:00:23+00:00,REAL_TIME_SCED,AZURE_BES1,Electrical Bus,1.07
2023-02-15 19:00:23+00:00,REAL_TIME_SCED,AZURE_BES1,Electrical Bus,1.05
2023-02-15 20:00:26+00:00,REAL_TIME_SCED,AZURE_BES1,Electrical Bus,1.24
2023-02-15 21:00:25+00:00,REAL_TIME_SCED,AZURE_BES1,Electrical Bus,0.75
2023-02-15 22:00:28+00:00,REAL_TIME_SCED,AZURE_BES1,Electrical Bus,0.78
2023-02-15 23:00:27+00:00,REAL_TIME_SCED,AZURE_BES1,Electrical Bus,2.33
2023-02-16 00:00:27+00:00,REAL_TIME_SCED,AZURE_BES1,Electrical Bus,3.95
2023-02-16 01:00:25+00:00,REAL_TIME_SCED,AZURE_BES1,Electrical Bus,-5.61
2023-02-16 02:00:23+00:00,REAL_TIME_SCED,AZURE_BES1,Electrical Bus,-16.35
2023-02-16 03:00:24+00:00,REAL_TIME_SCED,AZURE_BES1,Electrical Bus,-23.15
2023-02-16 04:00:27+00:00,REAL_TIME_SCED,AZURE_BES1,Electrical Bus,-14.98
2023-02-16 05:00:23+00:00,REAL_TIME_SCED,AZURE_BES1,Electrical Bus,-14.24
2023-02-16 06:00:23+00:00,REAL_TIME_SCED,AZURE_BES1,Electrical Bus,-13.79
2023-02-16 07:00:24+00:00,REAL_TIME_SCED,AZURE_BES1,Electrical Bus,-7.62
2023-02-16 08:00:22+00:00,REAL_TIME_SCED,AZURE_BES1,Electrical Bus,-5.83
2023-02-16 09:00:24+00:00,REAL_TIME_SCED,AZURE_BES1,Electrical Bus,-8.1
2023-02-16 10:00:24+00:00,REAL_TIME_SCED,AZURE_BES1,Electrical Bus,-8.16
2023-02-16 11:00:25+00:00,REAL_TIME_SCED,AZURE_BES1,Electrical Bus,-5.84
2023-02-16 12:00:22+00:00,REAL_TIME_SCED,AZURE_BES1,Electrical Bus,-2.35
2023-02-16 13:00:26+00:00,REAL_TIME_SCED,AZURE_BES1,Electrical Bus,5.24
2023-02-16 14:00:26+00:00,REAL_TIME_SCED,AZURE_BES1,Electrical Bus,6.67
2023-02-16 15:00:24+00:00,REAL_TIME_SCED,AZURE_BES1,Electrical Bus,0.77
2023-02-16 16:00:22+00:00,REAL_TIME_SCED,AZURE_BES1,Electrical Bus,-2.49
2023-02-16 17:00:24+00:00,REAL_TIME_SCED,AZURE_BES1,Electrical Bus,-0.34
2023-02-16 18:00:25+00:00,REAL_TIME_SCED,AZURE_BES1,Electrical Bus,-0.17
2023-02-16 19:00:25+00:00,REAL_TIME_SCED,AZURE_BES1,Electrical Bus,-0.06
2023-02-16 20:00:24+00:00,REAL_TIME_SCED,AZURE_BES1,Electrical Bus,-3.35
2023-02-16 21:00:28+00:00,REAL_TIME_SCED,AZURE_BES1,Electrical Bus,-4.31
2023-02-16 22:00:23+00:00,REAL_TIME_SCED,AZURE_BES1,Electrical Bus,-4.41
2023-02-16 23:00:27+00:00,REAL_TIME_SCED,AZURE_BES1,Electrical Bus,-5
2023-02-17 00:00:22+00:00,REAL_TIME_SCED,AZURE_BES1,Electrical Bus,-2.78
2023-02-17 01:00:24+00:00,REAL_TIME_SCED,AZURE_BES1,Electrical Bus,15.13
2023-02-17 02:00:22+00:00,REAL_TIME_SCED,AZURE_BES1,Electrical Bus,16.1
2023-02-17 03:00:22+00:00,REAL_TIME_SCED,AZURE_BES1,Electrical Bus,14.58
2023-02-17 04:00:23+00:00,REAL_TIME_SCED,AZURE_BES1,Electrical Bus,11.65
2023-02-17 05:00:22+00:00,REAL_TIME_SCED,AZURE_BES1,Electrical Bus,11.71
2023-02-17 06:00:25+00:00,REAL_TIME_SCED,AZURE_BES1,Electrical Bus,15.51
2023-02-17 07:00:25+00:00,REAL_TIME_SCED,AZURE_BES1,Electrical Bus,15.52
2023-02-17 08:00:24+00:00,REAL_TIME_SCED,AZURE_BES1,Electrical Bus,17.81
2023-02-17 09:00:27+00:00,REAL_TIME_SCED,AZURE_BES1,Electrical Bus,19.74
2023-02-17 10:00:27+00:00,REAL_TIME_SCED,AZURE_BES1,Electrical Bus,22.77
2023-02-17 11:00:25+00:00,REAL_TIME_SCED,AZURE_BES1,Electrical Bus,29.43
2023-02-17 12:00:25+00:00,REAL_TIME_SCED,AZURE_BES1,Electrical Bus,32.89
2023-02-17 13:00:27+00:00,REAL_TIME_SCED,AZURE_BES1,Electrical Bus,77.3
2023-02-17 14:00:26+00:00,REAL_TIME_SCED,AZURE_BES1,Electrical Bus,30.53
2023-02-17 15:00:26+00:00,REAL_TIME_SCED,AZURE_BES1,Electrical Bus,21.61
2023-02-17 16:00:23+00:00,REAL_TIME_SCED,AZURE_BES1,Electrical Bus,17.58
2023-02-17 17:00:24+00:00,REAL_TIME_SCED,AZURE_BES1,Electrical Bus,16.09
2023-02-17 18:00:26+00:00,REAL_TIME_SCED,AZURE_BES1,Electrical Bus,13.9
2023-02-17 19:00:22+00:00,REAL_TIME_SCED,AZURE_BES1,Electrical Bus,13.15
2023-02-17 20:00:25+00:00,REAL_TIME_SCED,AZURE_BES1,Electrical Bus,13
2023-02-17 21:00:22+00:00,REAL_TIME_SCED,AZURE_BES1,Electrical Bus,11.35
2023-02-17 22:00:23+00:00,REAL_TIME_SCED,AZURE_BES1,Electrical Bus,9.83
2023-02-17 23:00:23+00:00,REAL_TIME_SCED,AZURE_BES1,Electrical Bus,15.27
2023-02-18 00:00:15+00:00,REAL_TIME_SCED,AZURE_BES1,Electrical Bus,31.99
2023-02-18 01:00:20+00:00,REAL_TIME_SCED,AZURE_BES1,Electrical Bus,30.93
2023-02-18 02:00:20+00:00,REAL_TIME_SCED,AZURE_BES1,Electrical Bus,30.43
2023-02-18 03:00:20+00:00,REAL_TIME_SCED,AZURE_BES1,Electrical Bus,28.51
2023-02-18 04:00:21+00:00,REAL_TIME_SCED,AZURE_BES1,Electrical Bus,19.47
2023-02-18 05:00:20+00:00,REAL_TIME_SCED,AZURE_BES1,Electrical Bus,6.92
2023-02-18 06:00:23+00:00,REAL_TIME_SCED,AZURE_BES1,Electrical Bus,16.02
2023-02-18 07:00:23+00:00,REAL_TIME_SCED,AZURE_BES1,Electrical Bus,18.53
2023-02-18 08:00:22+00:00,REAL_TIME_SCED,AZURE_BES1,Electrical Bus,17.83
2023-02-18 09:00:21+00:00,REAL_TIME_SCED,AZURE_BES1,Electrical Bus,17.11
2023-02-18 10:00:22+00:00,REAL_TIME_SCED,AZURE_BES1,Electrical Bus,16.99
2023-02-18 11:00:22+00:00,REAL_TIME_SCED,AZURE_BES1,Electrical Bus,13.53
2023-02-18 12:00:21+00:00,REAL_TIME_SCED,AZURE_BES1,Electrical Bus,17.53
2023-02-18 13:00:22+00:00,REAL_TIME_SCED,AZURE_BES1,Electrical Bus,19.99
2023-02-18 14:00:23+00:00,REAL_TIME_SCED,AZURE_BES1,Electrical Bus,18.73
2023-02-18 15:00:22+00:00,REAL_TIME_SCED,AZURE_BES1,Electrical Bus,16.06
2023-02-18 16:00:22+00:00,REAL_TIME_SCED,AZURE_BES1,Electrical Bus,8.09
2023-02-18 17:00:25+00:00,REAL_TIME_SCED,AZURE_BES1,Electrical Bus,4.78
2023-02-18 18:00:24+00:00,REAL_TIME_SCED,AZURE_BES1,Electrical Bus,0.27
2023-02-18 19:00:25+00:00,REAL_TIME_SCED,AZURE_BES1,Electrical Bus,-0.24
2023-02-18 20:00:23+00:00,REAL_TIME_SCED,AZURE_BES1,Electrical Bus,1.06
2023-02-18 21:00:23+00:00,REAL_TIME_SCED,AZURE_BES1,Electrical Bus,-1.88
2023-02-18 22:00:23+00:00,REAL_TIME_SCED,AZURE_BES1,Electrical Bus,-0.97
2023-02-18 23:00:23+00:00,REAL_TIME_SCED,AZURE_BES1,Electrical Bus,-1.3
2023-02-19 00:00:22+00:00,REAL_TIME_SCED,AZURE_BES1,Electrical Bus,8.91
2023-02-19 01:00:23+00:00,REAL_TIME_SCED,AZURE_BES1,Electrical Bus,0.42
2023-02-19 02:00:21+00:00,REAL_TIME_SCED,AZURE_BES1,Electrical Bus,-6.77
2023-02-19 03:00:21+00:00,REAL_TIME_SCED,AZURE_BES1,Electrical Bus,-3.72
2023-02-19 04:00:22+00:00,REAL_TIME_SCED,AZURE_BES1,Electrical Bus,-11.61
2023-02-19 05:00:24+00:00,REAL_TIME_SCED,AZURE_BES1,Electrical Bus,-5.73
2023-02-19 06:00:23+00:00,REAL_TIME_SCED,AZURE_BES1,Electrical Bus,-1.72
2023-02-19 07:00:25+00:00,REAL_TIME_SCED,AZURE_BES1,Electrical Bus,-7.64
2023-02-19 08:00:23+00:00,REAL_TIME_SCED,AZURE_BES1,Electrical Bus,-8.72
2023-02-19 09:00:24+00:00,REAL_TIME_SCED,AZURE_BES1,Electrical Bus,-3.66
2023-02-19 10:00:25+00:00,REAL_TIME_SCED,AZURE_BES1,Electrical Bus,-4.53
2023-02-19 11:00:27+00:00,REAL_TIME_SCED,AZURE_BES1,Electrical Bus,0.13
2023-02-19 12:00:24+00:00,REAL_TIME_SCED,AZURE_BES1,Electrical Bus,7.35
2023-02-19 13:00:25+00:00,REAL_TIME_SCED,AZURE_BES1,Electrical Bus,18.44
2023-02-19 14:00:22+00:00,REAL_TIME_SCED,AZURE_BES1,Electrical Bus,18.88
2023-02-19 15:00:24+00:00,REAL_TIME_SCED,AZURE_BES1,Electrical Bus,19.52
2023-02-19 16:00:22+00:00,REAL_TIME_SCED,AZURE_BES1,Electrical Bus,17.21
2023-02-19 17:00:21+00:00,REAL_TIME_SCED,AZURE_BES1,Electrical Bus,14.47
2023-02-19 18:00:24+00:00,REAL_TIME_SCED,AZURE_BES1,Electrical Bus,13.37
2023-02-19 19:00:21+00:00,REAL_TIME_SCED,AZURE_BES1,Electrical Bus,13.46
2023-02-19 20:00:23+00:00,REAL_TIME_SCED,AZURE_BES1,Electrical Bus,4.19
2023-02-19 21:00:23+00:00,REAL_TIME_SCED,AZURE_BES1,Electrical Bus,-0.43
2023-02-19 22:00:23+00:00,REAL_TIME_SCED,AZURE_BES1,Electrical Bus,6.37
2023-02-19 23:00:25+00:00,REAL_TIME_SCED,AZURE_BES1,Electrical Bus,18.03
2023-02-20 00:00:23+00:00,REAL_TIME_SCED,AZURE_BES1,Electrical Bus,4.97
2023-02-20 01:00:23+00:00,REAL_TIME_SCED,AZURE_BES1,Electrical Bus,-17.14
2023-02-20 02:00:24+00:00,REAL_TIME_SCED,AZURE_BES1,Electrical Bus,-20.46
2023-02-20 03:00:23+00:00,REAL_TIME_SCED,AZURE_BES1,Electrical Bus,-8.47
2023-02-20 04:00:24+00:00,REAL_TIME_SCED,AZURE_BES1,Electrical Bus,-11.16
2023-02-20 05:00:25+00:00,REAL_TIME_SCED,AZURE_BES1,Electrical Bus,-10.74
2023-02-20 06:00:25+00:00,REAL_TIME_SCED,AZURE_BES1,Electrical Bus,-8.5
2023-02-20 07:00:26+00:00,REAL_TIME_SCED,AZURE_BES1,Electrical Bus,-8.82
2023-02-20 08:00:25+00:00,REAL_TIME_SCED,AZURE_BES1,Electrical Bus,-0.42
2023-02-20 09:00:24+00:00,REAL_TIME_SCED,AZURE_BES1,Electrical Bus,-0.69
2023-02-20 10:00:23+00:00,REAL_TIME_SCED,AZURE_BES1,Electrical Bus,-6.14
2023-02-20 11:00:21+00:00,REAL_TIME_SCED,AZURE_BES1,Electrical Bus,0.91
2023-02-20 12:00:22+00:00,REAL_TIME_SCED,AZURE_BES1,Electrical Bus,-1.98
2023-02-20 13:00:25+00:00,REAL_TIME_SCED,AZURE_BES1,Electrical Bus,-1.27
2023-02-20 14:00:24+00:00,REAL_TIME_SCED,AZURE_BES1,Electrical Bus,-1.19
2023-02-20 15:00:22+00:00,REAL_TIME_SCED,AZURE_BES1,Electrical Bus,0.47
2023-02-20 16:00:27+00:00,REAL_TIME_SCED,AZURE_BES1,Electrical Bus,-0.03
2023-02-20 17:00:26+00:00,REAL_TIME_SCED,AZURE_BES1,Electrical Bus,-0.7
2023-02-20 18:00:25+00:00,REAL_TIME_SCED,AZURE_BES1,Electrical Bus,-0.05
2023-02-20 19:00:29+00:00,REAL_TIME_SCED,AZURE_BES1,Electrical Bus,0.41
2023-02-20 20:00:27+00:00,REAL_TIME_SCED,AZURE_BES1,Electrical Bus,0.5
2023-02-20 21:00:25+00:00,REAL_TIME_SCED,AZURE_BES1,Electrical Bus,2.08
2023-02-20 22:00:27+00:00,REAL_TIME_SCED,AZURE_BES1,Electrical Bus,2.15
2023-02-20 23:00:23+00:00,REAL_TIME_SCED,AZURE_BES1,Electrical Bus,3.53
2023-02-21 00:00:25+00:00,REAL_TIME_SCED,AZURE_BES1,Electrical Bus,17.95
2023-02-21 01:00:22+00:00,REAL_TIME_SCED,AZURE_BES1,Electrical Bus,20.09
2023-02-21 02:00:24+00:00,REAL_TIME_SCED,AZURE_BES1,Electrical Bus,17.51
2023-02-21 03:00:26+00:00,REAL_TIME_SCED,AZURE_BES1,Electrical Bus,10.99
2023-02-21 04:00:27+00:00,REAL_TIME_SCED,AZURE_BES1,Electrical Bus,10.62
2023-02-21 05:00:25+00:00,REAL_TIME_SCED,AZURE_BES1,Electrical Bus,11.38
2023-02-21 06:00:24+00:00,REAL_TIME_SCED,AZURE_BES1,Electrical Bus,10.61
2023-02-21 07:00:26+00:00,REAL_TIME_SCED,AZURE_BES1,Electrical Bus,6.27
2023-02-21 08:00:25+00:00,REAL_TIME_SCED,AZURE_BES1,Electrical Bus,1.72
2023-02-21 09:00:24+00:00,REAL_TIME_SCED,AZURE_BES1,Electrical Bus,1.98
2023-02-21 10:00:25+00:00,REAL_TIME_SCED,AZURE_BES1,Electrical Bus,4.13
2023-02-21 11:00:23+00:00,REAL_TIME_SCED,AZURE_BES1,Electrical Bus,9.2
2023-02-21 12:00:22+00:00,REAL_TIME_SCED,AZURE_BES1,Electrical Bus,17.21
2023-02-21 13:00:26+00:00,REAL_TIME_SCED,AZURE_BES1,Electrical Bus,15.23
2023-02-21 14:00:24+00:00,REAL_TIME_SCED,AZURE_BES1,Electrical Bus,4.72
2023-02-21 15:00:26+00:00,REAL_TIME_SCED,AZURE_BES1,Electrical Bus,7.57
2023-02-21 16:00:22+00:00,REAL_TIME_SCED,AZURE_BES1,Electrical Bus,14.17
2023-02-21 17:00:23+00:00,REAL_TIME_SCED,AZURE_BES1,Electrical Bus,9.64
2023-02-21 18:00:24+00:00,REAL_TIME_SCED,AZURE_BES1,Electrical Bus,2.43
2023-02-21 19:00:27+00:00,REAL_TIME_SCED,AZURE_BES1,Electrical Bus,0.73
2023-02-21 20:00:27+00:00,REAL_TIME_SCED,AZURE_BES1,Electrical Bus,-5.91
2023-02-21 21:00:33+00:00,REAL_TIME_SCED,AZURE_BES1,Electrical Bus,-4.26
2023-02-21 22:00:29+00:00,REAL_TIME_SCED,AZURE_BES1,Electrical Bus,-2.43
2023-02-21 23:00:34+00:00,REAL_TIME_SCED,AZURE_BES1,Electrical Bus,-2.45
2023-02-22 00:00:32+00:00,REAL_TIME_SCED,AZURE_BES1,Electrical Bus,1.54
2023-02-22 01:00:26+00:00,REAL_TIME_SCED,AZURE_BES1,Electrical Bus,2.54
2023-02-22 02:00:28+00:00,REAL_TIME_SCED,AZURE_BES1,Electrical Bus,-4.24
2023-02-22 03:00:27+00:00,REAL_TIME_SCED,AZURE_BES1,Electrical Bus,-1.67
2023-02-22 04:00:29+00:00,REAL_TIME_SCED,AZURE_BES1,Electrical Bus,0.12
2023-02-22 05:00:28+00:00,REAL_TIME_SCED,AZURE_BES1,Electrical Bus,3.49
2023-02-22 06:00:40+00:00,REAL_TIME_SCED,AZURE_BES1,Electrical Bus,2.91
2023-02-22 07:00:35+00:00,REAL_TIME_SCED,AZURE_BES1,Electrical Bus,2.61
2023-02-22 08:00:29+00:00,REAL_TIME_SCED,AZURE_BES1,Electrical Bus,-1.59
2023-02-22 09:00:28+00:00,REAL_TIME_SCED,AZURE_BES1,Electrical Bus,0.34
2023-02-22 10:00:28+00:00,REAL_TIME_SCED,AZURE_BES1,Electrical Bus,-0.08
2023-02-22 11:00:27+00:00,REAL_TIME_SCED,AZURE_BES1,Electrical Bus,-4.26
2023-02-22 12:00:27+00:00,REAL_TIME_SCED,AZURE_BES1,Electrical Bus,-0.33
2023-02-22 13:00:29+00:00,REAL_TIME_SCED,AZURE_BES1,Electrical Bus,-18.79
2023-02-22 14:00:31+00:00,REAL_TIME_SCED,AZURE_BES1,Electrical Bus,-10.08
2023-02-22 15:00:32+00:00,REAL_TIME_SCED,AZURE_BES1,Electrical Bus,-10.16
2023-02-22 16:00:27+00:00,REAL_TIME_SCED,AZURE_BES1,Electrical Bus,-5.79
2023-02-22 17:00:26+00:00,REAL_TIME_SCED,AZURE_BES1,Electrical Bus,-8.06
2023-02-22 18:00:24+00:00,REAL_TIME_SCED,AZURE_BES1,Electrical Bus,-9.53
2023-02-22 19:00:28+00:00,REAL_TIME_SCED,AZURE_BES1,Electrical Bus,-9.24
2023-02-22 20:00:30+00:00,REAL_TIME_SCED,AZURE_BES1,Electrical Bus,-11.02
2023-02-22 21:00:28+00:00,REAL_TIME_SCED,AZURE_BES1,Electrical Bus,-7.99
2023-02-22 22:00:25+00:00,REAL_TIME_SCED,AZURE_BES1,Electrical Bus,-11.92
2023-02-22 23:00:28+00:00,REAL_TIME_SCED,AZURE_BES1,Electrical Bus,-5
2023-02-23 00:00:29+00:00,REAL_TIME_SCED,AZURE_BES1,Electrical Bus,3.78
2023-02-23 01:00:23+00:00,REAL_TIME_SCED,AZURE_BES1,Electrical Bus,13.42
2023-02-23 02:00:22+00:00,REAL_TIME_SCED,AZURE_BES1,Electrical Bus,11.7
2023-02-23 03:00:22+00:00,REAL_TIME_SCED,AZURE_BES1,Electrical Bus,2.21
2023-02-23 04:00:27+00:00,REAL_TIME_SCED,AZURE_BES1,Electrical Bus,-1.83
2023-02-23 05:00:25+00:00,REAL_TIME_SCED,AZURE_BES1,Electrical Bus,11.35
2023-02-23 06:00:25+00:00,REAL_TIME_SCED,AZURE_BES1,Electrical Bus,7.36
2023-02-23 07:00:26+00:00,REAL_TIME_SCED,AZURE_BES1,Electrical Bus,5.67
2023-02-23 08:00:27+00:00,REAL_TIME_SCED,AZURE_BES1,Electrical Bus,3.46
2023-02-23 09:00:22+00:00,REAL_TIME_SCED,AZURE_BES1,Electrical Bus,8.74
2023-02-23 10:00:24+00:00,REAL_TIME_SCED,AZURE_BES1,Electrical Bus,7.71
2023-02-23 11:00:22+00:00,REAL_TIME_SCED,AZURE_BES1,Electrical Bus,3.81
2023-02-23 12:00:23+00:00,REAL_TIME_SCED,AZURE_BES1,Electrical Bus,5.72
2023-02-23 13:00:24+00:00,REAL_TIME_SCED,AZURE_BES1,Electrical Bus,12.34
2023-02-23 14:00:22+00:00,REAL_TIME_SCED,AZURE_BES1,Electrical Bus,7.53
2023-02-23 15:00:21+00:00,REAL_TIME_SCED,AZURE_BES1,Electrical Bus,1.02
2023-02-23 16:00:23+00:00,REAL_TIME_SCED,AZURE_BES1,Electrical Bus,0.93
2023-02-23 17:00:25+00:00,REAL_TIME_SCED,AZURE_BES1,Electrical Bus,0.22
2023-02-23 18:00:25+00:00,REAL_TIME_SCED,AZURE_BES1,Electrical Bus,1.05
2023-02-23 19:00:26+00:00,REAL_TIME_SCED,AZURE_BES1,Electrical Bus,0.43
2023-02-23 20:00:26+00:00,REAL_TIME_SCED,AZURE_BES1,Electrical Bus,0.24
2023-02-23 21:00:27+00:00,REAL_TIME_SCED,AZURE_BES1,Electrical Bus,0.15
2023-02-23 22:00:27+00:00,REAL_TIME_SCED,AZURE_BES1,Electrical Bus,0.73
2023-02-23 23:00:27+00:00,REAL_TIME_SCED,AZURE_BES1,Electrical Bus,3.41
2023-02-24 00:00:28+00:00,REAL_TIME_SCED,AZURE_BES1,Electrical Bus,8.48
2023-02-24 01:00:26+00:00,REAL_TIME_SCED,AZURE_BES1,Electrical Bus,16.06
2023-02-24 02:00:23+00:00,REAL_TIME_SCED,AZURE_BES1,Electrical Bus,10.29
2023-02-24 03:00:24+00:00,REAL_TIME_SCED,AZURE_BES1,Electrical Bus,14.1
2023-02-24 04:00:24+00:00,REAL_TIME_SCED,AZURE_BES1,Electrical Bus,16.51
2023-02-24 05:00:22+00:00,REAL_TIME_SCED,AZURE_BES1,Electrical Bus,12.16
2023-02-24 06:00:25+00:00,REAL_TIME_SCED,AZURE_BES1,Electrical Bus,11.19
2023-02-24 07:00:23+00:00,REAL_TIME_SCED,AZURE_BES1,Electrical Bus,10.67
2023-02-24 08:00:21+00:00,REAL_TIME_SCED,AZURE_BES1,Electrical Bus,11.83
2023-02-24 09:00:23+00:00,REAL_TIME_SCED,AZURE_BES1,Electrical Bus,17.56
2023-02-24 10:00:22+00:00,REAL_TIME_SCED,AZURE_BES1,Electrical Bus,18.84
2023-02-24 11:00:22+00:00,REAL_TIME_SCED,AZURE_BES1,Electrical Bus,16.85
2023-02-24 12:00:20+00:00,REAL_TIME_SCED,AZURE_BES1,Electrical Bus,11.77
2023-02-24 13:00:23+00:00,REAL_TIME_SCED,AZURE_BES1,Electrical Bus,15.99
2023-02-24 14:00:21+00:00,REAL_TIME_SCED,AZURE_BES1,Electrical Bus,16.64
2023-02-24 15:00:16+00:00,REAL_TIME_SCED,AZURE_BES1,Electrical Bus,18.39
2023-02-24 16:00:15+00:00,REAL_TIME_SCED,AZURE_BES1,Electrical Bus,18.66
2023-02-24 17:00:17+00:00,REAL_TIME_SCED,AZURE_BES1,Electrical Bus,18.73
2023-02-24 18:00:22+00:00,REAL_TIME_SCED,AZURE_BES1,Electrical Bus,17.97
2023-02-24 19:00:23+00:00,REAL_TIME_SCED,AZURE_BES1,Electrical Bus,18.61
2023-02-24 20:00:23+00:00,REAL_TIME_SCED,AZURE_BES1,Electrical Bus,18.76
2023-02-24 21:00:20+00:00,REAL_TIME_SCED,AZURE_BES1,Electrical Bus,18.91
2023-02-24 22:00:21+00:00,REAL_TIME_SCED,AZURE_BES1,Electrical Bus,34.03
2023-02-24 23:00:24+00:00,REAL_TIME_SCED,AZURE_BES1,Electrical Bus,54.36
2023-02-25 00:00:21+00:00,REAL_TIME_SCED,AZURE_BES1,Electrical Bus,60.15
2023-02-25 01:00:22+00:00,REAL_TIME_SCED,AZURE_BES1,Electrical Bus,48.17
2023-02-25 02:00:24+00:00,REAL_TIME_SCED,AZURE_BES1,Electrical Bus,68.93
2023-02-25 03:00:24+00:00,REAL_TIME_SCED,AZURE_BES1,Electrical Bus,92.11
2023-02-25 04:00:22+00:00,REAL_TIME_SCED,AZURE_BES1,Electrical Bus,46.96
2023-02-25 05:00:22+00:00,REAL_TIME_SCED,AZURE_BES1,Electrical Bus,47.38
2023-02-25 06:00:27+00:00,REAL_TIME_SCED,AZURE_BES1,Electrical Bus,37.38
2023-02-25 07:00:23+00:00,REAL_TIME_SCED,AZURE_BES1,Electrical Bus,40.14
2023-02-25 08:00:22+00:00,REAL_TIME_SCED,AZURE_BES1,Electrical Bus,43.68
2023-02-25 09:00:24+00:00,REAL_TIME_SCED,AZURE_BES1,Electrical Bus,101.84
2023-02-25 10:00:24+00:00,REAL_TIME_SCED,AZURE_BES1,Electrical Bus,49.15
2023-02-25 11:00:25+00:00,REAL_TIME_SCED,AZURE_BES1,Electrical Bus,30.42
2023-02-25 12:00:23+00:00,REAL_TIME_SCED,AZURE_BES1,Electrical Bus,44.76
2023-02-25 13:00:25+00:00,REAL_TIME_SCED,AZURE_BES1,Electrical Bus,29.37
2023-02-25 14:00:22+00:00,REAL_TIME_SCED,AZURE_BES1,Electrical Bus,75.01
2023-02-25 15:00:22+00:00,REAL_TIME_SCED,AZURE_BES1,Electrical Bus,29.16
2023-02-25 16:00:21+00:00,REAL_TIME_SCED,AZURE_BES1,Electrical Bus,55.21
2023-02-25 17:00:22+00:00,REAL_TIME_SCED,AZURE_BES1,Electrical Bus,80.17
2023-02-25 18:00:24+00:00,REAL_TIME_SCED,AZURE_BES1,Electrical Bus,86.63
2023-02-25 19:00:23+00:00,REAL_TIME_SCED,AZURE_BES1,Electrical Bus,48.72
2023-02-25 20:00:21+00:00,REAL_TIME_SCED,AZURE_BES1,Electrical Bus,34.14
2023-02-25 21:00:24+00:00,REAL_TIME_SCED,AZURE_BES1,Electrical Bus,25.94
2023-02-25 22:00:23+00:00,REAL_TIME_SCED,AZURE_BES1,Electrical Bus,24.54
2023-02-25 23:00:22+00:00,REAL_TIME_SCED,AZURE_BES1,Electrical Bus,75.83
2023-02-26 00:00:21+00:00,REAL_TIME_SCED,AZURE_BES1,Electrical Bus,47.07
2023-02-26 01:00:26+00:00,REAL_TIME_SCED,AZURE_BES1,Electrical Bus,53.47
2023-02-26 02:00:24+00:00,REAL_TIME_SCED,AZURE_BES1,Electrical Bus,46.69
2023-02-26 03:00:22+00:00,REAL_TIME_SCED,AZURE_BES1,Electrical Bus,26.73
2023-02-26 04:00:21+00:00,REAL_TIME_SCED,AZURE_BES1,Electrical Bus,23.54
2023-02-26 05:00:26+00:00,REAL_TIME_SCED,AZURE_BES1,Electrical Bus,24.1
2023-02-26 06:00:25+00:00,REAL_TIME_SCED,AZURE_BES1,Electrical Bus,14.82
2023-02-26 07:00:25+00:00,REAL_TIME_SCED,AZURE_BES1,Electrical Bus,22.35
2023-02-26 08:00:25+00:00,REAL_TIME_SCED,AZURE_BES1,Electrical Bus,20.32
2023-02-26 09:00:22+00:00,REAL_TIME_SCED,AZURE_BES1,Electrical Bus,17.58
2023-02-26 10:00:24+00:00,REAL_TIME_SCED,AZURE_BES1,Electrical Bus,18.07
2023-02-26 11:00:23+00:00,REAL_TIME_SCED,AZURE_BES1,Electrical Bus,18.85
2023-02-26 12:00:22+00:00,REAL_TIME_SCED,AZURE_BES1,Electrical Bus,31.99
2023-02-26 13:00:23+00:00,REAL_TIME_SCED,AZURE_BES1,Electrical Bus,27.45
2023-02-26 14:00:22+00:00,REAL_TIME_SCED,AZURE_BES1,Electrical Bus,26.85
2023-02-26 15:00:19+00:00,REAL_TIME_SCED,AZURE_BES1,Electrical Bus,27.45
2023-02-26 16:00:22+00:00,REAL_TIME_SCED,AZURE_BES1,Electrical Bus,17.78
2023-02-26 17:00:23+00:00,REAL_TIME_SCED,AZURE_BES1,Electrical Bus,13.74
2023-02-26 18:00:24+00:00,REAL_TIME_SCED,AZURE_BES1,Electrical Bus,11.3
2023-02-26 19:00:30+00:00,REAL_TIME_SCED,AZURE_BES1,Electrical Bus,5.16
2023-02-26 20:00:28+00:00,REAL_TIME_SCED,AZURE_BES1,Electrical Bus,-0.83
2023-02-26 21:00:26+00:00,REAL_TIME_SCED,AZURE_BES1,Electrical Bus,-2.38
2023-02-26 22:00:23+00:00,REAL_TIME_SCED,AZURE_BES1,Electrical Bus,-2.71
2023-02-26 23:00:28+00:00,REAL_TIME_SCED,AZURE_BES1,Electrical Bus,-2.12
2023-02-27 00:00:28+00:00,REAL_TIME_SCED,AZURE_BES1,Electrical Bus,-2.13
2023-02-27 01:00:25+00:00,REAL_TIME_SCED,AZURE_BES1,Electrical Bus,1.33
2023-02-27 02:00:25+00:00,REAL_TIME_SCED,AZURE_BES1,Electrical Bus,3.98
2023-02-27 03:00:30+00:00,REAL_TIME_SCED,AZURE_BES1,Electrical Bus,3.61
2023-02-27 04:00:26+00:00,REAL_TIME_SCED,AZURE_BES1,Electrical Bus,1.66
2023-02-27 05:00:27+00:00,REAL_TIME_SCED,AZURE_BES1,Electrical Bus,0.81
2023-02-27 06:00:25+00:00,REAL_TIME_SCED,AZURE_BES1,Electrical Bus,1.93
2023-02-27 07:00:25+00:00,REAL_TIME_SCED,AZURE_BES1,Electrical Bus,-0.29
2023-02-27 08:00:23+00:00,REAL_TIME_SCED,AZURE_BES1,Electrical Bus,-2.43
2023-02-27 09:00:23+00:00,REAL_TIME_SCED,AZURE_BES1,Electrical Bus,-3.01
2023-02-27 10:00:29+00:00,REAL_TIME_SCED,AZURE_BES1,Electrical Bus,-0.99
2023-02-27 11:00:24+00:00,REAL_TIME_SCED,AZURE_BES1,Electrical Bus,-0.23
2023-02-27 12:00:22+00:00,REAL_TIME_SCED,AZURE_BES1,Electrical Bus,0.5
2023-02-27 13:00:32+00:00,REAL_TIME_SCED,AZURE_BES1,Electrical Bus,16.57
2023-02-27 14:00:23+00:00,REAL_TIME_SCED,AZURE_BES1,Electrical Bus,3.09
2023-02-27 15:00:23+00:00,REAL_TIME_SCED,AZURE_BES1,Electrical Bus,1.44
2023-02-27 16:00:22+00:00,REAL_TIME_SCED,AZURE_BES1,Electrical Bus,4.01
2023-02-27 17:00:24+00:00,REAL_TIME_SCED,AZURE_BES1,Electrical Bus,21.07
2023-02-27 18:00:23+00:00,REAL_TIME_SCED,AZURE_BES1,Electrical Bus,16.74
2023-02-27 19:00:27+00:00,REAL_TIME_SCED,AZURE_BES1,Electrical Bus,11.2
2023-02-27 20:00:26+00:00,REAL_TIME_SCED,AZURE_BES1,Electrical Bus,5.42
2023-02-27 21:00:23+00:00,REAL_TIME_SCED,AZURE_BES1,Electrical Bus,8.21
2023-02-27 22:00:29+00:00,REAL_TIME_SCED,AZURE_BES1,Electrical Bus,5.96
2023-02-27 23:00:22+00:00,REAL_TIME_SCED,AZURE_BES1,Electrical Bus,7.15
2023-02-28 00:00:23+00:00,REAL_TIME_SCED,AZURE_BES1,Electrical Bus,24.99
2023-02-28 01:00:22+00:00,REAL_TIME_SCED,AZURE_BES1,Electrical Bus,14.07
2023-02-28 02:00:25+00:00,REAL_TIME_SCED,AZURE_BES1,Electrical Bus,7.37
2023-02-28 03:00:24+00:00,REAL_TIME_SCED,AZURE_BES1,Electrical Bus,2.58
2023-02-28 04:00:23+00:00,REAL_TIME_SCED,AZURE_BES1,Electrical Bus,-5.35
2023-02-28 05:00:27+00:00,REAL_TIME_SCED,AZURE_BES1,Electrical Bus,0.05
2023-02-28 06:00:27+00:00,REAL_TIME_SCED,AZURE_BES1,Electrical Bus,0.05
2023-02-28 07:00:28+00:00,REAL_TIME_SCED,AZURE_BES1,Electrical Bus,1.07
2023-02-28 08:00:28+00:00,REAL_TIME_SCED,AZURE_BES1,Electrical Bus,1.28
2023-02-28 09:00:25+00:00,REAL_TIME_SCED,AZURE_BES1,Electrical Bus,14.29
2023-02-28 10:00:24+00:00,REAL_TIME_SCED,AZURE_BES1,Electrical Bus,18.51
2023-02-28 11:00:24+00:00,REAL_TIME_SCED,AZURE_BES1,Electrical Bus,55.16
2023-02-28 12:00:23+00:00,REAL_TIME_SCED,AZURE_BES1,Electrical Bus,14.32
2023-02-28 13:00:23+00:00,REAL_TIME_SCED,AZURE_BES1,Electrical Bus,22.33
2023-02-28 14:00:26+00:00,REAL_TIME_SCED,AZURE_BES1,Electrical Bus,11.79
2023-02-28 15:00:21+00:00,REAL_TIME_SCED,AZURE_BES1,Electrical Bus,18.79
2023-02-28 16:00:21+00:00,REAL_TIME_SCED,AZURE_BES1,Electrical Bus,19.52
2023-02-28 17:00:22+00:00,REAL_TIME_SCED,AZURE_BES1,Electrical Bus,18.33
2023-02-28 18:00:21+00:00,REAL_TIME_SCED,AZURE_BES1,Electrical Bus,15.36
2023-02-28 19:00:27+00:00,REAL_TIME_SCED,AZURE_BES1,Electrical Bus,4.54
2023-02-28 20:00:28+00:00,REAL_TIME_SCED,AZURE_BES1,Electrical Bus,0.6
2023-02-28 21:00:35+00:00,REAL_TIME_SCED,AZURE_BES1,Electrical Bus,-2.98
2023-02-28 22:00:31+00:00,REAL_TIME_SCED,AZURE_BES1,Electrical Bus,-5.77
2023-02-28 23:00:37+00:00,REAL_TIME_SCED,AZURE_BES1,Electrical Bus,-3.96
2023-03-01 00:00:32+00:00,REAL_TIME_SCED,AZURE_BES1,Electrical Bus,-11.13
2023-03-01 01:00:29+00:00,REAL_TIME_SCED,AZURE_BES1,Electrical Bus,-17.28
2023-03-01 02:00:25+00:00,REAL_TIME_SCED,AZURE_BES1,Electrical Bus,-13.56
2023-03-01 03:00:30+00:00,REAL_TIME_SCED,AZURE_BES1,Electrical Bus,-13.96
2023-03-01 04:00:29+00:00,REAL_TIME_SCED,AZURE_BES1,Electrical Bus,-15.58
2023-03-01 05:00:22+00:00,REAL_TIME_SCED,AZURE_BES1,Electrical Bus,-4.43
2023-03-01 06:00:46+00:00,REAL_TIME_SCED,AZURE_BES1,Electrical Bus,-2.09
2023-03-01 07:00:25+00:00,REAL_TIME_SCED,AZURE_BES1,Electrical Bus,10.38
2023-03-01 08:00:22+00:00,REAL_TIME_SCED,AZURE_BES1,Electrical Bus,3.66
2023-03-01 09:00:20+00:00,REAL_TIME_SCED,AZURE_BES1,Electrical Bus,11.53
2023-03-01 10:00:23+00:00,REAL_TIME_SCED,AZURE_BES1,Electrical Bus,8.08
2023-03-01 11:00:23+00:00,REAL_TIME_SCED,AZURE_BES1,Electrical Bus,10.11
2023-03-01 12:00:23+00:00,REAL_TIME_SCED,AZURE_BES1,Electrical Bus,-3.17
2023-03-01 13:00:22+00:00,REAL_TIME_SCED,AZURE_BES1,Electrical Bus,-3.28
2023-03-01 14:00:23+00:00,REAL_TIME_SCED,AZURE_BES1,Electrical Bus,-7.55
2023-03-01 15:00:24+00:00,REAL_TIME_SCED,AZURE_BES1,Electrical Bus,12.84
2023-03-01 16:00:23+00:00,REAL_TIME_SCED,AZURE_BES1,Electrical Bus,15
2023-03-01 17:00:26+00:00,REAL_TIME_SCED,AZURE_BES1,Electrical Bus,20.34
2023-03-01 18:00:22+00:00,REAL_TIME_SCED,AZURE_BES1,Electrical Bus,29.87
2023-03-01 19:00:22+00:00,REAL_TIME_SCED,AZURE_BES1,Electrical Bus,38.19
2023-03-01 20:00:26+00:00,REAL_TIME_SCED,AZURE_BES1,Electrical Bus,61.79
2023-03-01 21:00:22+00:00,REAL_TIME_SCED,AZURE_BES1,Electrical Bus,40.97
2023-03-01 22:00:23+00:00,REAL_TIME_SCED,AZURE_BES1,Electrical Bus,31.29
2023-03-01 23:00:26+00:00,REAL_TIME_SCED,AZURE_BES1,Electrical Bus,61.57
2023-03-02 00:00:22+00:00,REAL_TIME_SCED,AZURE_BES1,Electrical Bus,53.31
2023-03-02 01:00:23+00:00,REAL_TIME_SCED,AZURE_BES1,Electrical Bus,33.78
2023-03-02 02:00:25+00:00,REAL_TIME_SCED,AZURE_BES1,Electrical Bus,25.51
2023-03-02 03:00:22+00:00,REAL_TIME_SCED,AZURE_BES1,Electrical Bus,23.93
2023-03-02 04:00:23+00:00,REAL_TIME_SCED,AZURE_BES1,Electrical Bus,27.23
2023-03-02 05:00:23+00:00,REAL_TIME_SCED,AZURE_BES1,Electrical Bus,27.89
2023-03-02 06:00:25+00:00,REAL_TIME_SCED,AZURE_BES1,Electrical Bus,22.32
2023-03-02 07:00:21+00:00,REAL_TIME_SCED,AZURE_BES1,Electrical Bus,20.3
2023-03-02 08:00:23+00:00,REAL_TIME_SCED,AZURE_BES1,Electrical Bus,17.64
2023-03-02 09:00:26+00:00,REAL_TIME_SCED,AZURE_BES1,Electrical Bus,15.9
2023-03-02 10:00:22+00:00,REAL_TIME_SCED,AZURE_BES1,Electrical Bus,22.08
2023-03-02 11:00:23+00:00,REAL_TIME_SCED,AZURE_BES1,Electrical Bus,20
2023-03-02 12:00:19+00:00,REAL_TIME_SCED,AZURE_BES1,Electrical Bus,32.97
2023-03-02 13:00:26+00:00,REAL_TIME_SCED,AZURE_BES1,Electrical Bus,43.9
2023-03-02 14:00:20+00:00,REAL_TIME_SCED,AZURE_BES1,Electrical Bus,31.25
2023-03-02 15:00:21+00:00,REAL_TIME_SCED,AZURE_BES1,Electrical Bus,23.42
2023-03-02 16:00:22+00:00,REAL_TIME_SCED,AZURE_BES1,Electrical Bus,28.16
2023-03-02 17:00:21+00:00,REAL_TIME_SCED,AZURE_BES1,Electrical Bus,22.26
2023-03-02 18:00:24+00:00,REAL_TIME_SCED,AZURE_BES1,Electrical Bus,22.13
2023-03-02 19:00:28+00:00,REAL_TIME_SCED,AZURE_BES1,Electrical Bus,17.51
2023-03-02 20:00:25+00:00,REAL_TIME_SCED,AZURE_BES1,Electrical Bus,6.4
2023-03-02 21:00:24+00:00,REAL_TIME_SCED,AZURE_BES1,Electrical Bus,4.54
2023-03-02 22:00:23+00:00,REAL_TIME_SCED,AZURE_BES1,Electrical Bus,3.14
2023-03-02 23:00:25+00:00,REAL_TIME_SCED,AZURE_BES1,Electrical Bus,3.01
2023-03-03 00:00:26+00:00,REAL_TIME_SCED,AZURE_BES1,Electrical Bus,1.13
2023-03-03 01:00:28+00:00,REAL_TIME_SCED,AZURE_BES1,Electrical Bus,6
2023-03-03 02:00:29+00:00,REAL_TIME_SCED,AZURE_BES1,Electrical Bus,6.35
2023-03-03 03:00:31+00:00,REAL_TIME_SCED,AZURE_BES1,Electrical Bus,23.75
2023-03-03 04:00:34+00:00,REAL_TIME_SCED,AZURE_BES1,Electrical Bus,19.15
2023-03-03 05:00:26+00:00,REAL_TIME_SCED,AZURE_BES1,Electrical Bus,22.14
2023-03-03 06:00:29+00:00,REAL_TIME_SCED,AZURE_BES1,Electrical Bus,20.67
2023-03-03 07:00:24+00:00,REAL_TIME_SCED,AZURE_BES1,Electrical Bus,18.7
2023-03-03 08:00:26+00:00,REAL_TIME_SCED,AZURE_BES1,Electrical Bus,17.59
2023-03-03 09:00:22+00:00,REAL_TIME_SCED,AZURE_BES1,Electrical Bus,17
2023-03-03 10:00:28+00:00,REAL_TIME_SCED,AZURE_BES1,Electrical Bus,0.23
2023-03-03 11:00:23+00:00,REAL_TIME_SCED,AZURE_BES1,Electrical Bus,-0.62
2023-03-03 12:00:24+00:00,REAL_TIME_SCED,AZURE_BES1,Electrical Bus,-2.92
2023-03-03 13:00:26+00:00,REAL_TIME_SCED,AZURE_BES1,Electrical Bus,0.24
2023-03-03 14:00:24+00:00,REAL_TIME_SCED,AZURE_BES1,Electrical Bus,0.71
2023-03-03 15:00:24+00:00,REAL_TIME_SCED,AZURE_BES1,Electrical Bus,0.01
2023-03-03 16:00:23+00:00,REAL_TIME_SCED,AZURE_BES1,Electrical Bus,0
2023-03-03 17:00:21+00:00,REAL_TIME_SCED,AZURE_BES1,Electrical Bus,10.61
2023-03-03 18:00:25+00:00,REAL_TIME_SCED,AZURE_BES1,Electrical Bus,15.82
2023-03-03 19:00:21+00:00,REAL_TIME_SCED,AZURE_BES1,Electrical Bus,15.78
2023-03-03 20:00:15+00:00,REAL_TIME_SCED,AZURE_BES1,Electrical Bus,14.27
2023-03-03 21:00:16+00:00,REAL_TIME_SCED,AZURE_BES1,Electrical Bus,13.45
2023-03-03 22:00:20+00:00,REAL_TIME_SCED,AZURE_BES1,Electrical Bus,13.51
2023-03-03 23:00:16+00:00,REAL_TIME_SCED,AZURE_BES1,Electrical Bus,15.2
2023-03-04 00:00:20+00:00,REAL_TIME_SCED,AZURE_BES1,Electrical Bus,28.15
2023-03-04 01:00:20+00:00,REAL_TIME_SCED,AZURE_BES1,Electrical Bus,25.32
2023-03-04 02:00:22+00:00,REAL_TIME_SCED,AZURE_BES1,Electrical Bus,18.83
2023-03-04 03:00:24+00:00,REAL_TIME_SCED,AZURE_BES1,Electrical Bus,13.75
2023-03-04 04:00:26+00:00,REAL_TIME_SCED,AZURE_BES1,Electrical Bus,2.54
2023-03-04 05:00:24+00:00,REAL_TIME_SCED,AZURE_BES1,Electrical Bus,5.43
2023-03-04 06:00:30+00:00,REAL_TIME_SCED,AZURE_BES1,Electrical Bus,1
2023-03-04 07:00:26+00:00,REAL_TIME_SCED,AZURE_BES1,Electrical Bus,1.94
2023-03-04 08:00:28+00:00,REAL_TIME_SCED,AZURE_BES1,Electrical Bus,2.76
2023-03-04 09:00:22+00:00,REAL_TIME_SCED,AZURE_BES1,Electrical Bus,6.01
2023-03-04 10:00:27+00:00,REAL_TIME_SCED,AZURE_BES1,Electrical Bus,17.32
2023-03-04 11:00:24+00:00,REAL_TIME_SCED,AZURE_BES1,Electrical Bus,12.51
2023-03-04 12:00:30+00:00,REAL_TIME_SCED,AZURE_BES1,Electrical Bus,9.23
2023-03-04 13:00:29+00:00,REAL_TIME_SCED,AZURE_BES1,Electrical Bus,13.85
2023-03-04 14:00:24+00:00,REAL_TIME_SCED,AZURE_BES1,Electrical Bus,9.95
2023-03-04 15:00:24+00:00,REAL_TIME_SCED,AZURE_BES1,Electrical Bus,16.55
2023-03-04 16:00:21+00:00,REAL_TIME_SCED,AZURE_BES1,Electrical Bus,15.4
2023-03-04 17:00:23+00:00,REAL_TIME_SCED,AZURE_BES1,Electrical Bus,12.69
2023-03-04 18:00:23+00:00,REAL_TIME_SCED,AZURE_BES1,Electrical Bus,18.59
2023-03-04 19:00:23+00:00,REAL_TIME_SCED,AZURE_BES1,Electrical Bus,19.17
2023-03-04 20:00:21+00:00,REAL_TIME_SCED,AZURE_BES1,Electrical Bus,22.05
2023-03-04 21:00:21+00:00,REAL_TIME_SCED,AZURE_BES1,Electrical Bus,21.04
2023-03-04 22:00:22+00:00,REAL_TIME_SCED,AZURE_BES1,Electrical Bus,19.45
2023-03-04 23:00:21+00:00,REAL_TIME_SCED,AZURE_BES1,Electrical Bus,21.81
2023-03-05 00:00:22+00:00,REAL_TIME_SCED,AZURE_BES1,Electrical Bus,42.22
2023-03-05 01:00:24+00:00,REAL_TIME_SCED,AZURE_BES1,Electrical Bus,31.67
2023-03-05 02:00:22+00:00,REAL_TIME_SCED,AZURE_BES1,Electrical Bus,25.04
2023-03-05 03:00:21+00:00,REAL_TIME_SCED,AZURE_BES1,Electrical Bus,29.03
2023-03-05 04:00:21+00:00,REAL_TIME_SCED,AZURE_BES1,Electrical Bus,26.21
2023-03-05 05:00:21+00:00,REAL_TIME_SCED,AZURE_BES1,Electrical Bus,27.62
2023-03-05 06:00:27+00:00,REAL_TIME_SCED,AZURE_BES1,Electrical Bus,21.31
2023-03-05 07:00:22+00:00,REAL_TIME_SCED,AZURE_BES1,Electrical Bus,19.13
2023-03-05 08:00:23+00:00,REAL_TIME_SCED,AZURE_BES1,Electrical Bus,13.5
2023-03-05 09:00:21+00:00,REAL_TIME_SCED,AZURE_BES1,Electrical Bus,1.54
2023-03-05 10:00:24+00:00,REAL_TIME_SCED,AZURE_BES1,Electrical Bus,0.24
2023-03-05 11:00:23+00:00,REAL_TIME_SCED,AZURE_BES1,Electrical Bus,-1.53
2023-03-05 12:00:27+00:00,REAL_TIME_SCED,AZURE_BES1,Electrical Bus,-2.11
2023-03-05 13:00:31+00:00,REAL_TIME_SCED,AZURE_BES1,Electrical Bus,-2.36
2023-03-05 14:00:26+00:00,REAL_TIME_SCED,AZURE_BES1,Electrical Bus,-3.82
2023-03-05 15:00:22+00:00,REAL_TIME_SCED,AZURE_BES1,Electrical Bus,-1.65
2023-03-05 16:00:25+00:00,REAL_TIME_SCED,AZURE_BES1,Electrical Bus,-2.93
2023-03-05 17:00:25+00:00,REAL_TIME_SCED,AZURE_BES1,Electrical Bus,-3.88
2023-03-05 18:00:33+00:00,REAL_TIME_SCED,AZURE_BES1,Electrical Bus,-4.99
2023-03-05 19:00:24+00:00,REAL_TIME_SCED,AZURE_BES1,Electrical Bus,-3.38
2023-03-05 20:00:30+00:00,REAL_TIME_SCED,AZURE_BES1,Electrical Bus,-3.52
2023-03-05 21:00:25+00:00,REAL_TIME_SCED,AZURE_BES1,Electrical Bus,-4
2023-03-05 22:00:28+00:00,REAL_TIME_SCED,AZURE_BES1,Electrical Bus,-3.57
2023-03-05 23:00:30+00:00,REAL_TIME_SCED,AZURE_BES1,Electrical Bus,-0.61
2023-03-06 00:00:27+00:00,REAL_TIME_SCED,AZURE_BES1,Electrical Bus,10.79
2023-03-06 01:00:28+00:00,REAL_TIME_SCED,AZURE_BES1,Electrical Bus,0.53
2023-03-06 02:00:28+00:00,REAL_TIME_SCED,AZURE_BES1,Electrical Bus,-1.22
2023-03-06 03:00:28+00:00,REAL_TIME_SCED,AZURE_BES1,Electrical Bus,-2.33
2023-03-06 04:00:28+00:00,REAL_TIME_SCED,AZURE_BES1,Electrical Bus,-3.1
2023-03-06 05:00:28+00:00,REAL_TIME_SCED,AZURE_BES1,Electrical Bus,-5.95
2023-03-06 06:00:29+00:00,REAL_TIME_SCED,AZURE_BES1,Electrical Bus,-2.52
2023-03-06 07:00:29+00:00,REAL_TIME_SCED,AZURE_BES1,Electrical Bus,-3.1
2023-03-06 08:00:26+00:00,REAL_TIME_SCED,AZURE_BES1,Electrical Bus,-3.13
2023-03-06 09:00:26+00:00,REAL_TIME_SCED,AZURE_BES1,Electrical Bus,-3.09
2023-03-06 10:00:28+00:00,REAL_TIME_SCED,AZURE_BES1,Electrical Bus,-2.53
2023-03-06 11:00:26+00:00,REAL_TIME_SCED,AZURE_BES1,Electrical Bus,2.66
2023-03-06 12:00:30+00:00,REAL_TIME_SCED,AZURE_BES1,Electrical Bus,6.5
2023-03-06 13:00:31+00:00,REAL_TIME_SCED,AZURE_BES1,Electrical Bus,21.6
2023-03-06 14:00:25+00:00,REAL_TIME_SCED,AZURE_BES1,Electrical Bus,19.3
2023-03-06 15:00:21+00:00,REAL_TIME_SCED,AZURE_BES1,Electrical Bus,20.4
2023-03-06 16:00:24+00:00,REAL_TIME_SCED,AZURE_BES1,Electrical Bus,21.17
2023-03-06 17:00:28+00:00,REAL_TIME_SCED,AZURE_BES1,Electrical Bus,20.59
2023-03-06 18:00:22+00:00,REAL_TIME_SCED,AZURE_BES1,Electrical Bus,21.18
2023-03-06 19:00:25+00:00,REAL_TIME_SCED,AZURE_BES1,Electrical Bus,22.24
2023-03-06 20:00:28+00:00,REAL_TIME_SCED,AZURE_BES1,Electrical Bus,27.43
2023-03-06 21:00:26+00:00,REAL_TIME_SCED,AZURE_BES1,Electrical Bus,23.57
2023-03-06 22:00:33+00:00,REAL_TIME_SCED,AZURE_BES1,Electrical Bus,25.52
2023-03-06 23:00:23+00:00,REAL_TIME_SCED,AZURE_BES1,Electrical Bus,31.09
2023-03-07 00:00:23+00:00,REAL_TIME_SCED,AZURE_BES1,Electrical Bus,73.09
2023-03-07 01:00:23+00:00,REAL_TIME_SCED,AZURE_BES1,Electrical Bus,-37.77
2023-03-07 02:00:26+00:00,REAL_TIME_SCED,AZURE_BES1,Electrical Bus,11.2
2023-03-07 03:00:25+00:00,REAL_TIME_SCED,AZURE_BES1,Electrical Bus,22.43
2023-03-07 04:00:28+00:00,REAL_TIME_SCED,AZURE_BES1,Electrical Bus,20.66
2023-03-07 05:00:22+00:00,REAL_TIME_SCED,AZURE_BES1,Electrical Bus,18.17
2023-03-07 06:00:24+00:00,REAL_TIME_SCED,AZURE_BES1,Electrical Bus,18.44
2023-03-07 07:00:26+00:00,REAL_TIME_SCED,AZURE_BES1,Electrical Bus,18.4
2023-03-07 08:00:27+00:00,REAL_TIME_SCED,AZURE_BES1,Electrical Bus,17.63
2023-03-07 09:00:22+00:00,REAL_TIME_SCED,AZURE_BES1,Electrical Bus,18.82
2023-03-07 10:00:27+00:00,REAL_TIME_SCED,AZURE_BES1,Electrical Bus,20.17
2023-03-07 11:00:24+00:00,REAL_TIME_SCED,AZURE_BES1,Electrical Bus,21.26
2023-03-07 12:00:24+00:00,REAL_TIME_SCED,AZURE_BES1,Electrical Bus,23.41
2023-03-07 13:00:23+00:00,REAL_TIME_SCED,AZURE_BES1,Electrical Bus,26.72
2023-03-07 14:00:23+00:00,REAL_TIME_SCED,AZURE_BES1,Electrical Bus,26.92
2023-03-07 15:00:20+00:00,REAL_TIME_SCED,AZURE_BES1,Electrical Bus,26.42
2023-03-07 16:00:23+00:00,REAL_TIME_SCED,AZURE_BES1,Electrical Bus,21.94
2023-03-07 17:00:22+00:00,REAL_TIME_SCED,AZURE_BES1,Electrical Bus,31.99
2023-03-07 18:00:32+00:00,REAL_TIME_SCED,AZURE_BES1,Electrical Bus,23.59
2023-03-07 19:00:28+00:00,REAL_TIME_SCED,AZURE_BES1,Electrical Bus,32.11
2023-03-07 20:00:25+00:00,REAL_TIME_SCED,AZURE_BES1,Electrical Bus,21.79
2023-03-07 21:00:25+00:00,REAL_TIME_SCED,AZURE_BES1,Electrical Bus,48.93
2023-03-07 22:00:29+00:00,REAL_TIME_SCED,AZURE_BES1,Electrical Bus,22.65
2023-03-07 23:00:27+00:00,REAL_TIME_SCED,AZURE_BES1,Electrical Bus,22.7
2023-03-08 00:00:26+00:00,REAL_TIME_SCED,AZURE_BES1,Electrical Bus,19.77
2023-03-08 01:00:25+00:00,REAL_TIME_SCED,AZURE_BES1,Electrical Bus,18.01
2023-03-08 02:00:27+00:00,REAL_TIME_SCED,AZURE_BES1,Electrical Bus,17.2
2023-03-08 03:00:23+00:00,REAL_TIME_SCED,AZURE_BES1,Electrical Bus,19.44
2023-03-08 04:00:31+00:00,REAL_TIME_SCED,AZURE_BES1,Electrical Bus,22.18
2023-03-08 05:00:24+00:00,REAL_TIME_SCED,AZURE_BES1,Electrical Bus,19.28
2023-03-08 06:00:50+00:00,REAL_TIME_SCED,AZURE_BES1,Electrical Bus,18.45
2023-03-08 07:00:26+00:00,REAL_TIME_SCED,AZURE_BES1,Electrical Bus,20.13
2023-03-08 08:00:23+00:00,REAL_TIME_SCED,AZURE_BES1,Electrical Bus,15.69
2023-03-08 09:00:22+00:00,REAL_TIME_SCED,AZURE_BES1,Electrical Bus,12.65
2023-03-08 10:00:23+00:00,REAL_TIME_SCED,AZURE_BES1,Electrical Bus,10.69
2023-03-08 11:00:24+00:00,REAL_TIME_SCED,AZURE_BES1,Electrical Bus,9.4
2023-03-08 12:00:22+00:00,REAL_TIME_SCED,AZURE_BES1,Electrical Bus,11.35
2023-03-08 13:00:25+00:00,REAL_TIME_SCED,AZURE_BES1,Electrical Bus,14.56
2023-03-08 14:00:23+00:00,REAL_TIME_SCED,AZURE_BES1,Electrical Bus,14.99
2023-03-08 15:00:25+00:00,REAL_TIME_SCED,AZURE_BES1,Electrical Bus,15.21
2023-03-08 16:00:26+00:00,REAL_TIME_SCED,AZURE_BES1,Electrical Bus,20.68
2023-03-08 17:00:26+00:00,REAL_TIME_SCED,AZURE_BES1,Electrical Bus,25.95
2023-03-08 18:00:25+00:00,REAL_TIME_SCED,AZURE_BES1,Electrical Bus,25.67
2023-03-08 19:00:26+00:00,REAL_TIME_SCED,AZURE_BES1,Electrical Bus,26.04
2023-03-08 20:00:25+00:00,REAL_TIME_SCED,AZURE_BES1,Electrical Bus,32.08
2023-03-08 21:00:24+00:00,REAL_TIME_SCED,AZURE_BES1,Electrical Bus,35.13
2023-03-08 22:00:26+00:00,REAL_TIME_SCED,AZURE_BES1,Electrical Bus,32.14
2023-03-08 23:00:25+00:00,REAL_TIME_SCED,AZURE_BES1,Electrical Bus,28.81
2023-03-09 00:00:24+00:00,REAL_TIME_SCED,AZURE_BES1,Electrical Bus,74.72
2023-03-09 01:00:22+00:00,REAL_TIME_SCED,AZURE_BES1,Electrical Bus,32.64
2023-03-09 02:00:24+00:00,REAL_TIME_SCED,AZURE_BES1,Electrical Bus,27.32
2023-03-09 03:00:25+00:00,REAL_TIME_SCED,AZURE_BES1,Electrical Bus,33.99
2023-03-09 04:00:31+00:00,REAL_TIME_SCED,AZURE_BES1,Electrical Bus,36.96
2023-03-09 05:00:25+00:00,REAL_TIME_SCED,AZURE_BES1,Electrical Bus,32.49
2023-03-09 06:00:23+00:00,REAL_TIME_SCED,AZURE_BES1,Electrical Bus,31.85
2023-03-09 07:00:23+00:00,REAL_TIME_SCED,AZURE_BES1,Electrical Bus,25.09
2023-03-09 08:00:21+00:00,REAL_TIME_SCED,AZURE_BES1,Electrical Bus,28.67
2023-03-09 09:00:21+00:00,REAL_TIME_SCED,AZURE_BES1,Electrical Bus,23.59
2023-03-09 10:00:25+00:00,REAL_TIME_SCED,AZURE_BES1,Electrical Bus,23.28
2023-03-09 11:00:22+00:00,REAL_TIME_SCED,AZURE_BES1,Electrical Bus,26.3
2023-03-09 12:00:22+00:00,REAL_TIME_SCED,AZURE_BES1,Electrical Bus,34.56
2023-03-09 13:00:25+00:00,REAL_TIME_SCED,AZURE_BES1,Electrical Bus,105.02
2023-03-09 14:00:24+00:00,REAL_TIME_SCED,AZURE_BES1,Electrical Bus,82.05
2023-03-09 15:00:21+00:00,REAL_TIME_SCED,AZURE_BES1,Electrical Bus,39.57
2023-03-09 16:00:27+00:00,REAL_TIME_SCED,AZURE_BES1,Electrical Bus,33.42
2023-03-09 17:00:29+00:00,REAL_TIME_SCED,AZURE_BES1,Electrical Bus,31.81
2023-03-09 18:00:24+00:00,REAL_TIME_SCED,AZURE_BES1,Electrical Bus,28.41
2023-03-09 19:00:24+00:00,REAL_TIME_SCED,AZURE_BES1,Electrical Bus,28.79
2023-03-09 20:00:23+00:00,REAL_TIME_SCED,AZURE_BES1,Electrical Bus,64.77
2023-03-09 21:00:23+00:00,REAL_TIME_SCED,AZURE_BES1,Electrical Bus,25.5
2023-03-09 22:00:25+00:00,REAL_TIME_SCED,AZURE_BES1,Electrical Bus,30.28
2023-03-09 23:00:28+00:00,REAL_TIME_SCED,AZURE_BES1,Electrical Bus,28.61
2023-03-10 00:00:27+00:00,REAL_TIME_SCED,AZURE_BES1,Electrical Bus,20.09
2023-03-10 01:00:24+00:00,REAL_TIME_SCED,AZURE_BES1,Electrical Bus,25.05
2023-03-10 02:00:24+00:00,REAL_TIME_SCED,AZURE_BES1,Electrical Bus,21.79
2023-03-10 03:00:23+00:00,REAL_TIME_SCED,AZURE_BES1,Electrical Bus,19.79
2023-03-10 04:00:26+00:00,REAL_TIME_SCED,AZURE_BES1,Electrical Bus,12.69
2023-03-10 05:00:27+00:00,REAL_TIME_SCED,AZURE_BES1,Electrical Bus,19.77
2023-03-10 06:00:25+00:00,REAL_TIME_SCED,AZURE_BES1,Electrical Bus,18.86
2023-03-10 07:00:26+00:00,REAL_TIME_SCED,AZURE_BES1,Electrical Bus,17.73
2023-03-10 08:00:26+00:00,REAL_TIME_SCED,AZURE_BES1,Electrical Bus,18.88
2023-03-10 09:00:22+00:00,REAL_TIME_SCED,AZURE_BES1,Electrical Bus,21.33
2023-03-10 10:00:29+00:00,REAL_TIME_SCED,AZURE_BES1,Electrical Bus,25.02
2023-03-10 11:00:25+00:00,REAL_TIME_SCED,AZURE_BES1,Electrical Bus,23.38
2023-03-10 12:00:22+00:00,REAL_TIME_SCED,AZURE_BES1,Electrical Bus,27.78
2023-03-10 13:00:34+00:00,REAL_TIME_SCED,AZURE_BES1,Electrical Bus,89.99
2023-03-10 14:00:24+00:00,REAL_TIME_SCED,AZURE_BES1,Electrical Bus,99.39
2023-03-10 15:00:24+00:00,REAL_TIME_SCED,AZURE_BES1,Electrical Bus,59.93
2023-03-10 16:00:23+00:00,REAL_TIME_SCED,AZURE_BES1,Electrical Bus,28.41
2023-03-10 17:00:24+00:00,REAL_TIME_SCED,AZURE_BES1,Electrical Bus,22.69
2023-03-10 18:00:25+00:00,REAL_TIME_SCED,AZURE_BES1,Electrical Bus,21.34
2023-03-10 19:00:20+00:00,REAL_TIME_SCED,AZURE_BES1,Electrical Bus,19.67
2023-03-10 20:00:24+00:00,REAL_TIME_SCED,AZURE_BES1,Electrical Bus,15.56
2023-03-10 21:00:25+00:00,REAL_TIME_SCED,AZURE_BES1,Electrical Bus,7.46
2023-03-10 22:00:24+00:00,REAL_TIME_SCED,AZURE_BES1,Electrical Bus,5.91
2023-03-10 23:00:29+00:00,REAL_TIME_SCED,AZURE_BES1,Electrical Bus,8.74
2023-03-11 00:00:27+00:00,REAL_TIME_SCED,AZURE_BES1,Electrical Bus,50.12
2023-03-11 01:00:26+00:00,REAL_TIME_SCED,AZURE_BES1,Electrical Bus,26.31
2023-03-11 02:00:27+00:00,REAL_TIME_SCED,AZURE_BES1,Electrical Bus,5.63
2023-03-11 03:00:25+00:00,REAL_TIME_SCED,AZURE_BES1,Electrical Bus,4.42
2023-03-11 04:00:33+00:00,REAL_TIME_SCED,AZURE_BES1,Electrical Bus,-0.72
2023-03-11 05:00:29+00:00,REAL_TIME_SCED,AZURE_BES1,Electrical Bus,-1.67
2023-03-11 06:00:31+00:00,REAL_TIME_SCED,AZURE_BES1,Electrical Bus,-3.51
2023-03-11 07:00:30+00:00,REAL_TIME_SCED,AZURE_BES1,Electrical Bus,-3.49
2023-03-11 08:00:26+00:00,REAL_TIME_SCED,AZURE_BES1,Electrical Bus,-2.27
2023-03-11 09:00:26+00:00,REAL_TIME_SCED,AZURE_BES1,Electrical Bus,-2.95
2023-03-11 10:00:26+00:00,REAL_TIME_SCED,AZURE_BES1,Electrical Bus,-1.2
2023-03-11 11:00:26+00:00,REAL_TIME_SCED,AZURE_BES1,Electrical Bus,-0.57
2023-03-11 12:00:30+00:00,REAL_TIME_SCED,AZURE_BES1,Electrical Bus,-1.79
2023-03-11 13:00:28+00:00,REAL_TIME_SCED,AZURE_BES1,Electrical Bus,-2.16
2023-03-11 14:00:26+00:00,REAL_TIME_SCED,AZURE_BES1,Electrical Bus,-1.2
2023-03-11 15:00:25+00:00,REAL_TIME_SCED,AZURE_BES1,Electrical Bus,-0.9
2023-03-11 16:00:26+00:00,REAL_TIME_SCED,AZURE_BES1,Electrical Bus,-0.33
2023-03-11 17:00:27+00:00,REAL_TIME_SCED,AZURE_BES1,Electrical Bus,-1.39
2023-03-11 18:00:24+00:00,REAL_TIME_SCED,AZURE_BES1,Electrical Bus,0.19
2023-03-11 19:00:26+00:00,REAL_TIME_SCED,AZURE_BES1,Electrical Bus,2.74
2023-03-11 20:00:26+00:00,REAL_TIME_SCED,AZURE_BES1,Electrical Bus,3.83
2023-03-11 21:00:27+00:00,REAL_TIME_SCED,AZURE_BES1,Electrical Bus,6.12
2023-03-11 22:00:30+00:00,REAL_TIME_SCED,AZURE_BES1,Electrical Bus,5.95
2023-03-11 23:00:28+00:00,REAL_TIME_SCED,AZURE_BES1,Electrical Bus,9.1
2023-03-12 00:00:31+00:00,REAL_TIME_SCED,AZURE_BES1,Electrical Bus,42.08
2023-03-12 01:00:27+00:00,REAL_TIME_SCED,AZURE_BES1,Electrical Bus,24.1
2023-03-12 02:00:27+00:00,REAL_TIME_SCED,AZURE_BES1,Electrical Bus,21.17
2023-03-12 03:00:29+00:00,REAL_TIME_SCED,AZURE_BES1,Electrical Bus,21
2023-03-12 04:00:29+00:00,REAL_TIME_SCED,AZURE_BES1,Electrical Bus,18.92
2023-03-12 05:00:28+00:00,REAL_TIME_SCED,AZURE_BES1,Electrical Bus,17.61
2023-03-12 06:00:30+00:00,REAL_TIME_SCED,AZURE_BES1,Electrical Bus,5.43
2023-03-12 07:00:32+00:00,REAL_TIME_SCED,AZURE_BES1,Electrical Bus,19.24
2023-03-12 08:00:26+00:00,REAL_TIME_SCED,AZURE_BES1,Electrical Bus,18.94
2023-03-12 09:00:29+00:00,REAL_TIME_SCED,AZURE_BES1,Electrical Bus,19.37
2023-03-12 10:00:22+00:00,REAL_TIME_SCED,AZURE_BES1,Electrical Bus,19.65
2023-03-12 11:00:30+00:00,REAL_TIME_SCED,AZURE_BES1,Electrical Bus,21.42
2023-03-12 12:00:26+00:00,REAL_TIME_SCED,AZURE_BES1,Electrical Bus,18.82
2023-03-12 13:00:22+00:00,REAL_TIME_SCED,AZURE_BES1,Electrical Bus,22.08
2023-03-12 14:00:23+00:00,REAL_TIME_SCED,AZURE_BES1,Electrical Bus,21.59
2023-03-12 15:00:26+00:00,REAL_TIME_SCED,AZURE_BES1,Electrical Bus,14.57
2023-03-12 16:00:22+00:00,REAL_TIME_SCED,AZURE_BES1,Electrical Bus,18.86
2023-03-12 17:00:23+00:00,REAL_TIME_SCED,AZURE_BES1,Electrical Bus,14.01
2023-03-12 18:00:24+00:00,REAL_TIME_SCED,AZURE_BES1,Electrical Bus,14.83
2023-03-12 19:00:25+00:00,REAL_TIME_SCED,AZURE_BES1,Electrical Bus,14.66
2023-03-12 20:00:27+00:00,REAL_TIME_SCED,AZURE_BES1,Electrical Bus,11.6
2023-03-12 21:00:26+00:00,REAL_TIME_SCED,AZURE_BES1,Electrical Bus,18.72
2023-03-12 22:00:26+00:00,REAL_TIME_SCED,AZURE_BES1,Electrical Bus,16.94
2023-03-12 23:00:23+00:00,REAL_TIME_SCED,AZURE_BES1,Electrical Bus,16.77
2023-03-13 00:00:25+00:00,REAL_TIME_SCED,AZURE_BES1,Electrical Bus,19.05
2023-03-13 01:00:25+00:00,REAL_TIME_SCED,AZURE_BES1,Electrical Bus,19.17
2023-03-13 02:00:24+00:00,REAL_TIME_SCED,AZURE_BES1,Electrical Bus,14.7
2023-03-13 03:00:22+00:00,REAL_TIME_SCED,AZURE_BES1,Electrical Bus,11.65
2023-03-13 04:00:22+00:00,REAL_TIME_SCED,AZURE_BES1,Electrical Bus,11.59
2023-03-13 05:00:30+00:00,REAL_TIME_SCED,AZURE_BES1,Electrical Bus,14.26
2023-03-13 06:00:26+00:00,REAL_TIME_SCED,AZURE_BES1,Electrical Bus,14.7
2023-03-13 07:00:28+00:00,REAL_TIME_SCED,AZURE_BES1,Electrical Bus,18.78
2023-03-13 08:00:25+00:00,REAL_TIME_SCED,AZURE_BES1,Electrical Bus,18.23
2023-03-13 09:00:27+00:00,REAL_TIME_SCED,AZURE_BES1,Electrical Bus,21.81
2023-03-13 10:00:23+00:00,REAL_TIME_SCED,AZURE_BES1,Electrical Bus,17.98
2023-03-13 11:00:21+00:00,REAL_TIME_SCED,AZURE_BES1,Electrical Bus,19.62
2023-03-13 12:00:23+00:00,REAL_TIME_SCED,AZURE_BES1,Electrical Bus,23.93
2023-03-13 13:00:16+00:00,REAL_TIME_SCED,AZURE_BES1,Electrical Bus,26.02
2023-03-13 14:00:15+00:00,REAL_TIME_SCED,AZURE_BES1,Electrical Bus,18.45
2023-03-13 15:00:27+00:00,REAL_TIME_SCED,AZURE_BES1,Electrical Bus,11.43
2023-03-13 16:00:22+00:00,REAL_TIME_SCED,AZURE_BES1,Electrical Bus,13.77
2023-03-13 17:00:25+00:00,REAL_TIME_SCED,AZURE_BES1,Electrical Bus,12.75
2023-03-13 18:00:17+00:00,REAL_TIME_SCED,AZURE_BES1,Electrical Bus,13.45
2023-03-13 19:00:17+00:00,REAL_TIME_SCED,AZURE_BES1,Electrical Bus,11.21
2023-03-13 20:00:20+00:00,REAL_TIME_SCED,AZURE_BES1,Electrical Bus,10.14
2023-03-13 21:00:18+00:00,REAL_TIME_SCED,AZURE_BES1,Electrical Bus,10.4
2023-03-13 22:00:19+00:00,REAL_TIME_SCED,AZURE_BES1,Electrical Bus,11.97
2023-03-13 23:00:20+00:00,REAL_TIME_SCED,AZURE_BES1,Electrical Bus,13.79
2023-03-14 00:00:20+00:00,REAL_TIME_SCED,AZURE_BES1,Electrical Bus,28.45
2023-03-14 01:00:19+00:00,REAL_TIME_SCED,AZURE_BES1,Electrical Bus,27.09
2023-03-14 02:00:20+00:00,REAL_TIME_SCED,AZURE_BES1,Electrical Bus,19.85
2023-03-14 03:00:22+00:00,REAL_TIME_SCED,AZURE_BES1,Electrical Bus,18.11
2023-03-14 04:00:19+00:00,REAL_TIME_SCED,AZURE_BES1,Electrical Bus,19.99
2023-03-14 05:00:20+00:00,REAL_TIME_SCED,AZURE_BES1,Electrical Bus,20.83
2023-03-14 06:00:22+00:00,REAL_TIME_SCED,AZURE_BES1,Electrical Bus,19.37
2023-03-14 07:00:21+00:00,REAL_TIME_SCED,AZURE_BES1,Electrical Bus,51.47
2023-03-14 08:00:21+00:00,REAL_TIME_SCED,AZURE_BES1,Electrical Bus,22.01
2023-03-14 09:00:24+00:00,REAL_TIME_SCED,AZURE_BES1,Electrical Bus,18.84
2023-03-14 10:00:22+00:00,REAL_TIME_SCED,AZURE_BES1,Electrical Bus,18.57
2023-03-14 11:00:21+00:00,REAL_TIME_SCED,AZURE_BES1,Electrical Bus,29.87
2023-03-14 12:00:21+00:00,REAL_TIME_SCED,AZURE_BES1,Electrical Bus,24.73
2023-03-14 13:00:23+00:00,REAL_TIME_SCED,AZURE_BES1,Electrical Bus,77.02
2023-03-14 14:00:21+00:00,REAL_TIME_SCED,AZURE_BES1,Electrical Bus,25.13
2023-03-14 15:00:20+00:00,REAL_TIME_SCED,AZURE_BES1,Electrical Bus,22.71
2023-03-14 16:00:21+00:00,REAL_TIME_SCED,AZURE_BES1,Electrical Bus,13.54
2023-03-14 17:00:23+00:00,REAL_TIME_SCED,AZURE_BES1,Electrical Bus,12.52
2023-03-14 18:00:22+00:00,REAL_TIME_SCED,AZURE_BES1,Electrical Bus,13.25
2023-03-14 19:00:21+00:00,REAL_TIME_SCED,AZURE_BES1,Electrical Bus,14.24
2023-03-14 20:00:22+00:00,REAL_TIME_SCED,AZURE_BES1,Electrical Bus,17.38
2023-03-14 21:00:25+00:00,REAL_TIME_SCED,AZURE_BES1,Electrical Bus,15.98
2023-03-14 22:00:22+00:00,REAL_TIME_SCED,AZURE_BES1,Electrical Bus,16
2023-03-14 23:00:26+00:00,REAL_TIME_SCED,AZURE_BES1,Electrical Bus,13.45
2023-03-15 00:00:24+00:00,REAL_TIME_SCED,AZURE_BES1,Electrical Bus,23.54
2023-03-15 01:00:24+00:00,REAL_TIME_SCED,AZURE_BES1,Electrical Bus,21.87
2023-03-15 02:00:23+00:00,REAL_TIME_SCED,AZURE_BES1,Electrical Bus,17.22
2023-03-15 03:00:28+00:00,REAL_TIME_SCED,AZURE_BES1,Electrical Bus,14.42
2023-03-15 04:00:23+00:00,REAL_TIME_SCED,AZURE_BES1,Electrical Bus,14.61
2023-03-15 05:00:43+00:00,REAL_TIME_SCED,AZURE_BES1,Electrical Bus,11.42
2023-03-15 06:00:23+00:00,REAL_TIME_SCED,AZURE_BES1,Electrical Bus,8.18
2023-03-15 07:00:22+00:00,REAL_TIME_SCED,AZURE_BES1,Electrical Bus,-0.79
2023-03-15 08:00:23+00:00,REAL_TIME_SCED,AZURE_BES1,Electrical Bus,-3.33
2023-03-15 09:00:24+00:00,REAL_TIME_SCED,AZURE_BES1,Electrical Bus,-1.93
2023-03-15 10:00:28+00:00,REAL_TIME_SCED,AZURE_BES1,Electrical Bus,0.51
2023-03-15 11:00:22+00:00,REAL_TIME_SCED,AZURE_BES1,Electrical Bus,-0.16
2023-03-15 12:00:22+00:00,REAL_TIME_SCED,AZURE_BES1,Electrical Bus,-2.62
2023-03-15 13:00:22+00:00,REAL_TIME_SCED,AZURE_BES1,Electrical Bus,-3.4
2023-03-15 14:00:23+00:00,REAL_TIME_SCED,AZURE_BES1,Electrical Bus,-2.98
2023-03-15 15:00:23+00:00,REAL_TIME_SCED,AZURE_BES1,Electrical Bus,-4.72
2023-03-15 16:00:24+00:00,REAL_TIME_SCED,AZURE_BES1,Electrical Bus,-4.24
2023-03-15 17:00:23+00:00,REAL_TIME_SCED,AZURE_BES1,Electrical Bus,-25.33
2023-03-15 18:00:26+00:00,REAL_TIME_SCED,AZURE_BES1,Electrical Bus,-22.21
2023-03-15 19:00:26+00:00,REAL_TIME_SCED,AZURE_BES1,Electrical Bus,-26.28
2023-03-15 20:00:28+00:00,REAL_TIME_SCED,AZURE_BES1,Electrical Bus,-26.23
2023-03-15 21:00:23+00:00,REAL_TIME_SCED,AZURE_BES1,Electrical Bus,-28.19
2023-03-15 22:00:22+00:00,REAL_TIME_SCED,AZURE_BES1,Electrical Bus,-26.38
2023-03-15 23:00:27+00:00,REAL_TIME_SCED,AZURE_BES1,Electrical Bus,-26.71
2023-03-16 00:00:25+00:00,REAL_TIME_SCED,AZURE_BES1,Electrical Bus,-18.76
2023-03-16 01:00:24+00:00,REAL_TIME_SCED,AZURE_BES1,Electrical Bus,-5.37
2023-03-16 02:00:23+00:00,REAL_TIME_SCED,AZURE_BES1,Electrical Bus,-16.87
2023-03-16 03:00:29+00:00,REAL_TIME_SCED,AZURE_BES1,Electrical Bus,-10.99
2023-03-16 04:00:23+00:00,REAL_TIME_SCED,AZURE_BES1,Electrical Bus,-17.98
2023-03-16 05:00:26+00:00,REAL_TIME_SCED,AZURE_BES1,Electrical Bus,-25.59
2023-03-16 06:00:26+00:00,REAL_TIME_SCED,AZURE_BES1,Electrical Bus,-25.18
2023-03-16 07:00:23+00:00,REAL_TIME_SCED,AZURE_BES1,Electrical Bus,-15.44
2023-03-16 08:00:23+00:00,REAL_TIME_SCED,AZURE_BES1,Electrical Bus,-30.99
2023-03-16 09:00:24+00:00,REAL_TIME_SCED,AZURE_BES1,Electrical Bus,-12.94
2023-03-16 10:00:22+00:00,REAL_TIME_SCED,AZURE_BES1,Electrical Bus,-5.85
2023-03-16 11:00:22+00:00,REAL_TIME_SCED,AZURE_BES1,Electrical Bus,-6.44
2023-03-16 12:00:24+00:00,REAL_TIME_SCED,AZURE_BES1,Electrical Bus,-5.44
2023-03-16 13:00:25+00:00,REAL_TIME_SCED,AZURE_BES1,Electrical Bus,-3.31
2023-03-16 14:00:26+00:00,REAL_TIME_SCED,AZURE_BES1,Electrical Bus,-1.14
2023-03-16 15:00:27+00:00,REAL_TIME_SCED,AZURE_BES1,Electrical Bus,-11.97
2023-03-16 16:00:25+00:00,REAL_TIME_SCED,AZURE_BES1,Electrical Bus,-10.49
2023-03-16 17:00:27+00:00,REAL_TIME_SCED,AZURE_BES1,Electrical Bus,-9.27
2023-03-16 18:00:25+00:00,REAL_TIME_SCED,AZURE_BES1,Electrical Bus,-12.09
2023-03-16 19:00:24+00:00,REAL_TIME_SCED,AZURE_BES1,Electrical Bus,-14.69
2023-03-16 20:00:25+00:00,REAL_TIME_SCED,AZURE_BES1,Electrical Bus,-15.66
2023-03-16 21:00:27+00:00,REAL_TIME_SCED,AZURE_BES1,Electrical Bus,-12.31
2023-03-16 22:00:28+00:00,REAL_TIME_SCED,AZURE_BES1,Electrical Bus,-1.64
2023-03-16 23:00:25+00:00,REAL_TIME_SCED,AZURE_BES1,Electrical Bus,-1.76
2023-03-17 00:00:26+00:00,REAL_TIME_SCED,AZURE_BES1,Electrical Bus,-0.5
2023-03-17 01:00:26+00:00,REAL_TIME_SCED,AZURE_BES1,Electrical Bus,-0.96
2023-03-17 02:00:25+00:00,REAL_TIME_SCED,AZURE_BES1,Electrical Bus,-4.22
2023-03-17 03:00:28+00:00,REAL_TIME_SCED,AZURE_BES1,Electrical Bus,-2.97
2023-03-17 04:00:24+00:00,REAL_TIME_SCED,AZURE_BES1,Electrical Bus,-2.95
2023-03-17 05:00:26+00:00,REAL_TIME_SCED,AZURE_BES1,Electrical Bus,2.15
2023-03-17 06:00:26+00:00,REAL_TIME_SCED,AZURE_BES1,Electrical Bus,3.86
2023-03-17 07:00:22+00:00,REAL_TIME_SCED,AZURE_BES1,Electrical Bus,4.06
2023-03-17 08:00:23+00:00,REAL_TIME_SCED,AZURE_BES1,Electrical Bus,3.96
2023-03-17 09:00:29+00:00,REAL_TIME_SCED,AZURE_BES1,Electrical Bus,-1.5
2023-03-17 10:00:23+00:00,REAL_TIME_SCED,AZURE_BES1,Electrical Bus,-1.35
2023-03-17 11:00:24+00:00,REAL_TIME_SCED,AZURE_BES1,Electrical Bus,13.71
2023-03-17 12:00:30+00:00,REAL_TIME_SCED,AZURE_BES1,Electrical Bus,18.49
2023-03-17 13:00:27+00:00,REAL_TIME_SCED,AZURE_BES1,Electrical Bus,20.72
2023-03-17 14:00:27+00:00,REAL_TIME_SCED,AZURE_BES1,Electrical Bus,17.99
2023-03-17 15:00:43+00:00,REAL_TIME_SCED,AZURE_BES1,Electrical Bus,16.02
2023-03-17 16:00:27+00:00,REAL_TIME_SCED,AZURE_BES1,Electrical Bus,17.12
2023-03-17 17:00:28+00:00,REAL_TIME_SCED,AZURE_BES1,Electrical Bus,14.67
2023-03-17 18:00:24+00:00,REAL_TIME_SCED,AZURE_BES1,Electrical Bus,15.36
2023-03-17 19:00:23+00:00,REAL_TIME_SCED,AZURE_BES1,Electrical Bus,14.13
2023-03-17 20:00:23+00:00,REAL_TIME_SCED,AZURE_BES1,Electrical Bus,14.13
2023-03-17 21:00:24+00:00,REAL_TIME_SCED,AZURE_BES1,Electrical Bus,13.43
2023-03-17 22:00:22+00:00,REAL_TIME_SCED,AZURE_BES1,Electrical Bus,12.79
2023-03-17 23:00:24+00:00,REAL_TIME_SCED,AZURE_BES1,Electrical Bus,16.75
2023-03-18 00:00:21+00:00,REAL_TIME_SCED,AZURE_BES1,Electrical Bus,38.63
2023-03-18 01:00:20+00:00,REAL_TIME_SCED,AZURE_BES1,Electrical Bus,31.37
2023-03-18 02:00:21+00:00,REAL_TIME_SCED,AZURE_BES1,Electrical Bus,39.58
2023-03-18 03:00:26+00:00,REAL_TIME_SCED,AZURE_BES1,Electrical Bus,24.44
2023-03-18 04:00:21+00:00,REAL_TIME_SCED,AZURE_BES1,Electrical Bus,24.04
2023-03-18 05:00:23+00:00,REAL_TIME_SCED,AZURE_BES1,Electrical Bus,23.98
2023-03-18 06:00:23+00:00,REAL_TIME_SCED,AZURE_BES1,Electrical Bus,23.98
2023-03-18 07:00:24+00:00,REAL_TIME_SCED,AZURE_BES1,Electrical Bus,24.28
2023-03-18 08:00:21+00:00,REAL_TIME_SCED,AZURE_BES1,Electrical Bus,24.47
2023-03-18 09:00:24+00:00,REAL_TIME_SCED,AZURE_BES1,Electrical Bus,24.49
2023-03-18 10:00:22+00:00,REAL_TIME_SCED,AZURE_BES1,Electrical Bus,28.45
2023-03-18 11:00:25+00:00,REAL_TIME_SCED,AZURE_BES1,Electrical Bus,25.4
2023-03-18 12:00:23+00:00,REAL_TIME_SCED,AZURE_BES1,Electrical Bus,21.54
2023-03-18 13:00:25+00:00,REAL_TIME_SCED,AZURE_BES1,Electrical Bus,22.57
2023-03-18 14:00:23+00:00,REAL_TIME_SCED,AZURE_BES1,Electrical Bus,29.44
2023-03-18 15:00:25+00:00,REAL_TIME_SCED,AZURE_BES1,Electrical Bus,17.44
2023-03-18 16:00:25+00:00,REAL_TIME_SCED,AZURE_BES1,Electrical Bus,18.77
2023-03-18 17:00:27+00:00,REAL_TIME_SCED,AZURE_BES1,Electrical Bus,14.81
2023-03-18 18:00:26+00:00,REAL_TIME_SCED,AZURE_BES1,Electrical Bus,13.06
2023-03-18 19:00:21+00:00,REAL_TIME_SCED,AZURE_BES1,Electrical Bus,11.52
2023-03-18 20:00:22+00:00,REAL_TIME_SCED,AZURE_BES1,Electrical Bus,11.62
2023-03-18 21:00:21+00:00,REAL_TIME_SCED,AZURE_BES1,Electrical Bus,13.78
2023-03-18 22:00:22+00:00,REAL_TIME_SCED,AZURE_BES1,Electrical Bus,15.47
2023-03-18 23:00:22+00:00,REAL_TIME_SCED,AZURE_BES1,Electrical Bus,15.96
2023-03-19 00:00:22+00:00,REAL_TIME_SCED,AZURE_BES1,Electrical Bus,24.16
2023-03-19 01:00:25+00:00,REAL_TIME_SCED,AZURE_BES1,Electrical Bus,39.9
2023-03-19 02:00:22+00:00,REAL_TIME_SCED,AZURE_BES1,Electrical Bus,27.11
2023-03-19 03:00:22+00:00,REAL_TIME_SCED,AZURE_BES1,Electrical Bus,24.33
2023-03-19 04:00:22+00:00,REAL_TIME_SCED,AZURE_BES1,Electrical Bus,24.61
2023-03-19 05:00:24+00:00,REAL_TIME_SCED,AZURE_BES1,Electrical Bus,25.36
2023-03-19 06:00:24+00:00,REAL_TIME_SCED,AZURE_BES1,Electrical Bus,28.29
2023-03-19 07:00:23+00:00,REAL_TIME_SCED,AZURE_BES1,Electrical Bus,26.5
2023-03-19 08:00:21+00:00,REAL_TIME_SCED,AZURE_BES1,Electrical Bus,45.91
2023-03-19 09:00:25+00:00,REAL_TIME_SCED,AZURE_BES1,Electrical Bus,22.94
2023-03-19 10:00:26+00:00,REAL_TIME_SCED,AZURE_BES1,Electrical Bus,23.62
2023-03-19 11:00:25+00:00,REAL_TIME_SCED,AZURE_BES1,Electrical Bus,42.68
2023-03-19 12:00:24+00:00,REAL_TIME_SCED,AZURE_BES1,Electrical Bus,38.61
2023-03-19 13:00:24+00:00,REAL_TIME_SCED,AZURE_BES1,Electrical Bus,39.21
2023-03-19 14:00:23+00:00,REAL_TIME_SCED,AZURE_BES1,Electrical Bus,19.45
2023-03-19 15:00:21+00:00,REAL_TIME_SCED,AZURE_BES1,Electrical Bus,15.84
2023-03-19 16:00:21+00:00,REAL_TIME_SCED,AZURE_BES1,Electrical Bus,15.23
2023-03-19 17:00:22+00:00,REAL_TIME_SCED,AZURE_BES1,Electrical Bus,14.14
2023-03-19 18:00:21+00:00,REAL_TIME_SCED,AZURE_BES1,Electrical Bus,12
2023-03-19 19:00:24+00:00,REAL_TIME_SCED,AZURE_BES1,Electrical Bus,7.62
2023-03-19 20:00:24+00:00,REAL_TIME_SCED,AZURE_BES1,Electrical Bus,7.71
2023-03-19 21:00:24+00:00,REAL_TIME_SCED,AZURE_BES1,Electrical Bus,6.07
2023-03-19 22:00:23+00:00,REAL_TIME_SCED,AZURE_BES1,Electrical Bus,7.53
2023-03-19 23:00:23+00:00,REAL_TIME_SCED,AZURE_BES1,Electrical Bus,5.5
2023-03-20 00:00:21+00:00,REAL_TIME_SCED,AZURE_BES1,Electrical Bus,15.88
2023-03-20 01:00:24+00:00,REAL_TIME_SCED,AZURE_BES1,Electrical Bus,23.02
2023-03-20 02:00:23+00:00,REAL_TIME_SCED,AZURE_BES1,Electrical Bus,14.16
2023-03-20 03:00:26+00:00,REAL_TIME_SCED,AZURE_BES1,Electrical Bus,3.19
2023-03-20 04:00:22+00:00,REAL_TIME_SCED,AZURE_BES1,Electrical Bus,2.08
2023-03-20 05:00:26+00:00,REAL_TIME_SCED,AZURE_BES1,Electrical Bus,6.43
2023-03-20 06:00:22+00:00,REAL_TIME_SCED,AZURE_BES1,Electrical Bus,3.52
2023-03-20 07:00:22+00:00,REAL_TIME_SCED,AZURE_BES1,Electrical Bus,5.56
2023-03-20 08:00:22+00:00,REAL_TIME_SCED,AZURE_BES1,Electrical Bus,9.59
2023-03-20 09:00:23+00:00,REAL_TIME_SCED,AZURE_BES1,Electrical Bus,11.47
2023-03-20 10:00:22+00:00,REAL_TIME_SCED,AZURE_BES1,Electrical Bus,13.42
2023-03-20 11:00:24+00:00,REAL_TIME_SCED,AZURE_BES1,Electrical Bus,18.71
2023-03-20 12:00:23+00:00,REAL_TIME_SCED,AZURE_BES1,Electrical Bus,-1.36
2023-03-20 13:00:27+00:00,REAL_TIME_SCED,AZURE_BES1,Electrical Bus,14.57
2023-03-20 14:00:22+00:00,REAL_TIME_SCED,AZURE_BES1,Electrical Bus,8.29
2023-03-20 15:00:23+00:00,REAL_TIME_SCED,AZURE_BES1,Electrical Bus,1.67
2023-03-20 16:00:23+00:00,REAL_TIME_SCED,AZURE_BES1,Electrical Bus,0.51
2023-03-20 17:00:25+00:00,REAL_TIME_SCED,AZURE_BES1,Electrical Bus,0.78
2023-03-20 18:00:27+00:00,REAL_TIME_SCED,AZURE_BES1,Electrical Bus,-1.57
2023-03-20 19:00:24+00:00,REAL_TIME_SCED,AZURE_BES1,Electrical Bus,-1.94
2023-03-20 20:00:23+00:00,REAL_TIME_SCED,AZURE_BES1,Electrical Bus,-2.02
2023-03-20 21:00:24+00:00,REAL_TIME_SCED,AZURE_BES1,Electrical Bus,-2.08
2023-03-20 22:00:21+00:00,REAL_TIME_SCED,AZURE_BES1,Electrical Bus,-9.36
2023-03-20 23:00:23+00:00,REAL_TIME_SCED,AZURE_BES1,Electrical Bus,-4.42
2023-03-21 00:00:22+00:00,REAL_TIME_SCED,AZURE_BES1,Electrical Bus,-1.28
2023-03-21 01:00:24+00:00,REAL_TIME_SCED,AZURE_BES1,Electrical Bus,-1.16
2023-03-21 02:00:23+00:00,REAL_TIME_SCED,AZURE_BES1,Electrical Bus,-0.81
2023-03-21 03:00:29+00:00,REAL_TIME_SCED,AZURE_BES1,Electrical Bus,-1.26
2023-03-21 04:00:26+00:00,REAL_TIME_SCED,AZURE_BES1,Electrical Bus,-1.3
2023-03-21 05:00:25+00:00,REAL_TIME_SCED,AZURE_BES1,Electrical Bus,-1.36
2023-03-21 06:00:25+00:00,REAL_TIME_SCED,AZURE_BES1,Electrical Bus,-2.46
2023-03-21 07:00:23+00:00,REAL_TIME_SCED,AZURE_BES1,Electrical Bus,-1.23
2023-03-21 08:00:23+00:00,REAL_TIME_SCED,AZURE_BES1,Electrical Bus,-1.18
2023-03-21 09:00:22+00:00,REAL_TIME_SCED,AZURE_BES1,Electrical Bus,0.77
2023-03-21 10:00:22+00:00,REAL_TIME_SCED,AZURE_BES1,Electrical Bus,0.23
2023-03-21 11:00:24+00:00,REAL_TIME_SCED,AZURE_BES1,Electrical Bus,26.96
2023-03-21 12:00:25+00:00,REAL_TIME_SCED,AZURE_BES1,Electrical Bus,80.17
2023-03-21 13:00:24+00:00,REAL_TIME_SCED,AZURE_BES1,Electrical Bus,26.24
2023-03-21 14:00:22+00:00,REAL_TIME_SCED,AZURE_BES1,Electrical Bus,19.64
2023-03-21 15:00:24+00:00,REAL_TIME_SCED,AZURE_BES1,Electrical Bus,5.22
2023-03-21 16:00:24+00:00,REAL_TIME_SCED,AZURE_BES1,Electrical Bus,3.01
2023-03-21 17:00:24+00:00,REAL_TIME_SCED,AZURE_BES1,Electrical Bus,2.86
2023-03-21 18:00:22+00:00,REAL_TIME_SCED,AZURE_BES1,Electrical Bus,4.33
2023-03-21 19:00:22+00:00,REAL_TIME_SCED,AZURE_BES1,Electrical Bus,4.46
2023-03-21 20:00:24+00:00,REAL_TIME_SCED,AZURE_BES1,Electrical Bus,3.79
2023-03-21 21:00:24+00:00,REAL_TIME_SCED,AZURE_BES1,Electrical Bus,3.02
2023-03-21 22:00:24+00:00,REAL_TIME_SCED,AZURE_BES1,Electrical Bus,2.14
2023-03-21 23:00:25+00:00,REAL_TIME_SCED,AZURE_BES1,Electrical Bus,3.73
2023-03-22 00:00:23+00:00,REAL_TIME_SCED,AZURE_BES1,Electrical Bus,22.94
2023-03-22 01:00:26+00:00,REAL_TIME_SCED,AZURE_BES1,Electrical Bus,15.99
2023-03-22 02:00:29+00:00,REAL_TIME_SCED,AZURE_BES1,Electrical Bus,3.18
2023-03-22 03:00:32+00:00,REAL_TIME_SCED,AZURE_BES1,Electrical Bus,0.49
2023-03-22 04:00:21+00:00,REAL_TIME_SCED,AZURE_BES1,Electrical Bus,-0.37
2023-03-22 05:00:40+00:00,REAL_TIME_SCED,AZURE_BES1,Electrical Bus,-0.91
2023-03-22 06:00:23+00:00,REAL_TIME_SCED,AZURE_BES1,Electrical Bus,-2.39
2023-03-22 07:00:26+00:00,REAL_TIME_SCED,AZURE_BES1,Electrical Bus,-4.94
2023-03-22 08:00:24+00:00,REAL_TIME_SCED,AZURE_BES1,Electrical Bus,-7.47
2023-03-22 09:00:25+00:00,REAL_TIME_SCED,AZURE_BES1,Electrical Bus,-16.23
2023-03-22 10:00:26+00:00,REAL_TIME_SCED,AZURE_BES1,Electrical Bus,-5.68
2023-03-22 11:00:24+00:00,REAL_TIME_SCED,AZURE_BES1,Electrical Bus,-5.84
2023-03-22 12:00:24+00:00,REAL_TIME_SCED,AZURE_BES1,Electrical Bus,2.99
2023-03-22 13:00:28+00:00,REAL_TIME_SCED,AZURE_BES1,Electrical Bus,14.5
2023-03-22 14:00:24+00:00,REAL_TIME_SCED,AZURE_BES1,Electrical Bus,6.06
2023-03-22 15:00:26+00:00,REAL_TIME_SCED,AZURE_BES1,Electrical Bus,2.05
2023-03-22 16:00:27+00:00,REAL_TIME_SCED,AZURE_BES1,Electrical Bus,0.51
2023-03-22 17:00:28+00:00,REAL_TIME_SCED,AZURE_BES1,Electrical Bus,2.28
2023-03-22 18:00:29+00:00,REAL_TIME_SCED,AZURE_BES1,Electrical Bus,2.5
2023-03-22 19:00:29+00:00,REAL_TIME_SCED,AZURE_BES1,Electrical Bus,2.44
2023-03-22 20:00:27+00:00,REAL_TIME_SCED,AZURE_BES1,Electrical Bus,2.14
2023-03-22 21:00:27+00:00,REAL_TIME_SCED,AZURE_BES1,Electrical Bus,4.96
2023-03-22 22:00:27+00:00,REAL_TIME_SCED,AZURE_BES1,Electrical Bus,6.48
2023-03-22 23:00:25+00:00,REAL_TIME_SCED,AZURE_BES1,Electrical Bus,8.34
2023-03-23 00:00:25+00:00,REAL_TIME_SCED,AZURE_BES1,Electrical Bus,99.6
2023-03-23 01:00:24+00:00,REAL_TIME_SCED,AZURE_BES1,Electrical Bus,87.92
2023-03-23 02:00:24+00:00,REAL_TIME_SCED,AZURE_BES1,Electrical Bus,32.28
2023-03-23 03:00:26+00:00,REAL_TIME_SCED,AZURE_BES1,Electrical Bus,17.98
2023-03-23 04:00:25+00:00,REAL_TIME_SCED,AZURE_BES1,Electrical Bus,10.65
2023-03-23 05:00:26+00:00,REAL_TIME_SCED,AZURE_BES1,Electrical Bus,8.83
2023-03-23 06:00:24+00:00,REAL_TIME_SCED,AZURE_BES1,Electrical Bus,8.1
2023-03-23 07:00:25+00:00,REAL_TIME_SCED,AZURE_BES1,Electrical Bus,3.84
2023-03-23 08:00:24+00:00,REAL_TIME_SCED,AZURE_BES1,Electrical Bus,-0.42
2023-03-23 09:00:26+00:00,REAL_TIME_SCED,AZURE_BES1,Electrical Bus,9.1
2023-03-23 10:00:25+00:00,REAL_TIME_SCED,AZURE_BES1,Electrical Bus,10.59
2023-03-23 11:00:24+00:00,REAL_TIME_SCED,AZURE_BES1,Electrical Bus,16.22
2023-03-23 12:00:26+00:00,REAL_TIME_SCED,AZURE_BES1,Electrical Bus,25.38
2023-03-23 13:00:26+00:00,REAL_TIME_SCED,AZURE_BES1,Electrical Bus,25.19
2023-03-23 14:00:21+00:00,REAL_TIME_SCED,AZURE_BES1,Electrical Bus,25.56
2023-03-23 15:00:25+00:00,REAL_TIME_SCED,AZURE_BES1,Electrical Bus,24.4
2023-03-23 16:00:21+00:00,REAL_TIME_SCED,AZURE_BES1,Electrical Bus,21.85
2023-03-23 17:00:20+00:00,REAL_TIME_SCED,AZURE_BES1,Electrical Bus,24.32
2023-03-23 18:00:22+00:00,REAL_TIME_SCED,AZURE_BES1,Electrical Bus,56.52
2023-03-23 19:00:23+00:00,REAL_TIME_SCED,AZURE_BES1,Electrical Bus,23.49
2023-03-23 20:00:20+00:00,REAL_TIME_SCED,AZURE_BES1,Electrical Bus,24.7
2023-03-23 21:00:25+00:00,REAL_TIME_SCED,AZURE_BES1,Electrical Bus,28.9
2023-03-23 22:00:23+00:00,REAL_TIME_SCED,AZURE_BES1,Electrical Bus,24.64
2023-03-23 23:00:24+00:00,REAL_TIME_SCED,AZURE_BES1,Electrical Bus,20.98
2023-03-24 00:00:21+00:00,REAL_TIME_SCED,AZURE_BES1,Electrical Bus,94.71
2023-03-24 01:00:23+00:00,REAL_TIME_SCED,AZURE_BES1,Electrical Bus,48.27
2023-03-24 02:00:23+00:00,REAL_TIME_SCED,AZURE_BES1,Electrical Bus,78.4
2023-03-24 03:00:22+00:00,REAL_TIME_SCED,AZURE_BES1,Electrical Bus,42.86
2023-03-24 04:00:23+00:00,REAL_TIME_SCED,AZURE_BES1,Electrical Bus,84.68
2023-03-24 05:00:26+00:00,REAL_TIME_SCED,AZURE_BES1,Electrical Bus,21.85
2023-03-24 06:00:23+00:00,REAL_TIME_SCED,AZURE_BES1,Electrical Bus,21.43
2023-03-24 07:00:24+00:00,REAL_TIME_SCED,AZURE_BES1,Electrical Bus,14.19
2023-03-24 08:00:22+00:00,REAL_TIME_SCED,AZURE_BES1,Electrical Bus,16.38
2023-03-24 09:00:25+00:00,REAL_TIME_SCED,AZURE_BES1,Electrical Bus,18.42
2023-03-24 10:00:23+00:00,REAL_TIME_SCED,AZURE_BES1,Electrical Bus,21.1
2023-03-24 11:00:20+00:00,REAL_TIME_SCED,AZURE_BES1,Electrical Bus,77.59
2023-03-24 12:00:26+00:00,REAL_TIME_SCED,AZURE_BES1,Electrical Bus,76.38
2023-03-24 13:00:23+00:00,REAL_TIME_SCED,AZURE_BES1,Electrical Bus,64.29
2023-03-24 14:00:22+00:00,REAL_TIME_SCED,AZURE_BES1,Electrical Bus,23.28
2023-03-24 15:00:20+00:00,REAL_TIME_SCED,AZURE_BES1,Electrical Bus,25.13
2023-03-24 16:00:23+00:00,REAL_TIME_SCED,AZURE_BES1,Electrical Bus,25.47
2023-03-24 17:00:20+00:00,REAL_TIME_SCED,AZURE_BES1,Electrical Bus,23.68
2023-03-24 18:00:24+00:00,REAL_TIME_SCED,AZURE_BES1,Electrical Bus,12.99
2023-03-24 19:00:22+00:00,REAL_TIME_SCED,AZURE_BES1,Electrical Bus,8.03
2023-03-24 20:00:22+00:00,REAL_TIME_SCED,AZURE_BES1,Electrical Bus,5.5
2023-03-24 21:00:25+00:00,REAL_TIME_SCED,AZURE_BES1,Electrical Bus,2.4
2023-03-24 22:00:22+00:00,REAL_TIME_SCED,AZURE_BES1,Electrical Bus,3.22
2023-03-24 23:00:26+00:00,REAL_TIME_SCED,AZURE_BES1,Electrical Bus,4.2
2023-03-25 00:00:25+00:00,REAL_TIME_SCED,AZURE_BES1,Electrical Bus,9.28
2023-03-25 01:00:26+00:00,REAL_TIME_SCED,AZURE_BES1,Electrical Bus,7.04
2023-03-25 02:00:24+00:00,REAL_TIME_SCED,AZURE_BES1,Electrical Bus,23.7
2023-03-25 03:00:24+00:00,REAL_TIME_SCED,AZURE_BES1,Electrical Bus,19.28
2023-03-25 04:00:23+00:00,REAL_TIME_SCED,AZURE_BES1,Electrical Bus,39.91
2023-03-25 05:00:24+00:00,REAL_TIME_SCED,AZURE_BES1,Electrical Bus,18.16
2023-03-25 06:00:24+00:00,REAL_TIME_SCED,AZURE_BES1,Electrical Bus,9.61
2023-03-25 07:00:21+00:00,REAL_TIME_SCED,AZURE_BES1,Electrical Bus,9.87
2023-03-25 08:00:21+00:00,REAL_TIME_SCED,AZURE_BES1,Electrical Bus,12.92
2023-03-25 09:00:24+00:00,REAL_TIME_SCED,AZURE_BES1,Electrical Bus,17.1
2023-03-25 10:00:22+00:00,REAL_TIME_SCED,AZURE_BES1,Electrical Bus,9.34
2023-03-25 11:00:23+00:00,REAL_TIME_SCED,AZURE_BES1,Electrical Bus,10.52
2023-03-25 12:00:24+00:00,REAL_TIME_SCED,AZURE_BES1,Electrical Bus,12.67
2023-03-25 13:00:22+00:00,REAL_TIME_SCED,AZURE_BES1,Electrical Bus,11.29
2023-03-25 14:00:20+00:00,REAL_TIME_SCED,AZURE_BES1,Electrical Bus,0
2023-03-25 15:00:22+00:00,REAL_TIME_SCED,AZURE_BES1,Electrical Bus,-0.39
2023-03-25 16:00:22+00:00,REAL_TIME_SCED,AZURE_BES1,Electrical Bus,-2.09
2023-03-25 17:00:21+00:00,REAL_TIME_SCED,AZURE_BES1,Electrical Bus,-0.49
2023-03-25 18:00:21+00:00,REAL_TIME_SCED,AZURE_BES1,Electrical Bus,3.28
2023-03-25 19:00:20+00:00,REAL_TIME_SCED,AZURE_BES1,Electrical Bus,9.28
2023-03-25 20:00:17+00:00,REAL_TIME_SCED,AZURE_BES1,Electrical Bus,21.8
2023-03-25 21:00:22+00:00,REAL_TIME_SCED,AZURE_BES1,Electrical Bus,18.73
2023-03-25 22:00:19+00:00,REAL_TIME_SCED,AZURE_BES1,Electrical Bus,18.24
2023-03-25 23:00:21+00:00,REAL_TIME_SCED,AZURE_BES1,Electrical Bus,20.45
2023-03-26 00:00:20+00:00,REAL_TIME_SCED,AZURE_BES1,Electrical Bus,48.67
2023-03-26 01:00:23+00:00,REAL_TIME_SCED,AZURE_BES1,Electrical Bus,356.19
2023-03-26 02:00:23+00:00,REAL_TIME_SCED,AZURE_BES1,Electrical Bus,176.6
2023-03-26 03:00:23+00:00,REAL_TIME_SCED,AZURE_BES1,Electrical Bus,27.17
2023-03-26 04:00:21+00:00,REAL_TIME_SCED,AZURE_BES1,Electrical Bus,25.6
2023-03-26 05:00:24+00:00,REAL_TIME_SCED,AZURE_BES1,Electrical Bus,21.65
2023-03-26 06:00:24+00:00,REAL_TIME_SCED,AZURE_BES1,Electrical Bus,14.74
2023-03-26 07:00:24+00:00,REAL_TIME_SCED,AZURE_BES1,Electrical Bus,12.28
2023-03-26 08:00:23+00:00,REAL_TIME_SCED,AZURE_BES1,Electrical Bus,13.63
2023-03-26 09:00:25+00:00,REAL_TIME_SCED,AZURE_BES1,Electrical Bus,12.3
2023-03-26 10:00:26+00:00,REAL_TIME_SCED,AZURE_BES1,Electrical Bus,9.38
2023-03-26 11:00:24+00:00,REAL_TIME_SCED,AZURE_BES1,Electrical Bus,2.03
2023-03-26 12:00:24+00:00,REAL_TIME_SCED,AZURE_BES1,Electrical Bus,0.83
2023-03-26 13:00:24+00:00,REAL_TIME_SCED,AZURE_BES1,Electrical Bus,6.47
2023-03-26 14:00:19+00:00,REAL_TIME_SCED,AZURE_BES1,Electrical Bus,1.8
2023-03-26 15:00:23+00:00,REAL_TIME_SCED,AZURE_BES1,Electrical Bus,1.01
2023-03-26 16:00:21+00:00,REAL_TIME_SCED,AZURE_BES1,Electrical Bus,4.03
2023-03-26 17:00:20+00:00,REAL_TIME_SCED,AZURE_BES1,Electrical Bus,7.77
2023-03-26 18:00:23+00:00,REAL_TIME_SCED,AZURE_BES1,Electrical Bus,19.05
2023-03-26 19:00:19+00:00,REAL_TIME_SCED,AZURE_BES1,Electrical Bus,20.88
2023-03-26 20:00:19+00:00,REAL_TIME_SCED,AZURE_BES1,Electrical Bus,23
2023-03-26 21:00:22+00:00,REAL_TIME_SCED,AZURE_BES1,Electrical Bus,74.16
2023-03-26 22:00:20+00:00,REAL_TIME_SCED,AZURE_BES1,Electrical Bus,78.57
2023-03-26 23:00:20+00:00,REAL_TIME_SCED,AZURE_BES1,Electrical Bus,75.44
2023-03-27 00:00:21+00:00,REAL_TIME_SCED,AZURE_BES1,Electrical Bus,75.07
2023-03-27 01:00:21+00:00,REAL_TIME_SCED,AZURE_BES1,Electrical Bus,71.05
2023-03-27 02:00:24+00:00,REAL_TIME_SCED,AZURE_BES1,Electrical Bus,7.89
2023-03-27 03:00:21+00:00,REAL_TIME_SCED,AZURE_BES1,Electrical Bus,4.69
2023-03-27 04:00:22+00:00,REAL_TIME_SCED,AZURE_BES1,Electrical Bus,6.68
2023-03-27 05:00:24+00:00,REAL_TIME_SCED,AZURE_BES1,Electrical Bus,2.15
2023-03-27 06:00:23+00:00,REAL_TIME_SCED,AZURE_BES1,Electrical Bus,4.68
2023-03-27 07:00:25+00:00,REAL_TIME_SCED,AZURE_BES1,Electrical Bus,10.21
2023-03-27 08:00:24+00:00,REAL_TIME_SCED,AZURE_BES1,Electrical Bus,18.48
2023-03-27 09:00:26+00:00,REAL_TIME_SCED,AZURE_BES1,Electrical Bus,17.17
2023-03-27 10:00:24+00:00,REAL_TIME_SCED,AZURE_BES1,Electrical Bus,20.15
2023-03-27 11:00:22+00:00,REAL_TIME_SCED,AZURE_BES1,Electrical Bus,20.18
2023-03-27 12:00:21+00:00,REAL_TIME_SCED,AZURE_BES1,Electrical Bus,28.19
2023-03-27 13:00:24+00:00,REAL_TIME_SCED,AZURE_BES1,Electrical Bus,24.52
2023-03-27 14:00:21+00:00,REAL_TIME_SCED,AZURE_BES1,Electrical Bus,24.54
2023-03-27 15:00:21+00:00,REAL_TIME_SCED,AZURE_BES1,Electrical Bus,28.76
2023-03-27 16:00:19+00:00,REAL_TIME_SCED,AZURE_BES1,Electrical Bus,23.29
2023-03-27 17:00:20+00:00,REAL_TIME_SCED,AZURE_BES1,Electrical Bus,19.08
2023-03-27 18:00:21+00:00,REAL_TIME_SCED,AZURE_BES1,Electrical Bus,20.66
2023-03-27 19:00:20+00:00,REAL_TIME_SCED,AZURE_BES1,Electrical Bus,23.36
2023-03-27 20:00:20+00:00,REAL_TIME_SCED,AZURE_BES1,Electrical Bus,24.76
2023-03-27 21:00:22+00:00,REAL_TIME_SCED,AZURE_BES1,Electrical Bus,23.24
2023-03-27 22:00:24+00:00,REAL_TIME_SCED,AZURE_BES1,Electrical Bus,95.27
2023-03-27 23:00:23+00:00,REAL_TIME_SCED,AZURE_BES1,Electrical Bus,66.73
2023-03-28 00:00:22+00:00,REAL_TIME_SCED,AZURE_BES1,Electrical Bus,248.03
2023-03-28 01:00:20+00:00,REAL_TIME_SCED,AZURE_BES1,Electrical Bus,483.96
2023-03-28 02:00:23+00:00,REAL_TIME_SCED,AZURE_BES1,Electrical Bus,75
2023-03-28 03:00:24+00:00,REAL_TIME_SCED,AZURE_BES1,Electrical Bus,32.55
2023-03-28 04:00:21+00:00,REAL_TIME_SCED,AZURE_BES1,Electrical Bus,25.02
2023-03-28 05:00:23+00:00,REAL_TIME_SCED,AZURE_BES1,Electrical Bus,16.78
2023-03-28 06:00:23+00:00,REAL_TIME_SCED,AZURE_BES1,Electrical Bus,-3.6
2023-03-28 07:00:24+00:00,REAL_TIME_SCED,AZURE_BES1,Electrical Bus,6.23
2023-03-28 08:00:25+00:00,REAL_TIME_SCED,AZURE_BES1,Electrical Bus,0.49
2023-03-28 09:00:26+00:00,REAL_TIME_SCED,AZURE_BES1,Electrical Bus,-5.19
2023-03-28 10:00:22+00:00,REAL_TIME_SCED,AZURE_BES1,Electrical Bus,-0.5
2023-03-28 11:00:23+00:00,REAL_TIME_SCED,AZURE_BES1,Electrical Bus,0.88
2023-03-28 12:00:24+00:00,REAL_TIME_SCED,AZURE_BES1,Electrical Bus,6.95
2023-03-28 13:00:25+00:00,REAL_TIME_SCED,AZURE_BES1,Electrical Bus,12.39
2023-03-28 14:00:20+00:00,REAL_TIME_SCED,AZURE_BES1,Electrical Bus,6.8
2023-03-28 15:00:21+00:00,REAL_TIME_SCED,AZURE_BES1,Electrical Bus,2.28
2023-03-28 16:00:21+00:00,REAL_TIME_SCED,AZURE_BES1,Electrical Bus,2.61
2023-03-28 17:00:23+00:00,REAL_TIME_SCED,AZURE_BES1,Electrical Bus,0.31
2023-03-28 18:00:26+00:00,REAL_TIME_SCED,AZURE_BES1,Electrical Bus,1.71
2023-03-28 19:00:24+00:00,REAL_TIME_SCED,AZURE_BES1,Electrical Bus,2.91
2023-03-28 20:00:23+00:00,REAL_TIME_SCED,AZURE_BES1,Electrical Bus,9.25
2023-03-28 21:00:24+00:00,REAL_TIME_SCED,AZURE_BES1,Electrical Bus,7.95
2023-03-28 22:00:24+00:00,REAL_TIME_SCED,AZURE_BES1,Electrical Bus,16.71
2023-03-28 23:00:23+00:00,REAL_TIME_SCED,AZURE_BES1,Electrical Bus,22.16
2023-03-29 00:00:25+00:00,REAL_TIME_SCED,AZURE_BES1,Electrical Bus,32.47
2023-03-29 01:00:25+00:00,REAL_TIME_SCED,AZURE_BES1,Electrical Bus,73.12
2023-03-29 02:00:22+00:00,REAL_TIME_SCED,AZURE_BES1,Electrical Bus,50.93
2023-03-29 03:00:26+00:00,REAL_TIME_SCED,AZURE_BES1,Electrical Bus,20.4
2023-03-29 04:00:20+00:00,REAL_TIME_SCED,AZURE_BES1,Electrical Bus,19.42
2023-03-29 05:00:41+00:00,REAL_TIME_SCED,AZURE_BES1,Electrical Bus,21.21
2023-03-29 06:00:21+00:00,REAL_TIME_SCED,AZURE_BES1,Electrical Bus,25.21
2023-03-29 07:00:24+00:00,REAL_TIME_SCED,AZURE_BES1,Electrical Bus,22.91
2023-03-29 08:00:18+00:00,REAL_TIME_SCED,AZURE_BES1,Electrical Bus,18.55
2023-03-29 09:00:23+00:00,REAL_TIME_SCED,AZURE_BES1,Electrical Bus,22.4
2023-03-29 10:00:21+00:00,REAL_TIME_SCED,AZURE_BES1,Electrical Bus,19.41
2023-03-29 11:00:21+00:00,REAL_TIME_SCED,AZURE_BES1,Electrical Bus,33
2023-03-29 12:00:20+00:00,REAL_TIME_SCED,AZURE_BES1,Electrical Bus,45.33
2023-03-29 13:00:22+00:00,REAL_TIME_SCED,AZURE_BES1,Electrical Bus,21.07
2023-03-29 14:00:19+00:00,REAL_TIME_SCED,AZURE_BES1,Electrical Bus,15.44
2023-03-29 15:00:20+00:00,REAL_TIME_SCED,AZURE_BES1,Electrical Bus,16.63
2023-03-29 16:00:20+00:00,REAL_TIME_SCED,AZURE_BES1,Electrical Bus,10.48
2023-03-29 17:00:21+00:00,REAL_TIME_SCED,AZURE_BES1,Electrical Bus,11.05
2023-03-29 18:00:24+00:00,REAL_TIME_SCED,AZURE_BES1,Electrical Bus,8.11
2023-03-29 19:00:19+00:00,REAL_TIME_SCED,AZURE_BES1,Electrical Bus,7.94
2023-03-29 20:00:22+00:00,REAL_TIME_SCED,AZURE_BES1,Electrical Bus,7.45
2023-03-29 21:00:22+00:00,REAL_TIME_SCED,AZURE_BES1,Electrical Bus,6.72
2023-03-29 22:00:22+00:00,REAL_TIME_SCED,AZURE_BES1,Electrical Bus,6.51
2023-03-29 23:00:23+00:00,REAL_TIME_SCED,AZURE_BES1,Electrical Bus,4.94
2023-03-30 00:00:23+00:00,REAL_TIME_SCED,AZURE_BES1,Electrical Bus,4.85
2023-03-30 01:00:24+00:00,REAL_TIME_SCED,AZURE_BES1,Electrical Bus,13.1
2023-03-30 02:00:24+00:00,REAL_TIME_SCED,AZURE_BES1,Electrical Bus,2.16
2023-03-30 03:00:23+00:00,REAL_TIME_SCED,AZURE_BES1,Electrical Bus,3.59
2023-03-30 04:00:24+00:00,REAL_TIME_SCED,AZURE_BES1,Electrical Bus,-0.15
2023-03-30 05:00:23+00:00,REAL_TIME_SCED,AZURE_BES1,Electrical Bus,-0.18
2023-03-30 06:00:24+00:00,REAL_TIME_SCED,AZURE_BES1,Electrical Bus,0.54
2023-03-30 07:00:23+00:00,REAL_TIME_SCED,AZURE_BES1,Electrical Bus,0.55
2023-03-30 08:00:22+00:00,REAL_TIME_SCED,AZURE_BES1,Electrical Bus,1.89
2023-03-30 09:00:23+00:00,REAL_TIME_SCED,AZURE_BES1,Electrical Bus,3.43
2023-03-30 10:00:22+00:00,REAL_TIME_SCED,AZURE_BES1,Electrical Bus,11.88
2023-03-30 11:00:20+00:00,REAL_TIME_SCED,AZURE_BES1,Electrical Bus,13.1
2023-03-30 12:00:22+00:00,REAL_TIME_SCED,AZURE_BES1,Electrical Bus,21.69
2023-03-30 13:00:24+00:00,REAL_TIME_SCED,AZURE_BES1,Electrical Bus,20.49
2023-03-30 14:00:22+00:00,REAL_TIME_SCED,AZURE_BES1,Electrical Bus,19.19
2023-03-30 15:00:21+00:00,REAL_TIME_SCED,AZURE_BES1,Electrical Bus,3.97
2023-03-30 16:00:21+00:00,REAL_TIME_SCED,AZURE_BES1,Electrical Bus,-5.53
2023-03-30 17:00:23+00:00,REAL_TIME_SCED,AZURE_BES1,Electrical Bus,-1.78
2023-03-30 18:00:25+00:00,REAL_TIME_SCED,AZURE_BES1,Electrical Bus,-3.59
2023-03-30 19:00:25+00:00,REAL_TIME_SCED,AZURE_BES1,Electrical Bus,-7.41
2023-03-30 20:00:24+00:00,REAL_TIME_SCED,AZURE_BES1,Electrical Bus,-4.38
2023-03-30 21:00:28+00:00,REAL_TIME_SCED,AZURE_BES1,Electrical Bus,-9.12
2023-03-30 22:00:25+00:00,REAL_TIME_SCED,AZURE_BES1,Electrical Bus,-3.86
2023-03-30 23:00:24+00:00,REAL_TIME_SCED,AZURE_BES1,Electrical Bus,-3.91
2023-03-31 00:00:23+00:00,REAL_TIME_SCED,AZURE_BES1,Electrical Bus,-4.58
2023-03-31 01:00:29+00:00,REAL_TIME_SCED,AZURE_BES1,Electrical Bus,-6.46
2023-03-31 02:00:24+00:00,REAL_TIME_SCED,AZURE_BES1,Electrical Bus,-5.39
2023-03-31 03:00:28+00:00,REAL_TIME_SCED,AZURE_BES1,Electrical Bus,-3.98
2023-03-31 04:00:22+00:00,REAL_TIME_SCED,AZURE_BES1,Electrical Bus,-3.84
2023-03-31 05:00:27+00:00,REAL_TIME_SCED,AZURE_BES1,Electrical Bus,-3.68
2023-03-31 06:00:25+00:00,REAL_TIME_SCED,AZURE_BES1,Electrical Bus,-3.66
2023-03-31 07:00:28+00:00,REAL_TIME_SCED,AZURE_BES1,Electrical Bus,-3.17
2023-03-31 08:00:24+00:00,REAL_TIME_SCED,AZURE_BES1,Electrical Bus,-0.12
2023-03-31 09:00:27+00:00,REAL_TIME_SCED,AZURE_BES1,Electrical Bus,2
2023-03-31 10:00:25+00:00,REAL_TIME_SCED,AZURE_BES1,Electrical Bus,17.17
2023-03-31 11:00:27+00:00,REAL_TIME_SCED,AZURE_BES1,Electrical Bus,14.67
2023-03-31 12:00:24+00:00,REAL_TIME_SCED,AZURE_BES1,Electrical Bus,20.91
2023-03-31 13:00:25+00:00,REAL_TIME_SCED,AZURE_BES1,Electrical Bus,20.11
2023-03-31 14:00:25+00:00,REAL_TIME_SCED,AZURE_BES1,Electrical Bus,-5
2023-03-31 15:00:24+00:00,REAL_TIME_SCED,AZURE_BES1,Electrical Bus,-7.94
2023-03-31 16:00:25+00:00,REAL_TIME_SCED,AZURE_BES1,Electrical Bus,-24.36
2023-03-31 17:00:24+00:00,REAL_TIME_SCED,AZURE_BES1,Electrical Bus,-25.75
2023-03-31 18:00:26+00:00,REAL_TIME_SCED,AZURE_BES1,Electrical Bus,-26.65
2023-03-31 19:00:25+00:00,REAL_TIME_SCED,AZURE_BES1,Electrical Bus,-25.22
2023-03-31 20:00:24+00:00,REAL_TIME_SCED,AZURE_BES1,Electrical Bus,-25.22
2023-03-31 21:00:25+00:00,REAL_TIME_SCED,AZURE_BES1,Electrical Bus,-25.29
2023-03-31 22:00:25+00:00,REAL_TIME_SCED,AZURE_BES1,Electrical Bus,-20.29
2023-03-31 23:00:24+00:00,REAL_TIME_SCED,AZURE_BES1,Electrical Bus,-11.52
2023-04-01 00:00:23+00:00,REAL_TIME_SCED,AZURE_BES1,Electrical Bus,-2.48
2023-04-01 01:00:25+00:00,REAL_TIME_SCED,AZURE_BES1,Electrical Bus,20.15
2023-04-01 02:00:21+00:00,REAL_TIME_SCED,AZURE_BES1,Electrical Bus,1.42
2023-04-01 03:00:23+00:00,REAL_TIME_SCED,AZURE_BES1,Electrical Bus,-8.94
2023-04-01 04:00:22+00:00,REAL_TIME_SCED,AZURE_BES1,Electrical Bus,-13.55
2023-04-01 05:00:25+00:00,REAL_TIME_SCED,AZURE_BES1,Electrical Bus,-5.83
2023-04-01 06:00:22+00:00,REAL_TIME_SCED,AZURE_BES1,Electrical Bus,-15.01
2023-04-01 07:00:22+00:00,REAL_TIME_SCED,AZURE_BES1,Electrical Bus,-7.69
2023-04-01 08:00:23+00:00,REAL_TIME_SCED,AZURE_BES1,Electrical Bus,-11.25
2023-04-01 09:00:25+00:00,REAL_TIME_SCED,AZURE_BES1,Electrical Bus,-3.55
2023-04-01 10:00:24+00:00,REAL_TIME_SCED,AZURE_BES1,Electrical Bus,-2.51
2023-04-01 11:00:23+00:00,REAL_TIME_SCED,AZURE_BES1,Electrical Bus,0.73
2023-04-01 12:00:23+00:00,REAL_TIME_SCED,AZURE_BES1,Electrical Bus,5.18
2023-04-01 13:00:23+00:00,REAL_TIME_SCED,AZURE_BES1,Electrical Bus,5.39
2023-04-01 14:00:20+00:00,REAL_TIME_SCED,AZURE_BES1,Electrical Bus,14.85
2023-04-01 15:00:22+00:00,REAL_TIME_SCED,AZURE_BES1,Electrical Bus,8.17
2023-04-01 16:00:21+00:00,REAL_TIME_SCED,AZURE_BES1,Electrical Bus,14.59
2023-04-01 17:00:22+00:00,REAL_TIME_SCED,AZURE_BES1,Electrical Bus,20.31
2023-04-01 18:00:21+00:00,REAL_TIME_SCED,AZURE_BES1,Electrical Bus,21.17
2023-04-01 19:00:21+00:00,REAL_TIME_SCED,AZURE_BES1,Electrical Bus,20.82
2023-04-01 20:00:19+00:00,REAL_TIME_SCED,AZURE_BES1,Electrical Bus,20.95
2023-04-01 21:00:23+00:00,REAL_TIME_SCED,AZURE_BES1,Electrical Bus,18.07
2023-04-01 22:00:23+00:00,REAL_TIME_SCED,AZURE_BES1,Electrical Bus,15.29
2023-04-01 23:00:23+00:00,REAL_TIME_SCED,AZURE_BES1,Electrical Bus,16.14
2023-04-02 00:00:21+00:00,REAL_TIME_SCED,AZURE_BES1,Electrical Bus,19.84
2023-04-02 01:00:19+00:00,REAL_TIME_SCED,AZURE_BES1,Electrical Bus,19.65
2023-04-02 02:00:20+00:00,REAL_TIME_SCED,AZURE_BES1,Electrical Bus,18.52
2023-04-02 03:00:22+00:00,REAL_TIME_SCED,AZURE_BES1,Electrical Bus,12.36
2023-04-02 04:00:21+00:00,REAL_TIME_SCED,AZURE_BES1,Electrical Bus,6.03
2023-04-02 05:00:22+00:00,REAL_TIME_SCED,AZURE_BES1,Electrical Bus,0.74
2023-04-02 06:00:24+00:00,REAL_TIME_SCED,AZURE_BES1,Electrical Bus,-0.23
2023-04-02 07:00:22+00:00,REAL_TIME_SCED,AZURE_BES1,Electrical Bus,-2.31
2023-04-02 08:00:22+00:00,REAL_TIME_SCED,AZURE_BES1,Electrical Bus,-4.95
2023-04-02 09:00:22+00:00,REAL_TIME_SCED,AZURE_BES1,Electrical Bus,-4.81
2023-04-02 10:00:23+00:00,REAL_TIME_SCED,AZURE_BES1,Electrical Bus,-3.2
2023-04-02 11:00:22+00:00,REAL_TIME_SCED,AZURE_BES1,Electrical Bus,-1.08
2023-04-02 12:00:22+00:00,REAL_TIME_SCED,AZURE_BES1,Electrical Bus,0.95
2023-04-02 13:00:22+00:00,REAL_TIME_SCED,AZURE_BES1,Electrical Bus,1.51
2023-04-02 14:00:21+00:00,REAL_TIME_SCED,AZURE_BES1,Electrical Bus,5.32
2023-04-02 15:00:22+00:00,REAL_TIME_SCED,AZURE_BES1,Electrical Bus,3.76
2023-04-02 16:00:21+00:00,REAL_TIME_SCED,AZURE_BES1,Electrical Bus,0.01
2023-04-02 17:00:24+00:00,REAL_TIME_SCED,AZURE_BES1,Electrical Bus,0.67
2023-04-02 18:00:23+00:00,REAL_TIME_SCED,AZURE_BES1,Electrical Bus,3.33
2023-04-02 19:00:23+00:00,REAL_TIME_SCED,AZURE_BES1,Electrical Bus,6.46
2023-04-02 20:00:23+00:00,REAL_TIME_SCED,AZURE_BES1,Electrical Bus,5.95
2023-04-02 21:00:23+00:00,REAL_TIME_SCED,AZURE_BES1,Electrical Bus,5.17
2023-04-02 22:00:24+00:00,REAL_TIME_SCED,AZURE_BES1,Electrical Bus,7.23
2023-04-02 23:00:23+00:00,REAL_TIME_SCED,AZURE_BES1,Electrical Bus,6.19
2023-04-03 00:00:24+00:00,REAL_TIME_SCED,AZURE_BES1,Electrical Bus,12.99
2023-04-03 01:00:23+00:00,REAL_TIME_SCED,AZURE_BES1,Electrical Bus,19.76
2023-04-03 02:00:21+00:00,REAL_TIME_SCED,AZURE_BES1,Electrical Bus,20.99
2023-04-03 03:00:21+00:00,REAL_TIME_SCED,AZURE_BES1,Electrical Bus,19.35
2023-04-03 04:00:21+00:00,REAL_TIME_SCED,AZURE_BES1,Electrical Bus,12.3
2023-04-03 05:00:22+00:00,REAL_TIME_SCED,AZURE_BES1,Electrical Bus,10.55
2023-04-03 06:00:24+00:00,REAL_TIME_SCED,AZURE_BES1,Electrical Bus,12.14
2023-04-03 07:00:21+00:00,REAL_TIME_SCED,AZURE_BES1,Electrical Bus,7.73
2023-04-03 08:00:21+00:00,REAL_TIME_SCED,AZURE_BES1,Electrical Bus,1.59
2023-04-03 09:00:25+00:00,REAL_TIME_SCED,AZURE_BES1,Electrical Bus,0.12
2023-04-03 10:00:24+00:00,REAL_TIME_SCED,AZURE_BES1,Electrical Bus,2.1
2023-04-03 11:00:22+00:00,REAL_TIME_SCED,AZURE_BES1,Electrical Bus,3.8
2023-04-03 12:00:23+00:00,REAL_TIME_SCED,AZURE_BES1,Electrical Bus,7.59
2023-04-03 13:00:24+00:00,REAL_TIME_SCED,AZURE_BES1,Electrical Bus,6.28
2023-04-03 14:00:22+00:00,REAL_TIME_SCED,AZURE_BES1,Electrical Bus,6.99
2023-04-03 15:00:25+00:00,REAL_TIME_SCED,AZURE_BES1,Electrical Bus,13.17
2023-04-03 16:00:21+00:00,REAL_TIME_SCED,AZURE_BES1,Electrical Bus,16.04
2023-04-03 17:00:24+00:00,REAL_TIME_SCED,AZURE_BES1,Electrical Bus,14.18
2023-04-03 18:00:22+00:00,REAL_TIME_SCED,AZURE_BES1,Electrical Bus,11.73
2023-04-03 19:00:23+00:00,REAL_TIME_SCED,AZURE_BES1,Electrical Bus,9.46
2023-04-03 20:00:26+00:00,REAL_TIME_SCED,AZURE_BES1,Electrical Bus,0.12
2023-04-03 21:00:25+00:00,REAL_TIME_SCED,AZURE_BES1,Electrical Bus,-10.21
2023-04-03 22:00:28+00:00,REAL_TIME_SCED,AZURE_BES1,Electrical Bus,-25.83
2023-04-03 23:00:29+00:00,REAL_TIME_SCED,AZURE_BES1,Electrical Bus,-21.11
2023-04-04 00:00:27+00:00,REAL_TIME_SCED,AZURE_BES1,Electrical Bus,-16.17
2023-04-04 01:00:25+00:00,REAL_TIME_SCED,AZURE_BES1,Electrical Bus,-10.18
2023-04-04 02:00:24+00:00,REAL_TIME_SCED,AZURE_BES1,Electrical Bus,-18.76
2023-04-04 03:00:25+00:00,REAL_TIME_SCED,AZURE_BES1,Electrical Bus,-22.87
2023-04-04 04:00:26+00:00,REAL_TIME_SCED,AZURE_BES1,Electrical Bus,2.56
2023-04-04 05:00:25+00:00,REAL_TIME_SCED,AZURE_BES1,Electrical Bus,0.78
2023-04-04 06:00:27+00:00,REAL_TIME_SCED,AZURE_BES1,Electrical Bus,-0.41
2023-04-04 07:00:28+00:00,REAL_TIME_SCED,AZURE_BES1,Electrical Bus,0.09
2023-04-04 08:00:25+00:00,REAL_TIME_SCED,AZURE_BES1,Electrical Bus,-0.76
2023-04-04 09:00:28+00:00,REAL_TIME_SCED,AZURE_BES1,Electrical Bus,0.64
2023-04-04 10:00:26+00:00,REAL_TIME_SCED,AZURE_BES1,Electrical Bus,10.28
2023-04-04 11:00:24+00:00,REAL_TIME_SCED,AZURE_BES1,Electrical Bus,16.53
2023-04-04 12:00:27+00:00,REAL_TIME_SCED,AZURE_BES1,Electrical Bus,17.21
2023-04-04 13:00:26+00:00,REAL_TIME_SCED,AZURE_BES1,Electrical Bus,15.96
2023-04-04 14:00:27+00:00,REAL_TIME_SCED,AZURE_BES1,Electrical Bus,19.1
2023-04-04 15:00:26+00:00,REAL_TIME_SCED,AZURE_BES1,Electrical Bus,19.23
2023-04-04 16:00:23+00:00,REAL_TIME_SCED,AZURE_BES1,Electrical Bus,19.32
2023-04-04 17:00:25+00:00,REAL_TIME_SCED,AZURE_BES1,Electrical Bus,18.03
2023-04-04 18:00:25+00:00,REAL_TIME_SCED,AZURE_BES1,Electrical Bus,8.88
2023-04-04 19:00:29+00:00,REAL_TIME_SCED,AZURE_BES1,Electrical Bus,7.9
2023-04-04 20:00:30+00:00,REAL_TIME_SCED,AZURE_BES1,Electrical Bus,6.12
2023-04-04 21:00:25+00:00,REAL_TIME_SCED,AZURE_BES1,Electrical Bus,6.83
2023-04-04 22:00:27+00:00,REAL_TIME_SCED,AZURE_BES1,Electrical Bus,7.38
2023-04-04 23:00:26+00:00,REAL_TIME_SCED,AZURE_BES1,Electrical Bus,13.23
2023-04-05 00:00:24+00:00,REAL_TIME_SCED,AZURE_BES1,Electrical Bus,13.68
2023-04-05 01:00:24+00:00,REAL_TIME_SCED,AZURE_BES1,Electrical Bus,25.83
2023-04-05 02:00:27+00:00,REAL_TIME_SCED,AZURE_BES1,Electrical Bus,20.03
2023-04-05 03:00:26+00:00,REAL_TIME_SCED,AZURE_BES1,Electrical Bus,7.04
2023-04-05 04:00:27+00:00,REAL_TIME_SCED,AZURE_BES1,Electrical Bus,7.08
2023-04-05 05:00:44+00:00,REAL_TIME_SCED,AZURE_BES1,Electrical Bus,11.35
2023-04-05 06:00:27+00:00,REAL_TIME_SCED,AZURE_BES1,Electrical Bus,4.52
2023-04-05 07:00:25+00:00,REAL_TIME_SCED,AZURE_BES1,Electrical Bus,-0.25
2023-04-05 08:00:24+00:00,REAL_TIME_SCED,AZURE_BES1,Electrical Bus,0.93
2023-04-05 09:00:24+00:00,REAL_TIME_SCED,AZURE_BES1,Electrical Bus,1.66
2023-04-05 10:00:25+00:00,REAL_TIME_SCED,AZURE_BES1,Electrical Bus,2.67
2023-04-05 11:00:24+00:00,REAL_TIME_SCED,AZURE_BES1,Electrical Bus,2.93
2023-04-05 12:00:26+00:00,REAL_TIME_SCED,AZURE_BES1,Electrical Bus,8.14
2023-04-05 13:00:27+00:00,REAL_TIME_SCED,AZURE_BES1,Electrical Bus,6.14
2023-04-05 14:00:24+00:00,REAL_TIME_SCED,AZURE_BES1,Electrical Bus,3.17
2023-04-05 15:00:25+00:00,REAL_TIME_SCED,AZURE_BES1,Electrical Bus,3.94
2023-04-05 16:00:22+00:00,REAL_TIME_SCED,AZURE_BES1,Electrical Bus,5.84
2023-04-05 17:00:24+00:00,REAL_TIME_SCED,AZURE_BES1,Electrical Bus,5.34
2023-04-05 18:00:23+00:00,REAL_TIME_SCED,AZURE_BES1,Electrical Bus,8.8
2023-04-05 19:00:24+00:00,REAL_TIME_SCED,AZURE_BES1,Electrical Bus,11.5
2023-04-05 20:00:21+00:00,REAL_TIME_SCED,AZURE_BES1,Electrical Bus,17.59
2023-04-05 21:00:22+00:00,REAL_TIME_SCED,AZURE_BES1,Electrical Bus,18.37
2023-04-05 22:00:22+00:00,REAL_TIME_SCED,AZURE_BES1,Electrical Bus,19.15
2023-04-05 23:00:22+00:00,REAL_TIME_SCED,AZURE_BES1,Electrical Bus,21.19
2023-04-06 00:00:22+00:00,REAL_TIME_SCED,AZURE_BES1,Electrical Bus,24.96
2023-04-06 01:00:21+00:00,REAL_TIME_SCED,AZURE_BES1,Electrical Bus,21.41
2023-04-06 02:00:22+00:00,REAL_TIME_SCED,AZURE_BES1,Electrical Bus,17.94
2023-04-06 03:00:24+00:00,REAL_TIME_SCED,AZURE_BES1,Electrical Bus,16.7
2023-04-06 04:00:20+00:00,REAL_TIME_SCED,AZURE_BES1,Electrical Bus,12.13
2023-04-06 05:00:26+00:00,REAL_TIME_SCED,AZURE_BES1,Electrical Bus,11.69
2023-04-06 06:00:23+00:00,REAL_TIME_SCED,AZURE_BES1,Electrical Bus,10.9
2023-04-06 07:00:26+00:00,REAL_TIME_SCED,AZURE_BES1,Electrical Bus,0.39
2023-04-06 08:00:21+00:00,REAL_TIME_SCED,AZURE_BES1,Electrical Bus,0.28
2023-04-06 09:00:23+00:00,REAL_TIME_SCED,AZURE_BES1,Electrical Bus,6.27
2023-04-06 10:00:22+00:00,REAL_TIME_SCED,AZURE_BES1,Electrical Bus,14.36
2023-04-06 11:00:22+00:00,REAL_TIME_SCED,AZURE_BES1,Electrical Bus,19.69
2023-04-06 12:00:23+00:00,REAL_TIME_SCED,AZURE_BES1,Electrical Bus,21.59
2023-04-06 13:00:24+00:00,REAL_TIME_SCED,AZURE_BES1,Electrical Bus,21.32
2023-04-06 14:00:25+00:00,REAL_TIME_SCED,AZURE_BES1,Electrical Bus,16.93
2023-04-06 15:00:26+00:00,REAL_TIME_SCED,AZURE_BES1,Electrical Bus,9.86
2023-04-06 16:00:22+00:00,REAL_TIME_SCED,AZURE_BES1,Electrical Bus,6.34
2023-04-06 17:00:23+00:00,REAL_TIME_SCED,AZURE_BES1,Electrical Bus,13.25
2023-04-06 18:00:23+00:00,REAL_TIME_SCED,AZURE_BES1,Electrical Bus,12.79
2023-04-06 19:00:27+00:00,REAL_TIME_SCED,AZURE_BES1,Electrical Bus,14.3
2023-04-06 20:00:25+00:00,REAL_TIME_SCED,AZURE_BES1,Electrical Bus,12.14
2023-04-06 21:00:24+00:00,REAL_TIME_SCED,AZURE_BES1,Electrical Bus,15.38
2023-04-06 22:00:26+00:00,REAL_TIME_SCED,AZURE_BES1,Electrical Bus,11.45
2023-04-06 23:00:25+00:00,REAL_TIME_SCED,AZURE_BES1,Electrical Bus,11.38
2023-04-07 00:00:22+00:00,REAL_TIME_SCED,AZURE_BES1,Electrical Bus,18.14
2023-04-07 01:00:21+00:00,REAL_TIME_SCED,AZURE_BES1,Electrical Bus,45
2023-04-07 02:00:21+00:00,REAL_TIME_SCED,AZURE_BES1,Electrical Bus,18.66
2023-04-07 03:00:23+00:00,REAL_TIME_SCED,AZURE_BES1,Electrical Bus,17.88
2023-04-07 04:00:19+00:00,REAL_TIME_SCED,AZURE_BES1,Electrical Bus,18.82
2023-04-07 05:00:21+00:00,REAL_TIME_SCED,AZURE_BES1,Electrical Bus,14.29
2023-04-07 06:00:25+00:00,REAL_TIME_SCED,AZURE_BES1,Electrical Bus,13.63
2023-04-07 07:00:23+00:00,REAL_TIME_SCED,AZURE_BES1,Electrical Bus,12.42
2023-04-07 08:00:22+00:00,REAL_TIME_SCED,AZURE_BES1,Electrical Bus,15.53
2023-04-07 09:00:25+00:00,REAL_TIME_SCED,AZURE_BES1,Electrical Bus,18.62
2023-04-07 10:00:23+00:00,REAL_TIME_SCED,AZURE_BES1,Electrical Bus,19.09
2023-04-07 11:00:20+00:00,REAL_TIME_SCED,AZURE_BES1,Electrical Bus,19.2
2023-04-07 12:00:21+00:00,REAL_TIME_SCED,AZURE_BES1,Electrical Bus,20.93
2023-04-07 13:00:21+00:00,REAL_TIME_SCED,AZURE_BES1,Electrical Bus,24.16
2023-04-07 14:00:20+00:00,REAL_TIME_SCED,AZURE_BES1,Electrical Bus,25.51
2023-04-07 15:00:20+00:00,REAL_TIME_SCED,AZURE_BES1,Electrical Bus,19.1
2023-04-07 16:00:14+00:00,REAL_TIME_SCED,AZURE_BES1,Electrical Bus,19.69
2023-04-07 17:00:15+00:00,REAL_TIME_SCED,AZURE_BES1,Electrical Bus,18.51
2023-04-07 18:00:15+00:00,REAL_TIME_SCED,AZURE_BES1,Electrical Bus,12.83
2023-04-07 19:00:20+00:00,REAL_TIME_SCED,AZURE_BES1,Electrical Bus,13.52
2023-04-07 20:00:20+00:00,REAL_TIME_SCED,AZURE_BES1,Electrical Bus,11.01
2023-04-07 21:00:21+00:00,REAL_TIME_SCED,AZURE_BES1,Electrical Bus,14.33
2023-04-07 22:00:20+00:00,REAL_TIME_SCED,AZURE_BES1,Electrical Bus,44.83
2023-04-07 23:00:21+00:00,REAL_TIME_SCED,AZURE_BES1,Electrical Bus,20.37
2023-04-08 00:00:20+00:00,REAL_TIME_SCED,AZURE_BES1,Electrical Bus,19.2
2023-04-08 01:00:22+00:00,REAL_TIME_SCED,AZURE_BES1,Electrical Bus,22.38
2023-04-08 02:00:20+00:00,REAL_TIME_SCED,AZURE_BES1,Electrical Bus,22.39
2023-04-08 03:00:23+00:00,REAL_TIME_SCED,AZURE_BES1,Electrical Bus,30.11
2023-04-08 04:00:21+00:00,REAL_TIME_SCED,AZURE_BES1,Electrical Bus,22.8
2023-04-08 05:00:22+00:00,REAL_TIME_SCED,AZURE_BES1,Electrical Bus,23.2
2023-04-08 06:00:23+00:00,REAL_TIME_SCED,AZURE_BES1,Electrical Bus,21.83
2023-04-08 07:00:22+00:00,REAL_TIME_SCED,AZURE_BES1,Electrical Bus,22.39
2023-04-08 08:00:21+00:00,REAL_TIME_SCED,AZURE_BES1,Electrical Bus,71.39
2023-04-08 09:00:25+00:00,REAL_TIME_SCED,AZURE_BES1,Electrical Bus,24.56
2023-04-08 10:00:23+00:00,REAL_TIME_SCED,AZURE_BES1,Electrical Bus,25.06
2023-04-08 11:00:24+00:00,REAL_TIME_SCED,AZURE_BES1,Electrical Bus,25.16
2023-04-08 12:00:22+00:00,REAL_TIME_SCED,AZURE_BES1,Electrical Bus,25.19
2023-04-08 13:00:22+00:00,REAL_TIME_SCED,AZURE_BES1,Electrical Bus,70
2023-04-08 14:00:20+00:00,REAL_TIME_SCED,AZURE_BES1,Electrical Bus,23.71
2023-04-08 15:00:21+00:00,REAL_TIME_SCED,AZURE_BES1,Electrical Bus,22.67
2023-04-08 16:00:19+00:00,REAL_TIME_SCED,AZURE_BES1,Electrical Bus,21.62
2023-04-08 17:00:20+00:00,REAL_TIME_SCED,AZURE_BES1,Electrical Bus,16.67
2023-04-08 18:00:22+00:00,REAL_TIME_SCED,AZURE_BES1,Electrical Bus,15.8
2023-04-08 19:00:21+00:00,REAL_TIME_SCED,AZURE_BES1,Electrical Bus,16.77
2023-04-08 20:00:19+00:00,REAL_TIME_SCED,AZURE_BES1,Electrical Bus,16.18
2023-04-08 21:00:21+00:00,REAL_TIME_SCED,AZURE_BES1,Electrical Bus,16.97
2023-04-08 22:00:19+00:00,REAL_TIME_SCED,AZURE_BES1,Electrical Bus,18.29
2023-04-08 23:00:19+00:00,REAL_TIME_SCED,AZURE_BES1,Electrical Bus,19.1
2023-04-09 00:00:20+00:00,REAL_TIME_SCED,AZURE_BES1,Electrical Bus,27.13
2023-04-09 01:00:21+00:00,REAL_TIME_SCED,AZURE_BES1,Electrical Bus,54.99
2023-04-09 02:00:21+00:00,REAL_TIME_SCED,AZURE_BES1,Electrical Bus,18.03
2023-04-09 03:00:20+00:00,REAL_TIME_SCED,AZURE_BES1,Electrical Bus,14.07
2023-04-09 04:00:21+00:00,REAL_TIME_SCED,AZURE_BES1,Electrical Bus,7.19
2023-04-09 05:00:23+00:00,REAL_TIME_SCED,AZURE_BES1,Electrical Bus,9.23
2023-04-09 06:00:22+00:00,REAL_TIME_SCED,AZURE_BES1,Electrical Bus,7.82
2023-04-09 07:00:25+00:00,REAL_TIME_SCED,AZURE_BES1,Electrical Bus,6.52
2023-04-09 08:00:22+00:00,REAL_TIME_SCED,AZURE_BES1,Electrical Bus,10
2023-04-09 09:00:23+00:00,REAL_TIME_SCED,AZURE_BES1,Electrical Bus,11.6
2023-04-09 10:00:20+00:00,REAL_TIME_SCED,AZURE_BES1,Electrical Bus,12.78
2023-04-09 11:00:17+00:00,REAL_TIME_SCED,AZURE_BES1,Electrical Bus,13.33
2023-04-09 12:00:14+00:00,REAL_TIME_SCED,AZURE_BES1,Electrical Bus,18.99
2023-04-09 13:00:15+00:00,REAL_TIME_SCED,AZURE_BES1,Electrical Bus,19.57
2023-04-09 14:00:14+00:00,REAL_TIME_SCED,AZURE_BES1,Electrical Bus,19.52
2023-04-09 15:00:15+00:00,REAL_TIME_SCED,AZURE_BES1,Electrical Bus,18.8
2023-04-09 16:00:14+00:00,REAL_TIME_SCED,AZURE_BES1,Electrical Bus,18.02
2023-04-09 17:00:15+00:00,REAL_TIME_SCED,AZURE_BES1,Electrical Bus,16.61
2023-04-09 18:00:14+00:00,REAL_TIME_SCED,AZURE_BES1,Electrical Bus,16.86
2023-04-09 19:00:16+00:00,REAL_TIME_SCED,AZURE_BES1,Electrical Bus,15.36
2023-04-09 20:00:15+00:00,REAL_TIME_SCED,AZURE_BES1,Electrical Bus,16.75
2023-04-09 21:00:22+00:00,REAL_TIME_SCED,AZURE_BES1,Electrical Bus,17.49
2023-04-09 22:00:20+00:00,REAL_TIME_SCED,AZURE_BES1,Electrical Bus,14.56
2023-04-09 23:00:20+00:00,REAL_TIME_SCED,AZURE_BES1,Electrical Bus,16.85
2023-04-10 00:00:19+00:00,REAL_TIME_SCED,AZURE_BES1,Electrical Bus,13.77
2023-04-10 01:00:20+00:00,REAL_TIME_SCED,AZURE_BES1,Electrical Bus,18.81
2023-04-10 02:00:22+00:00,REAL_TIME_SCED,AZURE_BES1,Electrical Bus,19.58
2023-04-10 03:00:23+00:00,REAL_TIME_SCED,AZURE_BES1,Electrical Bus,14.34
2023-04-10 04:00:21+00:00,REAL_TIME_SCED,AZURE_BES1,Electrical Bus,10.35
2023-04-10 05:00:23+00:00,REAL_TIME_SCED,AZURE_BES1,Electrical Bus,14.03
2023-04-10 06:00:21+00:00,REAL_TIME_SCED,AZURE_BES1,Electrical Bus,11.24
2023-04-10 07:00:21+00:00,REAL_TIME_SCED,AZURE_BES1,Electrical Bus,9.87
2023-04-10 08:00:22+00:00,REAL_TIME_SCED,AZURE_BES1,Electrical Bus,9.97
2023-04-10 09:00:25+00:00,REAL_TIME_SCED,AZURE_BES1,Electrical Bus,14.09
2023-04-10 10:00:25+00:00,REAL_TIME_SCED,AZURE_BES1,Electrical Bus,17.79
2023-04-10 11:00:21+00:00,REAL_TIME_SCED,AZURE_BES1,Electrical Bus,18.92
2023-04-10 12:00:22+00:00,REAL_TIME_SCED,AZURE_BES1,Electrical Bus,69.99
2023-04-10 13:00:23+00:00,REAL_TIME_SCED,AZURE_BES1,Electrical Bus,24.27
2023-04-10 14:00:22+00:00,REAL_TIME_SCED,AZURE_BES1,Electrical Bus,27.52
2023-04-10 15:00:23+00:00,REAL_TIME_SCED,AZURE_BES1,Electrical Bus,16.86
2023-04-10 16:00:21+00:00,REAL_TIME_SCED,AZURE_BES1,Electrical Bus,20.58
2023-04-10 17:00:21+00:00,REAL_TIME_SCED,AZURE_BES1,Electrical Bus,23.99
2023-04-10 18:00:21+00:00,REAL_TIME_SCED,AZURE_BES1,Electrical Bus,29.99
2023-04-10 19:00:22+00:00,REAL_TIME_SCED,AZURE_BES1,Electrical Bus,23.42
2023-04-10 20:00:21+00:00,REAL_TIME_SCED,AZURE_BES1,Electrical Bus,23.77
2023-04-10 21:00:21+00:00,REAL_TIME_SCED,AZURE_BES1,Electrical Bus,24.02
2023-04-10 22:00:22+00:00,REAL_TIME_SCED,AZURE_BES1,Electrical Bus,21.42
2023-04-10 23:00:21+00:00,REAL_TIME_SCED,AZURE_BES1,Electrical Bus,19.64
2023-04-11 00:00:22+00:00,REAL_TIME_SCED,AZURE_BES1,Electrical Bus,25.98
2023-04-11 01:00:24+00:00,REAL_TIME_SCED,AZURE_BES1,Electrical Bus,40.23
2023-04-11 02:00:22+00:00,REAL_TIME_SCED,AZURE_BES1,Electrical Bus,21.48
2023-04-11 03:00:25+00:00,REAL_TIME_SCED,AZURE_BES1,Electrical Bus,16.38
2023-04-11 04:00:21+00:00,REAL_TIME_SCED,AZURE_BES1,Electrical Bus,7.35
2023-04-11 05:00:23+00:00,REAL_TIME_SCED,AZURE_BES1,Electrical Bus,0.42
2023-04-11 06:00:23+00:00,REAL_TIME_SCED,AZURE_BES1,Electrical Bus,0.42
2023-04-11 07:00:25+00:00,REAL_TIME_SCED,AZURE_BES1,Electrical Bus,4.84
2023-04-11 08:00:22+00:00,REAL_TIME_SCED,AZURE_BES1,Electrical Bus,9.97
2023-04-11 09:00:23+00:00,REAL_TIME_SCED,AZURE_BES1,Electrical Bus,12.8
2023-04-11 10:00:24+00:00,REAL_TIME_SCED,AZURE_BES1,Electrical Bus,16.86
2023-04-11 11:00:23+00:00,REAL_TIME_SCED,AZURE_BES1,Electrical Bus,21.37
2023-04-11 12:00:21+00:00,REAL_TIME_SCED,AZURE_BES1,Electrical Bus,39.99
2023-04-11 13:00:24+00:00,REAL_TIME_SCED,AZURE_BES1,Electrical Bus,23.13
2023-04-11 14:00:20+00:00,REAL_TIME_SCED,AZURE_BES1,Electrical Bus,22.98
2023-04-11 15:00:23+00:00,REAL_TIME_SCED,AZURE_BES1,Electrical Bus,19.08
2023-04-11 16:00:23+00:00,REAL_TIME_SCED,AZURE_BES1,Electrical Bus,20.99
2023-04-11 17:00:19+00:00,REAL_TIME_SCED,AZURE_BES1,Electrical Bus,24.28
2023-04-11 18:00:21+00:00,REAL_TIME_SCED,AZURE_BES1,Electrical Bus,24.29
2023-04-11 19:00:20+00:00,REAL_TIME_SCED,AZURE_BES1,Electrical Bus,24.15
2023-04-11 20:00:15+00:00,REAL_TIME_SCED,AZURE_BES1,Electrical Bus,22.74
2023-04-11 21:00:23+00:00,REAL_TIME_SCED,AZURE_BES1,Electrical Bus,22.41
2023-04-11 22:00:22+00:00,REAL_TIME_SCED,AZURE_BES1,Electrical Bus,22.55
2023-04-11 23:00:22+00:00,REAL_TIME_SCED,AZURE_BES1,Electrical Bus,21.65
2023-04-12 00:00:20+00:00,REAL_TIME_SCED,AZURE_BES1,Electrical Bus,22.41
2023-04-12 01:00:23+00:00,REAL_TIME_SCED,AZURE_BES1,Electrical Bus,19.91
2023-04-12 02:00:20+00:00,REAL_TIME_SCED,AZURE_BES1,Electrical Bus,16.76
2023-04-12 03:00:23+00:00,REAL_TIME_SCED,AZURE_BES1,Electrical Bus,3.81
2023-04-12 04:00:24+00:00,REAL_TIME_SCED,AZURE_BES1,Electrical Bus,0.29
2023-04-12 05:00:43+00:00,REAL_TIME_SCED,AZURE_BES1,Electrical Bus,-7.05
2023-04-12 06:00:22+00:00,REAL_TIME_SCED,AZURE_BES1,Electrical Bus,-6.33
2023-04-12 07:00:21+00:00,REAL_TIME_SCED,AZURE_BES1,Electrical Bus,-7.32
2023-04-12 08:00:20+00:00,REAL_TIME_SCED,AZURE_BES1,Electrical Bus,-8.12
2023-04-12 09:00:22+00:00,REAL_TIME_SCED,AZURE_BES1,Electrical Bus,-3.56
2023-04-12 10:00:22+00:00,REAL_TIME_SCED,AZURE_BES1,Electrical Bus,-0.5
2023-04-12 11:00:21+00:00,REAL_TIME_SCED,AZURE_BES1,Electrical Bus,2.54
2023-04-12 12:00:20+00:00,REAL_TIME_SCED,AZURE_BES1,Electrical Bus,13.53
2023-04-12 13:00:22+00:00,REAL_TIME_SCED,AZURE_BES1,Electrical Bus,5.36
2023-04-12 14:00:21+00:00,REAL_TIME_SCED,AZURE_BES1,Electrical Bus,5.61
2023-04-12 15:00:24+00:00,REAL_TIME_SCED,AZURE_BES1,Electrical Bus,4.64
2023-04-12 16:00:21+00:00,REAL_TIME_SCED,AZURE_BES1,Electrical Bus,6.13
2023-04-12 17:00:24+00:00,REAL_TIME_SCED,AZURE_BES1,Electrical Bus,8.63
2023-04-12 18:00:26+00:00,REAL_TIME_SCED,AZURE_BES1,Electrical Bus,10.66
2023-04-12 19:00:25+00:00,REAL_TIME_SCED,AZURE_BES1,Electrical Bus,10.97
2023-04-12 20:00:24+00:00,REAL_TIME_SCED,AZURE_BES1,Electrical Bus,10.44
2023-04-12 21:00:25+00:00,REAL_TIME_SCED,AZURE_BES1,Electrical Bus,13.06
2023-04-12 22:00:23+00:00,REAL_TIME_SCED,AZURE_BES1,Electrical Bus,12.74
2023-04-12 23:00:27+00:00,REAL_TIME_SCED,AZURE_BES1,Electrical Bus,13.28
2023-04-13 00:00:26+00:00,REAL_TIME_SCED,AZURE_BES1,Electrical Bus,19
2023-04-13 01:00:25+00:00,REAL_TIME_SCED,AZURE_BES1,Electrical Bus,37.39
2023-04-13 02:00:20+00:00,REAL_TIME_SCED,AZURE_BES1,Electrical Bus,18.94
2023-04-13 03:00:23+00:00,REAL_TIME_SCED,AZURE_BES1,Electrical Bus,1.99
2023-04-13 04:00:21+00:00,REAL_TIME_SCED,AZURE_BES1,Electrical Bus,-1.17
2023-04-13 05:00:25+00:00,REAL_TIME_SCED,AZURE_BES1,Electrical Bus,-15.75
2023-04-13 06:00:24+00:00,REAL_TIME_SCED,AZURE_BES1,Electrical Bus,-15.89
2023-04-13 07:00:24+00:00,REAL_TIME_SCED,AZURE_BES1,Electrical Bus,-16.63
2023-04-13 08:00:25+00:00,REAL_TIME_SCED,AZURE_BES1,Electrical Bus,-18.07
2023-04-13 09:00:24+00:00,REAL_TIME_SCED,AZURE_BES1,Electrical Bus,-8.59
2023-04-13 10:00:23+00:00,REAL_TIME_SCED,AZURE_BES1,Electrical Bus,-3.71
2023-04-13 11:00:24+00:00,REAL_TIME_SCED,AZURE_BES1,Electrical Bus,0.48
2023-04-13 12:00:22+00:00,REAL_TIME_SCED,AZURE_BES1,Electrical Bus,2.7
2023-04-13 13:00:24+00:00,REAL_TIME_SCED,AZURE_BES1,Electrical Bus,1.98
2023-04-13 14:00:21+00:00,REAL_TIME_SCED,AZURE_BES1,Electrical Bus,10.04
2023-04-13 15:00:23+00:00,REAL_TIME_SCED,AZURE_BES1,Electrical Bus,1.12
2023-04-13 16:00:24+00:00,REAL_TIME_SCED,AZURE_BES1,Electrical Bus,5.6
2023-04-13 17:00:23+00:00,REAL_TIME_SCED,AZURE_BES1,Electrical Bus,6.92
2023-04-13 18:00:24+00:00,REAL_TIME_SCED,AZURE_BES1,Electrical Bus,7.96
2023-04-13 19:00:23+00:00,REAL_TIME_SCED,AZURE_BES1,Electrical Bus,8.26
2023-04-13 20:00:25+00:00,REAL_TIME_SCED,AZURE_BES1,Electrical Bus,10
2023-04-13 22:00:24+00:00,REAL_TIME_SCED,AZURE_BES1,Electrical Bus,12.21
2023-04-13 23:00:28+00:00,REAL_TIME_SCED,AZURE_BES1,Electrical Bus,18.76
2023-04-14 00:00:24+00:00,REAL_TIME_SCED,AZURE_BES1,Electrical Bus,71.81
2023-04-14 01:00:23+00:00,REAL_TIME_SCED,AZURE_BES1,Electrical Bus,25.28
2023-04-14 02:00:24+00:00,REAL_TIME_SCED,AZURE_BES1,Electrical Bus,18.64
2023-04-14 03:00:30+00:00,REAL_TIME_SCED,AZURE_BES1,Electrical Bus,0.01
2023-04-14 04:00:25+00:00,REAL_TIME_SCED,AZURE_BES1,Electrical Bus,-2.44
2023-04-14 05:00:25+00:00,REAL_TIME_SCED,AZURE_BES1,Electrical Bus,-6.87
2023-04-14 06:00:25+00:00,REAL_TIME_SCED,AZURE_BES1,Electrical Bus,-17.85
2023-04-14 07:00:26+00:00,REAL_TIME_SCED,AZURE_BES1,Electrical Bus,-17.77
2023-04-14 08:00:22+00:00,REAL_TIME_SCED,AZURE_BES1,Electrical Bus,-18.9
2023-04-14 09:00:22+00:00,REAL_TIME_SCED,AZURE_BES1,Electrical Bus,-9.13
2023-04-14 10:00:22+00:00,REAL_TIME_SCED,AZURE_BES1,Electrical Bus,-5.58
2023-04-14 11:00:24+00:00,REAL_TIME_SCED,AZURE_BES1,Electrical Bus,-1.47
2023-04-14 12:00:23+00:00,REAL_TIME_SCED,AZURE_BES1,Electrical Bus,2.73
2023-04-14 13:00:30+00:00,REAL_TIME_SCED,AZURE_BES1,Electrical Bus,0.59
2023-04-14 14:00:23+00:00,REAL_TIME_SCED,AZURE_BES1,Electrical Bus,5.53
2023-04-14 15:00:20+00:00,REAL_TIME_SCED,AZURE_BES1,Electrical Bus,2.32
2023-04-14 16:00:22+00:00,REAL_TIME_SCED,AZURE_BES1,Electrical Bus,3.09
2023-04-14 17:00:22+00:00,REAL_TIME_SCED,AZURE_BES1,Electrical Bus,7.54
2023-04-14 18:00:24+00:00,REAL_TIME_SCED,AZURE_BES1,Electrical Bus,13.79
2023-04-14 19:00:24+00:00,REAL_TIME_SCED,AZURE_BES1,Electrical Bus,13.66
2023-04-14 20:00:24+00:00,REAL_TIME_SCED,AZURE_BES1,Electrical Bus,9.62
2023-04-14 21:00:24+00:00,REAL_TIME_SCED,AZURE_BES1,Electrical Bus,9.17
2023-04-14 22:00:22+00:00,REAL_TIME_SCED,AZURE_BES1,Electrical Bus,1.21
2023-04-14 23:00:27+00:00,REAL_TIME_SCED,AZURE_BES1,Electrical Bus,-0.61
2023-04-15 00:00:25+00:00,REAL_TIME_SCED,AZURE_BES1,Electrical Bus,3
2023-04-15 01:00:24+00:00,REAL_TIME_SCED,AZURE_BES1,Electrical Bus,11.84
2023-04-15 02:00:25+00:00,REAL_TIME_SCED,AZURE_BES1,Electrical Bus,30.31
2023-04-15 03:00:26+00:00,REAL_TIME_SCED,AZURE_BES1,Electrical Bus,14.13
2023-04-15 04:00:23+00:00,REAL_TIME_SCED,AZURE_BES1,Electrical Bus,20.49
2023-04-15 05:00:26+00:00,REAL_TIME_SCED,AZURE_BES1,Electrical Bus,21.34
2023-04-15 06:00:27+00:00,REAL_TIME_SCED,AZURE_BES1,Electrical Bus,18.73
2023-04-15 07:00:23+00:00,REAL_TIME_SCED,AZURE_BES1,Electrical Bus,20.85
2023-04-15 08:00:24+00:00,REAL_TIME_SCED,AZURE_BES1,Electrical Bus,12.67
2023-04-15 09:00:23+00:00,REAL_TIME_SCED,AZURE_BES1,Electrical Bus,12.8
2023-04-15 10:00:23+00:00,REAL_TIME_SCED,AZURE_BES1,Electrical Bus,14.01
2023-04-15 11:00:24+00:00,REAL_TIME_SCED,AZURE_BES1,Electrical Bus,18.77
2023-04-15 12:00:22+00:00,REAL_TIME_SCED,AZURE_BES1,Electrical Bus,11.31
2023-04-15 13:00:26+00:00,REAL_TIME_SCED,AZURE_BES1,Electrical Bus,1.24
2023-04-15 14:00:21+00:00,REAL_TIME_SCED,AZURE_BES1,Electrical Bus,0.17
2023-04-15 15:00:24+00:00,REAL_TIME_SCED,AZURE_BES1,Electrical Bus,1.07
2023-04-15 16:00:22+00:00,REAL_TIME_SCED,AZURE_BES1,Electrical Bus,4.63
2023-04-15 17:00:22+00:00,REAL_TIME_SCED,AZURE_BES1,Electrical Bus,4.85
2023-04-15 18:00:25+00:00,REAL_TIME_SCED,AZURE_BES1,Electrical Bus,10.49
2023-04-15 19:00:23+00:00,REAL_TIME_SCED,AZURE_BES1,Electrical Bus,13.44
2023-04-15 20:00:23+00:00,REAL_TIME_SCED,AZURE_BES1,Electrical Bus,12.3
2023-04-15 21:00:25+00:00,REAL_TIME_SCED,AZURE_BES1,Electrical Bus,1.89
2023-04-15 22:00:25+00:00,REAL_TIME_SCED,AZURE_BES1,Electrical Bus,0.74
2023-04-15 23:00:26+00:00,REAL_TIME_SCED,AZURE_BES1,Electrical Bus,-0.67
2023-04-16 00:00:25+00:00,REAL_TIME_SCED,AZURE_BES1,Electrical Bus,0.88
2023-04-16 01:00:23+00:00,REAL_TIME_SCED,AZURE_BES1,Electrical Bus,6.16
2023-04-16 02:00:23+00:00,REAL_TIME_SCED,AZURE_BES1,Electrical Bus,6.52
2023-04-16 03:00:23+00:00,REAL_TIME_SCED,AZURE_BES1,Electrical Bus,9.02
2023-04-16 04:00:22+00:00,REAL_TIME_SCED,AZURE_BES1,Electrical Bus,7.82
2023-04-16 05:00:27+00:00,REAL_TIME_SCED,AZURE_BES1,Electrical Bus,5.58
2023-04-16 06:00:24+00:00,REAL_TIME_SCED,AZURE_BES1,Electrical Bus,7.64
2023-04-16 07:00:24+00:00,REAL_TIME_SCED,AZURE_BES1,Electrical Bus,6.81
2023-04-16 08:00:24+00:00,REAL_TIME_SCED,AZURE_BES1,Electrical Bus,8.19
2023-04-16 09:00:21+00:00,REAL_TIME_SCED,AZURE_BES1,Electrical Bus,7.39
2023-04-16 10:00:21+00:00,REAL_TIME_SCED,AZURE_BES1,Electrical Bus,13.62
2023-04-16 11:00:36+00:00,REAL_TIME_SCED,AZURE_BES1,Electrical Bus,14.81
2023-04-16 12:00:21+00:00,REAL_TIME_SCED,AZURE_BES1,Electrical Bus,19.51
2023-04-16 13:00:22+00:00,REAL_TIME_SCED,AZURE_BES1,Electrical Bus,13.46
2023-04-16 14:00:18+00:00,REAL_TIME_SCED,AZURE_BES1,Electrical Bus,10.78
2023-04-16 15:00:19+00:00,REAL_TIME_SCED,AZURE_BES1,Electrical Bus,9.28
2023-04-16 16:00:24+00:00,REAL_TIME_SCED,AZURE_BES1,Electrical Bus,9.05
2023-04-16 17:00:19+00:00,REAL_TIME_SCED,AZURE_BES1,Electrical Bus,8.55
2023-04-16 18:00:22+00:00,REAL_TIME_SCED,AZURE_BES1,Electrical Bus,11.51
2023-04-16 19:00:20+00:00,REAL_TIME_SCED,AZURE_BES1,Electrical Bus,13.61
2023-04-16 20:00:20+00:00,REAL_TIME_SCED,AZURE_BES1,Electrical Bus,14.92
2023-04-16 21:00:20+00:00,REAL_TIME_SCED,AZURE_BES1,Electrical Bus,14.44
2023-04-16 22:00:20+00:00,REAL_TIME_SCED,AZURE_BES1,Electrical Bus,18.2
2023-04-16 23:00:21+00:00,REAL_TIME_SCED,AZURE_BES1,Electrical Bus,21.6
2023-04-17 00:00:17+00:00,REAL_TIME_SCED,AZURE_BES1,Electrical Bus,35.94
2023-04-17 01:00:19+00:00,REAL_TIME_SCED,AZURE_BES1,Electrical Bus,155.46
2023-04-17 02:00:18+00:00,REAL_TIME_SCED,AZURE_BES1,Electrical Bus,23.66
2023-04-17 03:00:19+00:00,REAL_TIME_SCED,AZURE_BES1,Electrical Bus,16.45
2023-04-17 04:00:18+00:00,REAL_TIME_SCED,AZURE_BES1,Electrical Bus,11.45
2023-04-17 05:00:20+00:00,REAL_TIME_SCED,AZURE_BES1,Electrical Bus,21.79
2023-04-17 06:00:20+00:00,REAL_TIME_SCED,AZURE_BES1,Electrical Bus,9.34
2023-04-17 07:00:19+00:00,REAL_TIME_SCED,AZURE_BES1,Electrical Bus,0.08
2023-04-17 08:00:18+00:00,REAL_TIME_SCED,AZURE_BES1,Electrical Bus,0.12
2023-04-17 09:00:20+00:00,REAL_TIME_SCED,AZURE_BES1,Electrical Bus,-2.17
2023-04-17 10:00:22+00:00,REAL_TIME_SCED,AZURE_BES1,Electrical Bus,0.78
2023-04-17 11:00:20+00:00,REAL_TIME_SCED,AZURE_BES1,Electrical Bus,5.13
2023-04-17 12:00:25+00:00,REAL_TIME_SCED,AZURE_BES1,Electrical Bus,13.03
2023-04-17 13:00:22+00:00,REAL_TIME_SCED,AZURE_BES1,Electrical Bus,-0.5
2023-04-17 14:00:21+00:00,REAL_TIME_SCED,AZURE_BES1,Electrical Bus,0.37
2023-04-17 15:00:22+00:00,REAL_TIME_SCED,AZURE_BES1,Electrical Bus,-2.53
2023-04-17 16:00:23+00:00,REAL_TIME_SCED,AZURE_BES1,Electrical Bus,-3.6
2023-04-17 17:00:22+00:00,REAL_TIME_SCED,AZURE_BES1,Electrical Bus,-4.33
2023-04-17 18:00:22+00:00,REAL_TIME_SCED,AZURE_BES1,Electrical Bus,-4.86
2023-04-17 19:00:23+00:00,REAL_TIME_SCED,AZURE_BES1,Electrical Bus,-5.75
2023-04-17 20:00:20+00:00,REAL_TIME_SCED,AZURE_BES1,Electrical Bus,-6.57
2023-04-17 21:00:23+00:00,REAL_TIME_SCED,AZURE_BES1,Electrical Bus,-4.32
2023-04-17 22:00:21+00:00,REAL_TIME_SCED,AZURE_BES1,Electrical Bus,-2.77
2023-04-17 23:00:24+00:00,REAL_TIME_SCED,AZURE_BES1,Electrical Bus,-1.52
2023-04-18 00:00:22+00:00,REAL_TIME_SCED,AZURE_BES1,Electrical Bus,-1.15
2023-04-18 01:00:22+00:00,REAL_TIME_SCED,AZURE_BES1,Electrical Bus,0.56
2023-04-18 02:00:21+00:00,REAL_TIME_SCED,AZURE_BES1,Electrical Bus,0.3
2023-04-18 03:00:23+00:00,REAL_TIME_SCED,AZURE_BES1,Electrical Bus,-1.69
2023-04-18 04:00:24+00:00,REAL_TIME_SCED,AZURE_BES1,Electrical Bus,-3.01
2023-04-18 05:00:25+00:00,REAL_TIME_SCED,AZURE_BES1,Electrical Bus,-3.65
2023-04-18 06:00:21+00:00,REAL_TIME_SCED,AZURE_BES1,Electrical Bus,-6.95
2023-04-18 07:00:21+00:00,REAL_TIME_SCED,AZURE_BES1,Electrical Bus,-18.32
2023-04-18 08:00:20+00:00,REAL_TIME_SCED,AZURE_BES1,Electrical Bus,-7.84
2023-04-18 09:00:24+00:00,REAL_TIME_SCED,AZURE_BES1,Electrical Bus,-3.3
2023-04-18 10:00:21+00:00,REAL_TIME_SCED,AZURE_BES1,Electrical Bus,0.5
2023-04-18 11:00:23+00:00,REAL_TIME_SCED,AZURE_BES1,Electrical Bus,5.32
2023-04-18 12:00:22+00:00,REAL_TIME_SCED,AZURE_BES1,Electrical Bus,7.6
2023-04-18 13:00:22+00:00,REAL_TIME_SCED,AZURE_BES1,Electrical Bus,145.33
2023-04-18 14:00:22+00:00,REAL_TIME_SCED,AZURE_BES1,Electrical Bus,3.63
2023-04-18 15:00:21+00:00,REAL_TIME_SCED,AZURE_BES1,Electrical Bus,0.27
2023-04-18 16:00:23+00:00,REAL_TIME_SCED,AZURE_BES1,Electrical Bus,0.21
2023-04-18 17:00:24+00:00,REAL_TIME_SCED,AZURE_BES1,Electrical Bus,1.02
2023-04-18 18:00:21+00:00,REAL_TIME_SCED,AZURE_BES1,Electrical Bus,2.63
2023-04-18 19:00:24+00:00,REAL_TIME_SCED,AZURE_BES1,Electrical Bus,2.63
2023-04-18 20:00:25+00:00,REAL_TIME_SCED,AZURE_BES1,Electrical Bus,-0.26
2023-04-18 21:00:26+00:00,REAL_TIME_SCED,AZURE_BES1,Electrical Bus,0.09
2023-04-18 22:00:23+00:00,REAL_TIME_SCED,AZURE_BES1,Electrical Bus,0.03
2023-04-18 23:00:28+00:00,REAL_TIME_SCED,AZURE_BES1,Electrical Bus,-1.22
2023-04-19 00:00:26+00:00,REAL_TIME_SCED,AZURE_BES1,Electrical Bus,0.35
2023-04-19 01:00:25+00:00,REAL_TIME_SCED,AZURE_BES1,Electrical Bus,30.42
2023-04-19 02:00:21+00:00,REAL_TIME_SCED,AZURE_BES1,Electrical Bus,6.34
2023-04-19 03:00:23+00:00,REAL_TIME_SCED,AZURE_BES1,Electrical Bus,1.6
2023-04-19 04:00:24+00:00,REAL_TIME_SCED,AZURE_BES1,Electrical Bus,-1.36
2023-04-19 05:00:45+00:00,REAL_TIME_SCED,AZURE_BES1,Electrical Bus,-0.82
2023-04-19 06:00:24+00:00,REAL_TIME_SCED,AZURE_BES1,Electrical Bus,-2.56
2023-04-19 07:00:24+00:00,REAL_TIME_SCED,AZURE_BES1,Electrical Bus,-3.52
2023-04-19 08:00:24+00:00,REAL_TIME_SCED,AZURE_BES1,Electrical Bus,-5.14
2023-04-19 09:00:25+00:00,REAL_TIME_SCED,AZURE_BES1,Electrical Bus,-5.19
2023-04-19 10:00:23+00:00,REAL_TIME_SCED,AZURE_BES1,Electrical Bus,-2.24
2023-04-19 11:00:22+00:00,REAL_TIME_SCED,AZURE_BES1,Electrical Bus,0.05
2023-04-19 12:00:22+00:00,REAL_TIME_SCED,AZURE_BES1,Electrical Bus,6.76
2023-04-19 13:00:25+00:00,REAL_TIME_SCED,AZURE_BES1,Electrical Bus,-0.14
2023-04-19 14:00:26+00:00,REAL_TIME_SCED,AZURE_BES1,Electrical Bus,-1.87
2023-04-19 15:00:25+00:00,REAL_TIME_SCED,AZURE_BES1,Electrical Bus,-3.29
2023-04-19 16:00:25+00:00,REAL_TIME_SCED,AZURE_BES1,Electrical Bus,-1.36
2023-04-19 17:00:22+00:00,REAL_TIME_SCED,AZURE_BES1,Electrical Bus,0.76
2023-04-19 18:00:26+00:00,REAL_TIME_SCED,AZURE_BES1,Electrical Bus,-0.99
2023-04-19 19:00:25+00:00,REAL_TIME_SCED,AZURE_BES1,Electrical Bus,-0.79
2023-04-19 20:00:29+00:00,REAL_TIME_SCED,AZURE_BES1,Electrical Bus,-1.05
2023-04-19 21:00:29+00:00,REAL_TIME_SCED,AZURE_BES1,Electrical Bus,-0.87
2023-04-19 22:00:26+00:00,REAL_TIME_SCED,AZURE_BES1,Electrical Bus,-0.93
2023-04-19 23:00:29+00:00,REAL_TIME_SCED,AZURE_BES1,Electrical Bus,-3
2023-04-20 00:00:27+00:00,REAL_TIME_SCED,AZURE_BES1,Electrical Bus,-1.29
2023-04-20 01:00:25+00:00,REAL_TIME_SCED,AZURE_BES1,Electrical Bus,6.59
2023-04-20 02:00:24+00:00,REAL_TIME_SCED,AZURE_BES1,Electrical Bus,0.21
2023-04-20 03:00:29+00:00,REAL_TIME_SCED,AZURE_BES1,Electrical Bus,-0.98
2023-04-20 04:00:24+00:00,REAL_TIME_SCED,AZURE_BES1,Electrical Bus,-1.61
2023-04-20 05:00:26+00:00,REAL_TIME_SCED,AZURE_BES1,Electrical Bus,-2.51
2023-04-20 06:00:25+00:00,REAL_TIME_SCED,AZURE_BES1,Electrical Bus,-4.25
2023-04-20 07:00:27+00:00,REAL_TIME_SCED,AZURE_BES1,Electrical Bus,-3.5
2023-04-20 08:00:23+00:00,REAL_TIME_SCED,AZURE_BES1,Electrical Bus,-5.08
2023-04-20 09:00:24+00:00,REAL_TIME_SCED,AZURE_BES1,Electrical Bus,-3.04
2023-04-20 10:00:24+00:00,REAL_TIME_SCED,AZURE_BES1,Electrical Bus,6.1
2023-04-20 11:00:22+00:00,REAL_TIME_SCED,AZURE_BES1,Electrical Bus,19.19
2023-04-20 12:00:23+00:00,REAL_TIME_SCED,AZURE_BES1,Electrical Bus,18.27
2023-04-20 13:00:25+00:00,REAL_TIME_SCED,AZURE_BES1,Electrical Bus,21.53
2023-04-20 14:00:23+00:00,REAL_TIME_SCED,AZURE_BES1,Electrical Bus,-1.11
2023-04-20 15:00:21+00:00,REAL_TIME_SCED,AZURE_BES1,Electrical Bus,-1.76
2023-04-20 16:00:21+00:00,REAL_TIME_SCED,AZURE_BES1,Electrical Bus,-1.53
2023-04-20 17:00:22+00:00,REAL_TIME_SCED,AZURE_BES1,Electrical Bus,5.04
2023-04-20 18:00:24+00:00,REAL_TIME_SCED,AZURE_BES1,Electrical Bus,22.71
2023-04-20 19:00:24+00:00,REAL_TIME_SCED,AZURE_BES1,Electrical Bus,62.05
2023-04-20 20:00:22+00:00,REAL_TIME_SCED,AZURE_BES1,Electrical Bus,22.41
2023-04-20 21:00:22+00:00,REAL_TIME_SCED,AZURE_BES1,Electrical Bus,22.9
2023-04-20 22:00:22+00:00,REAL_TIME_SCED,AZURE_BES1,Electrical Bus,25.41
2023-04-20 23:00:21+00:00,REAL_TIME_SCED,AZURE_BES1,Electrical Bus,25.43
2023-04-21 00:00:25+00:00,REAL_TIME_SCED,AZURE_BES1,Electrical Bus,40.34
2023-04-21 01:00:23+00:00,REAL_TIME_SCED,AZURE_BES1,Electrical Bus,86.08
2023-04-21 02:00:22+00:00,REAL_TIME_SCED,AZURE_BES1,Electrical Bus,19.77
2023-04-21 03:00:24+00:00,REAL_TIME_SCED,AZURE_BES1,Electrical Bus,21.46
2023-04-21 04:00:23+00:00,REAL_TIME_SCED,AZURE_BES1,Electrical Bus,16.17
2023-04-21 05:00:25+00:00,REAL_TIME_SCED,AZURE_BES1,Electrical Bus,17.63
2023-04-21 06:00:24+00:00,REAL_TIME_SCED,AZURE_BES1,Electrical Bus,16.36
2023-04-21 07:00:21+00:00,REAL_TIME_SCED,AZURE_BES1,Electrical Bus,12.51
2023-04-21 08:00:20+00:00,REAL_TIME_SCED,AZURE_BES1,Electrical Bus,14.14
2023-04-21 09:00:23+00:00,REAL_TIME_SCED,AZURE_BES1,Electrical Bus,15.35
2023-04-21 10:00:20+00:00,REAL_TIME_SCED,AZURE_BES1,Electrical Bus,17.57
2023-04-21 11:00:22+00:00,REAL_TIME_SCED,AZURE_BES1,Electrical Bus,15.37
2023-04-21 12:00:22+00:00,REAL_TIME_SCED,AZURE_BES1,Electrical Bus,20.12
2023-04-21 13:00:22+00:00,REAL_TIME_SCED,AZURE_BES1,Electrical Bus,18.88
2023-04-21 14:00:21+00:00,REAL_TIME_SCED,AZURE_BES1,Electrical Bus,10.19
2023-04-21 15:00:20+00:00,REAL_TIME_SCED,AZURE_BES1,Electrical Bus,15.36
2023-04-21 16:00:21+00:00,REAL_TIME_SCED,AZURE_BES1,Electrical Bus,14.02
2023-04-21 17:00:23+00:00,REAL_TIME_SCED,AZURE_BES1,Electrical Bus,21.15
2023-04-21 18:00:25+00:00,REAL_TIME_SCED,AZURE_BES1,Electrical Bus,21.3
2023-04-21 19:00:24+00:00,REAL_TIME_SCED,AZURE_BES1,Electrical Bus,21.28
2023-04-21 20:00:23+00:00,REAL_TIME_SCED,AZURE_BES1,Electrical Bus,18.51
2023-04-21 21:00:25+00:00,REAL_TIME_SCED,AZURE_BES1,Electrical Bus,19.96
2023-04-21 22:00:21+00:00,REAL_TIME_SCED,AZURE_BES1,Electrical Bus,22.21
2023-04-21 23:00:23+00:00,REAL_TIME_SCED,AZURE_BES1,Electrical Bus,21.89
2023-04-22 00:00:21+00:00,REAL_TIME_SCED,AZURE_BES1,Electrical Bus,24.72
2023-04-22 01:00:21+00:00,REAL_TIME_SCED,AZURE_BES1,Electrical Bus,254.84
2023-04-22 02:00:21+00:00,REAL_TIME_SCED,AZURE_BES1,Electrical Bus,43.17
2023-04-22 03:00:26+00:00,REAL_TIME_SCED,AZURE_BES1,Electrical Bus,14.31
2023-04-22 04:00:25+00:00,REAL_TIME_SCED,AZURE_BES1,Electrical Bus,10.83
2023-04-22 05:00:25+00:00,REAL_TIME_SCED,AZURE_BES1,Electrical Bus,3.97
2023-04-22 06:00:25+00:00,REAL_TIME_SCED,AZURE_BES1,Electrical Bus,0
2023-04-22 07:00:28+00:00,REAL_TIME_SCED,AZURE_BES1,Electrical Bus,-1.83
2023-04-22 08:00:25+00:00,REAL_TIME_SCED,AZURE_BES1,Electrical Bus,-0.47
2023-04-22 09:00:24+00:00,REAL_TIME_SCED,AZURE_BES1,Electrical Bus,8.78
2023-04-22 10:00:21+00:00,REAL_TIME_SCED,AZURE_BES1,Electrical Bus,9.96
2023-04-22 11:00:23+00:00,REAL_TIME_SCED,AZURE_BES1,Electrical Bus,13.65
2023-04-22 12:00:23+00:00,REAL_TIME_SCED,AZURE_BES1,Electrical Bus,17.82
2023-04-22 13:00:22+00:00,REAL_TIME_SCED,AZURE_BES1,Electrical Bus,6.94
2023-04-22 14:00:20+00:00,REAL_TIME_SCED,AZURE_BES1,Electrical Bus,2.76
2023-04-22 15:00:21+00:00,REAL_TIME_SCED,AZURE_BES1,Electrical Bus,1.94
2023-04-22 16:00:24+00:00,REAL_TIME_SCED,AZURE_BES1,Electrical Bus,3.8
2023-04-22 17:00:22+00:00,REAL_TIME_SCED,AZURE_BES1,Electrical Bus,1.35
2023-04-22 18:00:23+00:00,REAL_TIME_SCED,AZURE_BES1,Electrical Bus,6.69
2023-04-22 19:00:21+00:00,REAL_TIME_SCED,AZURE_BES1,Electrical Bus,-0.74
2023-04-22 20:00:22+00:00,REAL_TIME_SCED,AZURE_BES1,Electrical Bus,-0.11
2023-04-22 21:00:25+00:00,REAL_TIME_SCED,AZURE_BES1,Electrical Bus,-1.42
2023-04-22 22:00:26+00:00,REAL_TIME_SCED,AZURE_BES1,Electrical Bus,-2.17
2023-04-22 23:00:28+00:00,REAL_TIME_SCED,AZURE_BES1,Electrical Bus,-2.36
2023-04-23 00:00:26+00:00,REAL_TIME_SCED,AZURE_BES1,Electrical Bus,-1.61
2023-04-23 01:00:28+00:00,REAL_TIME_SCED,AZURE_BES1,Electrical Bus,1.22
2023-04-23 02:00:26+00:00,REAL_TIME_SCED,AZURE_BES1,Electrical Bus,-0.22
2023-04-23 03:00:25+00:00,REAL_TIME_SCED,AZURE_BES1,Electrical Bus,-1.63
2023-04-23 04:00:24+00:00,REAL_TIME_SCED,AZURE_BES1,Electrical Bus,0
2023-04-23 05:00:27+00:00,REAL_TIME_SCED,AZURE_BES1,Electrical Bus,3.1
2023-04-23 06:00:24+00:00,REAL_TIME_SCED,AZURE_BES1,Electrical Bus,8.45
2023-04-23 07:00:23+00:00,REAL_TIME_SCED,AZURE_BES1,Electrical Bus,10.54
2023-04-23 08:00:21+00:00,REAL_TIME_SCED,AZURE_BES1,Electrical Bus,12.13
2023-04-23 09:00:22+00:00,REAL_TIME_SCED,AZURE_BES1,Electrical Bus,13.49
2023-04-23 10:00:21+00:00,REAL_TIME_SCED,AZURE_BES1,Electrical Bus,15.97
2023-04-23 11:00:22+00:00,REAL_TIME_SCED,AZURE_BES1,Electrical Bus,18.95
2023-04-23 12:00:21+00:00,REAL_TIME_SCED,AZURE_BES1,Electrical Bus,17.92
2023-04-23 13:00:23+00:00,REAL_TIME_SCED,AZURE_BES1,Electrical Bus,18.01
2023-04-23 14:00:21+00:00,REAL_TIME_SCED,AZURE_BES1,Electrical Bus,15.89
2023-04-23 15:00:22+00:00,REAL_TIME_SCED,AZURE_BES1,Electrical Bus,19.29
2023-04-23 16:00:19+00:00,REAL_TIME_SCED,AZURE_BES1,Electrical Bus,19.93
2023-04-23 17:00:22+00:00,REAL_TIME_SCED,AZURE_BES1,Electrical Bus,20.49
2023-04-23 18:00:22+00:00,REAL_TIME_SCED,AZURE_BES1,Electrical Bus,19.76
2023-04-23 19:00:21+00:00,REAL_TIME_SCED,AZURE_BES1,Electrical Bus,16.8
2023-04-23 20:00:20+00:00,REAL_TIME_SCED,AZURE_BES1,Electrical Bus,15.66
2023-04-23 21:00:19+00:00,REAL_TIME_SCED,AZURE_BES1,Electrical Bus,19.95
2023-04-23 22:00:21+00:00,REAL_TIME_SCED,AZURE_BES1,Electrical Bus,20.62
2023-04-23 23:00:23+00:00,REAL_TIME_SCED,AZURE_BES1,Electrical Bus,28.64
2023-04-24 00:00:22+00:00,REAL_TIME_SCED,AZURE_BES1,Electrical Bus,22.99
2023-04-24 01:00:22+00:00,REAL_TIME_SCED,AZURE_BES1,Electrical Bus,36.58
2023-04-24 02:00:22+00:00,REAL_TIME_SCED,AZURE_BES1,Electrical Bus,34.71
2023-04-24 03:00:20+00:00,REAL_TIME_SCED,AZURE_BES1,Electrical Bus,32.25
2023-04-24 04:00:23+00:00,REAL_TIME_SCED,AZURE_BES1,Electrical Bus,47.88
2023-04-24 05:00:25+00:00,REAL_TIME_SCED,AZURE_BES1,Electrical Bus,28.79
2023-04-24 06:00:25+00:00,REAL_TIME_SCED,AZURE_BES1,Electrical Bus,27.06
2023-04-24 07:00:26+00:00,REAL_TIME_SCED,AZURE_BES1,Electrical Bus,29.92
2023-04-24 08:00:24+00:00,REAL_TIME_SCED,AZURE_BES1,Electrical Bus,30.64
2023-04-24 09:00:23+00:00,REAL_TIME_SCED,AZURE_BES1,Electrical Bus,30.08
2023-04-24 10:00:21+00:00,REAL_TIME_SCED,AZURE_BES1,Electrical Bus,30.42
2023-04-24 11:00:20+00:00,REAL_TIME_SCED,AZURE_BES1,Electrical Bus,34.38
2023-04-24 12:00:22+00:00,REAL_TIME_SCED,AZURE_BES1,Electrical Bus,88.46
2023-04-24 13:00:24+00:00,REAL_TIME_SCED,AZURE_BES1,Electrical Bus,24.43
2023-04-24 14:00:22+00:00,REAL_TIME_SCED,AZURE_BES1,Electrical Bus,24.32
2023-04-24 15:00:24+00:00,REAL_TIME_SCED,AZURE_BES1,Electrical Bus,22.05
2023-04-24 16:00:25+00:00,REAL_TIME_SCED,AZURE_BES1,Electrical Bus,17.45
2023-04-24 17:00:19+00:00,REAL_TIME_SCED,AZURE_BES1,Electrical Bus,13.71
2023-04-24 18:00:21+00:00,REAL_TIME_SCED,AZURE_BES1,Electrical Bus,12.67
2023-04-24 19:00:21+00:00,REAL_TIME_SCED,AZURE_BES1,Electrical Bus,13.65
2023-04-24 20:00:21+00:00,REAL_TIME_SCED,AZURE_BES1,Electrical Bus,12.59
2023-04-24 21:00:24+00:00,REAL_TIME_SCED,AZURE_BES1,Electrical Bus,13.79
2023-04-24 22:00:23+00:00,REAL_TIME_SCED,AZURE_BES1,Electrical Bus,13.2
2023-04-24 23:00:26+00:00,REAL_TIME_SCED,AZURE_BES1,Electrical Bus,10.49
2023-04-25 00:00:22+00:00,REAL_TIME_SCED,AZURE_BES1,Electrical Bus,15.68
2023-04-25 01:00:22+00:00,REAL_TIME_SCED,AZURE_BES1,Electrical Bus,25.11
2023-04-25 02:00:22+00:00,REAL_TIME_SCED,AZURE_BES1,Electrical Bus,22.38
2023-04-25 03:00:23+00:00,REAL_TIME_SCED,AZURE_BES1,Electrical Bus,23.45
2023-04-25 04:00:23+00:00,REAL_TIME_SCED,AZURE_BES1,Electrical Bus,24.78
2023-04-25 05:00:24+00:00,REAL_TIME_SCED,AZURE_BES1,Electrical Bus,19.2
2023-04-25 06:00:22+00:00,REAL_TIME_SCED,AZURE_BES1,Electrical Bus,20.38
2023-04-25 07:00:22+00:00,REAL_TIME_SCED,AZURE_BES1,Electrical Bus,22.28
2023-04-25 08:00:20+00:00,REAL_TIME_SCED,AZURE_BES1,Electrical Bus,21.36
2023-04-25 09:00:23+00:00,REAL_TIME_SCED,AZURE_BES1,Electrical Bus,17.48
2023-04-25 10:00:25+00:00,REAL_TIME_SCED,AZURE_BES1,Electrical Bus,22
2023-04-25 11:00:14+00:00,REAL_TIME_SCED,AZURE_BES1,Electrical Bus,24.53
2023-04-25 12:00:21+00:00,REAL_TIME_SCED,AZURE_BES1,Electrical Bus,22.68
2023-04-25 13:00:21+00:00,REAL_TIME_SCED,AZURE_BES1,Electrical Bus,46.27
2023-04-25 14:00:20+00:00,REAL_TIME_SCED,AZURE_BES1,Electrical Bus,20.66
2023-04-25 15:00:19+00:00,REAL_TIME_SCED,AZURE_BES1,Electrical Bus,14.11
2023-04-25 16:00:22+00:00,REAL_TIME_SCED,AZURE_BES1,Electrical Bus,13.09
2023-04-25 17:00:23+00:00,REAL_TIME_SCED,AZURE_BES1,Electrical Bus,13.42
2023-04-25 18:00:24+00:00,REAL_TIME_SCED,AZURE_BES1,Electrical Bus,14.48
2023-04-25 19:00:21+00:00,REAL_TIME_SCED,AZURE_BES1,Electrical Bus,19.72
2023-04-25 20:00:23+00:00,REAL_TIME_SCED,AZURE_BES1,Electrical Bus,22.2
2023-04-25 21:00:24+00:00,REAL_TIME_SCED,AZURE_BES1,Electrical Bus,17.98
2023-04-25 22:00:22+00:00,REAL_TIME_SCED,AZURE_BES1,Electrical Bus,24.56
2023-04-25 23:00:23+00:00,REAL_TIME_SCED,AZURE_BES1,Electrical Bus,20.26
2023-04-26 00:00:22+00:00,REAL_TIME_SCED,AZURE_BES1,Electrical Bus,20.15
2023-04-26 01:00:25+00:00,REAL_TIME_SCED,AZURE_BES1,Electrical Bus,24.63
2023-04-26 02:00:23+00:00,REAL_TIME_SCED,AZURE_BES1,Electrical Bus,7.55
2023-04-26 03:00:27+00:00,REAL_TIME_SCED,AZURE_BES1,Electrical Bus,6.67
2023-04-26 04:00:24+00:00,REAL_TIME_SCED,AZURE_BES1,Electrical Bus,10.38
2023-04-26 05:00:44+00:00,REAL_TIME_SCED,AZURE_BES1,Electrical Bus,15.4
2023-04-26 06:00:23+00:00,REAL_TIME_SCED,AZURE_BES1,Electrical Bus,12.49
2023-04-26 07:00:22+00:00,REAL_TIME_SCED,AZURE_BES1,Electrical Bus,18.24
2023-04-26 08:00:21+00:00,REAL_TIME_SCED,AZURE_BES1,Electrical Bus,21.21
2023-04-26 09:00:24+00:00,REAL_TIME_SCED,AZURE_BES1,Electrical Bus,19.97
2023-04-26 10:00:23+00:00,REAL_TIME_SCED,AZURE_BES1,Electrical Bus,17.32
2023-04-26 11:00:19+00:00,REAL_TIME_SCED,AZURE_BES1,Electrical Bus,19.37
2023-04-26 12:00:21+00:00,REAL_TIME_SCED,AZURE_BES1,Electrical Bus,75
2023-04-26 13:00:16+00:00,REAL_TIME_SCED,AZURE_BES1,Electrical Bus,23.8
2023-04-26 14:00:21+00:00,REAL_TIME_SCED,AZURE_BES1,Electrical Bus,16.82
2023-04-26 15:00:22+00:00,REAL_TIME_SCED,AZURE_BES1,Electrical Bus,21.07
2023-04-26 16:00:21+00:00,REAL_TIME_SCED,AZURE_BES1,Electrical Bus,51.03
2023-04-26 17:00:21+00:00,REAL_TIME_SCED,AZURE_BES1,Electrical Bus,24.26
2023-04-26 18:00:20+00:00,REAL_TIME_SCED,AZURE_BES1,Electrical Bus,25.06
2023-04-26 19:00:28+00:00,REAL_TIME_SCED,AZURE_BES1,Electrical Bus,24.79
2023-04-26 20:00:21+00:00,REAL_TIME_SCED,AZURE_BES1,Electrical Bus,23.52
2023-04-26 21:00:25+00:00,REAL_TIME_SCED,AZURE_BES1,Electrical Bus,66.58
2023-04-26 22:00:24+00:00,REAL_TIME_SCED,AZURE_BES1,Electrical Bus,23.02
2023-04-26 23:00:24+00:00,REAL_TIME_SCED,AZURE_BES1,Electrical Bus,22.31
2023-04-27 00:00:20+00:00,REAL_TIME_SCED,AZURE_BES1,Electrical Bus,23.77
2023-04-27 01:00:21+00:00,REAL_TIME_SCED,AZURE_BES1,Electrical Bus,25.77
2023-04-27 02:00:24+00:00,REAL_TIME_SCED,AZURE_BES1,Electrical Bus,17.25
2023-04-27 03:00:24+00:00,REAL_TIME_SCED,AZURE_BES1,Electrical Bus,20.16
2023-04-27 04:00:24+00:00,REAL_TIME_SCED,AZURE_BES1,Electrical Bus,46.15
2023-04-27 05:00:23+00:00,REAL_TIME_SCED,AZURE_BES1,Electrical Bus,23.84
2023-04-27 06:00:23+00:00,REAL_TIME_SCED,AZURE_BES1,Electrical Bus,23.85
2023-04-27 07:00:22+00:00,REAL_TIME_SCED,AZURE_BES1,Electrical Bus,22.97
2023-04-27 08:00:20+00:00,REAL_TIME_SCED,AZURE_BES1,Electrical Bus,24.17
2023-04-27 09:00:23+00:00,REAL_TIME_SCED,AZURE_BES1,Electrical Bus,23.09
2023-04-27 10:00:22+00:00,REAL_TIME_SCED,AZURE_BES1,Electrical Bus,21.31
2023-04-27 11:00:22+00:00,REAL_TIME_SCED,AZURE_BES1,Electrical Bus,22.05
2023-04-27 12:00:22+00:00,REAL_TIME_SCED,AZURE_BES1,Electrical Bus,25.23
2023-04-27 13:00:24+00:00,REAL_TIME_SCED,AZURE_BES1,Electrical Bus,19.29
2023-04-27 14:00:16+00:00,REAL_TIME_SCED,AZURE_BES1,Electrical Bus,11.27
2023-04-27 15:00:21+00:00,REAL_TIME_SCED,AZURE_BES1,Electrical Bus,11.04
2023-04-27 16:00:21+00:00,REAL_TIME_SCED,AZURE_BES1,Electrical Bus,16.38
2023-04-27 17:00:20+00:00,REAL_TIME_SCED,AZURE_BES1,Electrical Bus,17.35
2023-04-27 18:00:23+00:00,REAL_TIME_SCED,AZURE_BES1,Electrical Bus,17.27
2023-04-27 19:00:21+00:00,REAL_TIME_SCED,AZURE_BES1,Electrical Bus,16.94
2023-04-27 20:00:21+00:00,REAL_TIME_SCED,AZURE_BES1,Electrical Bus,19.32
2023-04-27 21:00:24+00:00,REAL_TIME_SCED,AZURE_BES1,Electrical Bus,17.72
2023-04-27 22:00:20+00:00,REAL_TIME_SCED,AZURE_BES1,Electrical Bus,18.78
2023-04-27 23:00:20+00:00,REAL_TIME_SCED,AZURE_BES1,Electrical Bus,18.52
2023-04-28 00:00:20+00:00,REAL_TIME_SCED,AZURE_BES1,Electrical Bus,23.68
2023-04-28 01:00:20+00:00,REAL_TIME_SCED,AZURE_BES1,Electrical Bus,26.35
2023-04-28 02:00:21+00:00,REAL_TIME_SCED,AZURE_BES1,Electrical Bus,14.19
2023-04-28 03:00:22+00:00,REAL_TIME_SCED,AZURE_BES1,Electrical Bus,18.87
2023-04-28 04:00:20+00:00,REAL_TIME_SCED,AZURE_BES1,Electrical Bus,11.89
2023-04-28 05:00:24+00:00,REAL_TIME_SCED,AZURE_BES1,Electrical Bus,1.91
2023-04-28 06:00:22+00:00,REAL_TIME_SCED,AZURE_BES1,Electrical Bus,0.19
2023-04-28 07:00:23+00:00,REAL_TIME_SCED,AZURE_BES1,Electrical Bus,1.15
2023-04-28 08:00:21+00:00,REAL_TIME_SCED,AZURE_BES1,Electrical Bus,-2.02
2023-04-28 09:00:26+00:00,REAL_TIME_SCED,AZURE_BES1,Electrical Bus,-1.99
2023-04-28 10:00:23+00:00,REAL_TIME_SCED,AZURE_BES1,Electrical Bus,-0.79
2023-04-28 11:00:21+00:00,REAL_TIME_SCED,AZURE_BES1,Electrical Bus,2.23
2023-04-28 12:00:23+00:00,REAL_TIME_SCED,AZURE_BES1,Electrical Bus,9.67
2023-04-28 13:00:25+00:00,REAL_TIME_SCED,AZURE_BES1,Electrical Bus,6.6
2023-04-28 14:00:22+00:00,REAL_TIME_SCED,AZURE_BES1,Electrical Bus,6.8
2023-04-28 15:00:20+00:00,REAL_TIME_SCED,AZURE_BES1,Electrical Bus,1.78
2023-04-28 16:00:23+00:00,REAL_TIME_SCED,AZURE_BES1,Electrical Bus,-0.34
2023-04-28 17:00:23+00:00,REAL_TIME_SCED,AZURE_BES1,Electrical Bus,-2.22
2023-04-28 18:00:25+00:00,REAL_TIME_SCED,AZURE_BES1,Electrical Bus,-3.13
2023-04-28 19:00:25+00:00,REAL_TIME_SCED,AZURE_BES1,Electrical Bus,-5.77
2023-04-28 20:00:26+00:00,REAL_TIME_SCED,AZURE_BES1,Electrical Bus,-15
2023-04-28 21:00:22+00:00,REAL_TIME_SCED,AZURE_BES1,Electrical Bus,-24.13
2023-04-28 22:00:22+00:00,REAL_TIME_SCED,AZURE_BES1,Electrical Bus,-18.86
2023-04-28 23:00:25+00:00,REAL_TIME_SCED,AZURE_BES1,Electrical Bus,-10.24
2023-04-29 00:00:21+00:00,REAL_TIME_SCED,AZURE_BES1,Electrical Bus,-2.6
2023-04-29 01:00:20+00:00,REAL_TIME_SCED,AZURE_BES1,Electrical Bus,10.32
2023-04-29 02:00:22+00:00,REAL_TIME_SCED,AZURE_BES1,Electrical Bus,52.63
2023-04-29 03:00:22+00:00,REAL_TIME_SCED,AZURE_BES1,Electrical Bus,23.25
2023-04-29 04:00:21+00:00,REAL_TIME_SCED,AZURE_BES1,Electrical Bus,23.25
2023-04-29 05:00:23+00:00,REAL_TIME_SCED,AZURE_BES1,Electrical Bus,17.65
2023-04-29 06:00:25+00:00,REAL_TIME_SCED,AZURE_BES1,Electrical Bus,9.94
2023-04-29 07:00:24+00:00,REAL_TIME_SCED,AZURE_BES1,Electrical Bus,10.94
2023-04-29 08:00:20+00:00,REAL_TIME_SCED,AZURE_BES1,Electrical Bus,12.66
2023-04-29 09:00:24+00:00,REAL_TIME_SCED,AZURE_BES1,Electrical Bus,0.99
2023-04-29 10:00:20+00:00,REAL_TIME_SCED,AZURE_BES1,Electrical Bus,-0.07
2023-04-29 11:00:23+00:00,REAL_TIME_SCED,AZURE_BES1,Electrical Bus,0.13
2023-04-29 12:00:22+00:00,REAL_TIME_SCED,AZURE_BES1,Electrical Bus,7.54
2023-04-29 13:00:21+00:00,REAL_TIME_SCED,AZURE_BES1,Electrical Bus,0.07
2023-04-29 14:00:22+00:00,REAL_TIME_SCED,AZURE_BES1,Electrical Bus,1.93
2023-04-29 15:00:23+00:00,REAL_TIME_SCED,AZURE_BES1,Electrical Bus,0.73
2023-04-29 16:00:23+00:00,REAL_TIME_SCED,AZURE_BES1,Electrical Bus,-0.15
2023-04-29 17:00:22+00:00,REAL_TIME_SCED,AZURE_BES1,Electrical Bus,-1.76
2023-04-29 18:00:27+00:00,REAL_TIME_SCED,AZURE_BES1,Electrical Bus,-0.05
2023-04-29 19:00:23+00:00,REAL_TIME_SCED,AZURE_BES1,Electrical Bus,0.1
2023-04-29 20:00:22+00:00,REAL_TIME_SCED,AZURE_BES1,Electrical Bus,0.01
2023-04-29 21:00:22+00:00,REAL_TIME_SCED,AZURE_BES1,Electrical Bus,-0.01
2023-04-29 22:00:20+00:00,REAL_TIME_SCED,AZURE_BES1,Electrical Bus,-0.03
2023-04-29 23:00:23+00:00,REAL_TIME_SCED,AZURE_BES1,Electrical Bus,0
2023-04-30 00:00:22+00:00,REAL_TIME_SCED,AZURE_BES1,Electrical Bus,11.82
2023-04-30 01:00:19+00:00,REAL_TIME_SCED,AZURE_BES1,Electrical Bus,74.99
2023-04-30 02:00:15+00:00,REAL_TIME_SCED,AZURE_BES1,Electrical Bus,25.52
2023-04-30 03:00:15+00:00,REAL_TIME_SCED,AZURE_BES1,Electrical Bus,25.15
2023-04-30 04:00:14+00:00,REAL_TIME_SCED,AZURE_BES1,Electrical Bus,24.82
2023-04-30 05:00:23+00:00,REAL_TIME_SCED,AZURE_BES1,Electrical Bus,23.96
2023-04-30 06:00:23+00:00,REAL_TIME_SCED,AZURE_BES1,Electrical Bus,23.32
2023-04-30 07:00:21+00:00,REAL_TIME_SCED,AZURE_BES1,Electrical Bus,17.13
2023-04-30 08:00:22+00:00,REAL_TIME_SCED,AZURE_BES1,Electrical Bus,15.78
2023-04-30 09:00:22+00:00,REAL_TIME_SCED,AZURE_BES1,Electrical Bus,15.26
2023-04-30 10:00:22+00:00,REAL_TIME_SCED,AZURE_BES1,Electrical Bus,16.03
2023-04-30 11:00:22+00:00,REAL_TIME_SCED,AZURE_BES1,Electrical Bus,17.53
2023-04-30 12:00:21+00:00,REAL_TIME_SCED,AZURE_BES1,Electrical Bus,17.44
2023-04-30 13:00:22+00:00,REAL_TIME_SCED,AZURE_BES1,Electrical Bus,12.66
2023-04-30 14:00:21+00:00,REAL_TIME_SCED,AZURE_BES1,Electrical Bus,9.87
2023-04-30 15:00:19+00:00,REAL_TIME_SCED,AZURE_BES1,Electrical Bus,11.95
2023-04-30 16:00:18+00:00,REAL_TIME_SCED,AZURE_BES1,Electrical Bus,11.44
2023-04-30 17:00:22+00:00,REAL_TIME_SCED,AZURE_BES1,Electrical Bus,8.74
2023-04-30 18:00:22+00:00,REAL_TIME_SCED,AZURE_BES1,Electrical Bus,8.27
2023-04-30 19:00:20+00:00,REAL_TIME_SCED,AZURE_BES1,Electrical Bus,6.87
2023-04-30 20:00:22+00:00,REAL_TIME_SCED,AZURE_BES1,Electrical Bus,7.11
2023-04-30 21:00:21+00:00,REAL_TIME_SCED,AZURE_BES1,Electrical Bus,6.51
2023-04-30 22:00:23+00:00,REAL_TIME_SCED,AZURE_BES1,Electrical Bus,9.05
2023-04-30 23:00:22+00:00,REAL_TIME_SCED,AZURE_BES1,Electrical Bus,8.6
2023-05-01 00:00:21+00:00,REAL_TIME_SCED,AZURE_BES1,Electrical Bus,14.74
2023-05-01 01:00:21+00:00,REAL_TIME_SCED,AZURE_BES1,Electrical Bus,15.99
2023-05-01 02:00:22+00:00,REAL_TIME_SCED,AZURE_BES1,Electrical Bus,0.66
2023-05-01 03:00:23+00:00,REAL_TIME_SCED,AZURE_BES1,Electrical Bus,0.22
2023-05-01 04:00:22+00:00,REAL_TIME_SCED,AZURE_BES1,Electrical Bus,9.03
2023-05-01 05:00:23+00:00,REAL_TIME_SCED,AZURE_BES1,Electrical Bus,11.78
2023-05-01 06:00:24+00:00,REAL_TIME_SCED,AZURE_BES1,Electrical Bus,14.38
2023-05-01 07:00:24+00:00,REAL_TIME_SCED,AZURE_BES1,Electrical Bus,14.28
2023-05-01 08:00:23+00:00,REAL_TIME_SCED,AZURE_BES1,Electrical Bus,13.4
2023-05-01 09:00:24+00:00,REAL_TIME_SCED,AZURE_BES1,Electrical Bus,7.81
2023-05-01 10:00:21+00:00,REAL_TIME_SCED,AZURE_BES1,Electrical Bus,12.87
2023-05-01 11:00:21+00:00,REAL_TIME_SCED,AZURE_BES1,Electrical Bus,14.96
2023-05-01 12:00:22+00:00,REAL_TIME_SCED,AZURE_BES1,Electrical Bus,19.57
2023-05-01 13:00:23+00:00,REAL_TIME_SCED,AZURE_BES1,Electrical Bus,12.36
2023-05-01 14:00:20+00:00,REAL_TIME_SCED,AZURE_BES1,Electrical Bus,11.86
2023-05-01 15:00:22+00:00,REAL_TIME_SCED,AZURE_BES1,Electrical Bus,13.16
2023-05-01 16:00:22+00:00,REAL_TIME_SCED,AZURE_BES1,Electrical Bus,18.03
2023-05-01 17:00:22+00:00,REAL_TIME_SCED,AZURE_BES1,Electrical Bus,18.94
2023-05-01 18:00:22+00:00,REAL_TIME_SCED,AZURE_BES1,Electrical Bus,23.16
2023-05-01 19:00:22+00:00,REAL_TIME_SCED,AZURE_BES1,Electrical Bus,30.77
2023-05-01 20:00:22+00:00,REAL_TIME_SCED,AZURE_BES1,Electrical Bus,25.47
2023-05-01 21:00:21+00:00,REAL_TIME_SCED,AZURE_BES1,Electrical Bus,30.97
2023-05-01 22:00:23+00:00,REAL_TIME_SCED,AZURE_BES1,Electrical Bus,44.42
2023-05-01 23:00:23+00:00,REAL_TIME_SCED,AZURE_BES1,Electrical Bus,77.47
2023-05-02 00:00:23+00:00,REAL_TIME_SCED,AZURE_BES1,Electrical Bus,102.02
2023-05-02 01:00:23+00:00,REAL_TIME_SCED,AZURE_BES1,Electrical Bus,498.99
2023-05-02 02:00:21+00:00,REAL_TIME_SCED,AZURE_BES1,Electrical Bus,23.18
2023-05-02 03:00:25+00:00,REAL_TIME_SCED,AZURE_BES1,Electrical Bus,18.38
2023-05-02 04:00:22+00:00,REAL_TIME_SCED,AZURE_BES1,Electrical Bus,16.67
2023-05-02 05:00:24+00:00,REAL_TIME_SCED,AZURE_BES1,Electrical Bus,11.8
2023-05-02 06:00:23+00:00,REAL_TIME_SCED,AZURE_BES1,Electrical Bus,7.72
2023-05-02 07:00:24+00:00,REAL_TIME_SCED,AZURE_BES1,Electrical Bus,8.99
2023-05-02 08:00:22+00:00,REAL_TIME_SCED,AZURE_BES1,Electrical Bus,10.04
2023-05-02 09:00:25+00:00,REAL_TIME_SCED,AZURE_BES1,Electrical Bus,9.18
2023-05-02 10:00:23+00:00,REAL_TIME_SCED,AZURE_BES1,Electrical Bus,17.09
2023-05-02 11:00:21+00:00,REAL_TIME_SCED,AZURE_BES1,Electrical Bus,25.04
2023-05-02 12:00:23+00:00,REAL_TIME_SCED,AZURE_BES1,Electrical Bus,37.61
2023-05-02 13:00:24+00:00,REAL_TIME_SCED,AZURE_BES1,Electrical Bus,31.24
2023-05-02 14:00:19+00:00,REAL_TIME_SCED,AZURE_BES1,Electrical Bus,75.01
2023-05-02 15:00:24+00:00,REAL_TIME_SCED,AZURE_BES1,Electrical Bus,23.64
2023-05-02 16:00:21+00:00,REAL_TIME_SCED,AZURE_BES1,Electrical Bus,22.12
2023-05-02 17:00:22+00:00,REAL_TIME_SCED,AZURE_BES1,Electrical Bus,25.09
2023-05-02 18:00:21+00:00,REAL_TIME_SCED,AZURE_BES1,Electrical Bus,21.73
2023-05-02 19:00:21+00:00,REAL_TIME_SCED,AZURE_BES1,Electrical Bus,23.29
2023-05-02 20:00:23+00:00,REAL_TIME_SCED,AZURE_BES1,Electrical Bus,21.87
2023-05-02 21:00:23+00:00,REAL_TIME_SCED,AZURE_BES1,Electrical Bus,25.47
2023-05-02 22:00:22+00:00,REAL_TIME_SCED,AZURE_BES1,Electrical Bus,22.44
2023-05-02 23:00:24+00:00,REAL_TIME_SCED,AZURE_BES1,Electrical Bus,23.36
2023-05-03 00:00:21+00:00,REAL_TIME_SCED,AZURE_BES1,Electrical Bus,30.68
2023-05-03 01:00:21+00:00,REAL_TIME_SCED,AZURE_BES1,Electrical Bus,75
2023-05-03 02:00:21+00:00,REAL_TIME_SCED,AZURE_BES1,Electrical Bus,25.47
2023-05-03 03:00:23+00:00,REAL_TIME_SCED,AZURE_BES1,Electrical Bus,23.34
2023-05-03 04:00:24+00:00,REAL_TIME_SCED,AZURE_BES1,Electrical Bus,19.94
2023-05-03 05:00:41+00:00,REAL_TIME_SCED,AZURE_BES1,Electrical Bus,99.91
2023-05-03 06:00:21+00:00,REAL_TIME_SCED,AZURE_BES1,Electrical Bus,26.22
2023-05-03 07:00:21+00:00,REAL_TIME_SCED,AZURE_BES1,Electrical Bus,22.93
2023-05-03 08:00:23+00:00,REAL_TIME_SCED,AZURE_BES1,Electrical Bus,23.66
2023-05-03 09:00:23+00:00,REAL_TIME_SCED,AZURE_BES1,Electrical Bus,23.11
2023-05-03 10:00:23+00:00,REAL_TIME_SCED,AZURE_BES1,Electrical Bus,21.01
2023-05-03 11:00:23+00:00,REAL_TIME_SCED,AZURE_BES1,Electrical Bus,28.9
2023-05-03 12:00:23+00:00,REAL_TIME_SCED,AZURE_BES1,Electrical Bus,25.12
2023-05-03 13:00:23+00:00,REAL_TIME_SCED,AZURE_BES1,Electrical Bus,21.34
2023-05-03 14:00:14+00:00,REAL_TIME_SCED,AZURE_BES1,Electrical Bus,12.06
2023-05-03 15:00:21+00:00,REAL_TIME_SCED,AZURE_BES1,Electrical Bus,10.45
2023-05-03 16:00:21+00:00,REAL_TIME_SCED,AZURE_BES1,Electrical Bus,19.98
2023-05-03 17:00:21+00:00,REAL_TIME_SCED,AZURE_BES1,Electrical Bus,16.02
2023-05-03 18:00:20+00:00,REAL_TIME_SCED,AZURE_BES1,Electrical Bus,23.31
2023-05-03 19:00:23+00:00,REAL_TIME_SCED,AZURE_BES1,Electrical Bus,22.38
2023-05-03 20:00:19+00:00,REAL_TIME_SCED,AZURE_BES1,Electrical Bus,21.01
2023-05-03 21:00:20+00:00,REAL_TIME_SCED,AZURE_BES1,Electrical Bus,75
2023-05-03 22:00:22+00:00,REAL_TIME_SCED,AZURE_BES1,Electrical Bus,28.87
2023-05-03 23:00:21+00:00,REAL_TIME_SCED,AZURE_BES1,Electrical Bus,25.82
2023-05-04 00:00:21+00:00,REAL_TIME_SCED,AZURE_BES1,Electrical Bus,22.59
2023-05-04 01:00:20+00:00,REAL_TIME_SCED,AZURE_BES1,Electrical Bus,16.63
2023-05-04 02:00:19+00:00,REAL_TIME_SCED,AZURE_BES1,Electrical Bus,20.08
2023-05-04 03:00:22+00:00,REAL_TIME_SCED,AZURE_BES1,Electrical Bus,10.35
2023-05-04 04:00:21+00:00,REAL_TIME_SCED,AZURE_BES1,Electrical Bus,16.69
2023-05-04 05:00:23+00:00,REAL_TIME_SCED,AZURE_BES1,Electrical Bus,14.81
2023-05-04 06:00:23+00:00,REAL_TIME_SCED,AZURE_BES1,Electrical Bus,13.43
2023-05-04 07:00:22+00:00,REAL_TIME_SCED,AZURE_BES1,Electrical Bus,13.08
2023-05-04 08:00:19+00:00,REAL_TIME_SCED,AZURE_BES1,Electrical Bus,14.24
2023-05-04 09:00:22+00:00,REAL_TIME_SCED,AZURE_BES1,Electrical Bus,15.75
2023-05-04 10:00:21+00:00,REAL_TIME_SCED,AZURE_BES1,Electrical Bus,20.52
2023-05-04 11:00:22+00:00,REAL_TIME_SCED,AZURE_BES1,Electrical Bus,25.35
2023-05-04 12:00:22+00:00,REAL_TIME_SCED,AZURE_BES1,Electrical Bus,25.16
2023-05-04 13:00:23+00:00,REAL_TIME_SCED,AZURE_BES1,Electrical Bus,23.35
2023-05-04 14:00:21+00:00,REAL_TIME_SCED,AZURE_BES1,Electrical Bus,24.1
2023-05-04 15:00:15+00:00,REAL_TIME_SCED,AZURE_BES1,Electrical Bus,26.02
2023-05-04 16:00:24+00:00,REAL_TIME_SCED,AZURE_BES1,Electrical Bus,22.47
2023-05-04 17:00:21+00:00,REAL_TIME_SCED,AZURE_BES1,Electrical Bus,18.26
2023-05-04 18:00:19+00:00,REAL_TIME_SCED,AZURE_BES1,Electrical Bus,18.7
2023-05-04 19:00:21+00:00,REAL_TIME_SCED,AZURE_BES1,Electrical Bus,14.58
2023-05-04 20:00:21+00:00,REAL_TIME_SCED,AZURE_BES1,Electrical Bus,18.97
2023-05-04 21:00:26+00:00,REAL_TIME_SCED,AZURE_BES1,Electrical Bus,19.07
2023-05-04 22:00:24+00:00,REAL_TIME_SCED,AZURE_BES1,Electrical Bus,29.46
2023-05-04 23:00:22+00:00,REAL_TIME_SCED,AZURE_BES1,Electrical Bus,21.31
2023-05-05 00:00:25+00:00,REAL_TIME_SCED,AZURE_BES1,Electrical Bus,24.1
2023-05-05 01:00:19+00:00,REAL_TIME_SCED,AZURE_BES1,Electrical Bus,200.38
2023-05-05 02:00:22+00:00,REAL_TIME_SCED,AZURE_BES1,Electrical Bus,203.47
2023-05-05 03:00:26+00:00,REAL_TIME_SCED,AZURE_BES1,Electrical Bus,22.06
2023-05-05 04:00:21+00:00,REAL_TIME_SCED,AZURE_BES1,Electrical Bus,22.79
2023-05-05 05:00:23+00:00,REAL_TIME_SCED,AZURE_BES1,Electrical Bus,20.44
2023-05-05 06:00:24+00:00,REAL_TIME_SCED,AZURE_BES1,Electrical Bus,9.74
2023-05-05 07:00:26+00:00,REAL_TIME_SCED,AZURE_BES1,Electrical Bus,7.48
2023-05-05 08:00:22+00:00,REAL_TIME_SCED,AZURE_BES1,Electrical Bus,0.55
2023-05-05 09:00:24+00:00,REAL_TIME_SCED,AZURE_BES1,Electrical Bus,8.46
2023-05-05 10:00:26+00:00,REAL_TIME_SCED,AZURE_BES1,Electrical Bus,9.48
2023-05-05 11:00:21+00:00,REAL_TIME_SCED,AZURE_BES1,Electrical Bus,20.13
2023-05-05 12:00:22+00:00,REAL_TIME_SCED,AZURE_BES1,Electrical Bus,18.43
2023-05-05 13:00:22+00:00,REAL_TIME_SCED,AZURE_BES1,Electrical Bus,20.42
2023-05-05 14:00:19+00:00,REAL_TIME_SCED,AZURE_BES1,Electrical Bus,23.1
2023-05-05 15:00:19+00:00,REAL_TIME_SCED,AZURE_BES1,Electrical Bus,34.61
2023-05-05 16:00:21+00:00,REAL_TIME_SCED,AZURE_BES1,Electrical Bus,27.57
2023-05-05 17:00:27+00:00,REAL_TIME_SCED,AZURE_BES1,Electrical Bus,24.59
2023-05-05 18:00:23+00:00,REAL_TIME_SCED,AZURE_BES1,Electrical Bus,75.61
2023-05-05 19:00:24+00:00,REAL_TIME_SCED,AZURE_BES1,Electrical Bus,37.09
2023-05-05 20:00:22+00:00,REAL_TIME_SCED,AZURE_BES1,Electrical Bus,25.04
2023-05-05 21:00:21+00:00,REAL_TIME_SCED,AZURE_BES1,Electrical Bus,14.41
2023-05-05 22:00:23+00:00,REAL_TIME_SCED,AZURE_BES1,Electrical Bus,-2.99
2023-05-05 23:00:24+00:00,REAL_TIME_SCED,AZURE_BES1,Electrical Bus,25.54
2023-05-06 00:00:24+00:00,REAL_TIME_SCED,AZURE_BES1,Electrical Bus,25.28
2023-05-06 01:00:22+00:00,REAL_TIME_SCED,AZURE_BES1,Electrical Bus,66.47
2023-05-06 02:00:23+00:00,REAL_TIME_SCED,AZURE_BES1,Electrical Bus,13.64
2023-05-06 03:00:28+00:00,REAL_TIME_SCED,AZURE_BES1,Electrical Bus,11.22
2023-05-06 04:00:21+00:00,REAL_TIME_SCED,AZURE_BES1,Electrical Bus,0.32
2023-05-06 05:00:26+00:00,REAL_TIME_SCED,AZURE_BES1,Electrical Bus,-4.52
2023-05-06 06:00:24+00:00,REAL_TIME_SCED,AZURE_BES1,Electrical Bus,2.1
2023-05-06 07:00:23+00:00,REAL_TIME_SCED,AZURE_BES1,Electrical Bus,6.05
2023-05-06 08:00:24+00:00,REAL_TIME_SCED,AZURE_BES1,Electrical Bus,-4.65
2023-05-06 09:00:23+00:00,REAL_TIME_SCED,AZURE_BES1,Electrical Bus,-6.67
2023-05-06 10:00:20+00:00,REAL_TIME_SCED,AZURE_BES1,Electrical Bus,-2.11
2023-05-06 11:00:24+00:00,REAL_TIME_SCED,AZURE_BES1,Electrical Bus,-0.57
2023-05-06 12:00:22+00:00,REAL_TIME_SCED,AZURE_BES1,Electrical Bus,-1.9
2023-05-06 13:00:22+00:00,REAL_TIME_SCED,AZURE_BES1,Electrical Bus,0
2023-05-06 14:00:18+00:00,REAL_TIME_SCED,AZURE_BES1,Electrical Bus,0
2023-05-06 15:00:22+00:00,REAL_TIME_SCED,AZURE_BES1,Electrical Bus,0.39
2023-05-06 16:00:21+00:00,REAL_TIME_SCED,AZURE_BES1,Electrical Bus,13.21
2023-05-06 17:00:23+00:00,REAL_TIME_SCED,AZURE_BES1,Electrical Bus,16.85
2023-05-06 18:00:22+00:00,REAL_TIME_SCED,AZURE_BES1,Electrical Bus,27.45
2023-05-06 19:00:21+00:00,REAL_TIME_SCED,AZURE_BES1,Electrical Bus,26.17
2023-05-06 20:00:21+00:00,REAL_TIME_SCED,AZURE_BES1,Electrical Bus,32.25
2023-05-06 21:00:22+00:00,REAL_TIME_SCED,AZURE_BES1,Electrical Bus,76.36
2023-05-06 22:00:23+00:00,REAL_TIME_SCED,AZURE_BES1,Electrical Bus,25.48
2023-05-06 23:00:23+00:00,REAL_TIME_SCED,AZURE_BES1,Electrical Bus,17.96
2023-05-07 00:00:21+00:00,REAL_TIME_SCED,AZURE_BES1,Electrical Bus,17.96
2023-05-07 01:00:24+00:00,REAL_TIME_SCED,AZURE_BES1,Electrical Bus,17.68
2023-05-07 02:00:26+00:00,REAL_TIME_SCED,AZURE_BES1,Electrical Bus,20.05
2023-05-07 03:00:25+00:00,REAL_TIME_SCED,AZURE_BES1,Electrical Bus,18.76
2023-05-07 04:00:25+00:00,REAL_TIME_SCED,AZURE_BES1,Electrical Bus,11.32
2023-05-07 05:00:26+00:00,REAL_TIME_SCED,AZURE_BES1,Electrical Bus,13.14
2023-05-07 06:00:29+00:00,REAL_TIME_SCED,AZURE_BES1,Electrical Bus,12.96
2023-05-07 07:00:25+00:00,REAL_TIME_SCED,AZURE_BES1,Electrical Bus,13.23
2023-05-07 08:00:22+00:00,REAL_TIME_SCED,AZURE_BES1,Electrical Bus,9.67
2023-05-07 09:00:22+00:00,REAL_TIME_SCED,AZURE_BES1,Electrical Bus,8.72
2023-05-07 10:00:23+00:00,REAL_TIME_SCED,AZURE_BES1,Electrical Bus,5.84
2023-05-07 11:00:28+00:00,REAL_TIME_SCED,AZURE_BES1,Electrical Bus,8.33
2023-05-07 12:00:26+00:00,REAL_TIME_SCED,AZURE_BES1,Electrical Bus,8.33
2023-05-07 13:00:24+00:00,REAL_TIME_SCED,AZURE_BES1,Electrical Bus,10.93
2023-05-07 14:00:23+00:00,REAL_TIME_SCED,AZURE_BES1,Electrical Bus,14.23
2023-05-07 15:00:19+00:00,REAL_TIME_SCED,AZURE_BES1,Electrical Bus,15.71
2023-05-07 16:00:22+00:00,REAL_TIME_SCED,AZURE_BES1,Electrical Bus,14.26
2023-05-07 17:00:23+00:00,REAL_TIME_SCED,AZURE_BES1,Electrical Bus,14.42
2023-05-07 18:00:21+00:00,REAL_TIME_SCED,AZURE_BES1,Electrical Bus,12.75
2023-05-07 19:00:21+00:00,REAL_TIME_SCED,AZURE_BES1,Electrical Bus,10.72
2023-05-07 20:00:23+00:00,REAL_TIME_SCED,AZURE_BES1,Electrical Bus,1.21
2023-05-07 21:00:22+00:00,REAL_TIME_SCED,AZURE_BES1,Electrical Bus,0.25
2023-05-07 22:00:22+00:00,REAL_TIME_SCED,AZURE_BES1,Electrical Bus,-0.47
2023-05-07 23:00:23+00:00,REAL_TIME_SCED,AZURE_BES1,Electrical Bus,0.33
2023-05-08 00:00:23+00:00,REAL_TIME_SCED,AZURE_BES1,Electrical Bus,5.83
2023-05-08 01:00:21+00:00,REAL_TIME_SCED,AZURE_BES1,Electrical Bus,15.36
2023-05-08 02:00:23+00:00,REAL_TIME_SCED,AZURE_BES1,Electrical Bus,6.26
2023-05-08 03:00:22+00:00,REAL_TIME_SCED,AZURE_BES1,Electrical Bus,6.28
2023-05-08 04:00:23+00:00,REAL_TIME_SCED,AZURE_BES1,Electrical Bus,6.73
2023-05-08 05:00:25+00:00,REAL_TIME_SCED,AZURE_BES1,Electrical Bus,7.9
2023-05-08 06:00:27+00:00,REAL_TIME_SCED,AZURE_BES1,Electrical Bus,9.75
2023-05-08 07:00:25+00:00,REAL_TIME_SCED,AZURE_BES1,Electrical Bus,4.9
2023-05-08 08:00:25+00:00,REAL_TIME_SCED,AZURE_BES1,Electrical Bus,7.56
2023-05-08 09:00:25+00:00,REAL_TIME_SCED,AZURE_BES1,Electrical Bus,7.42
2023-05-08 10:00:23+00:00,REAL_TIME_SCED,AZURE_BES1,Electrical Bus,10.37
2023-05-08 11:00:22+00:00,REAL_TIME_SCED,AZURE_BES1,Electrical Bus,9.34
2023-05-08 12:00:23+00:00,REAL_TIME_SCED,AZURE_BES1,Electrical Bus,14.18
2023-05-08 13:00:23+00:00,REAL_TIME_SCED,AZURE_BES1,Electrical Bus,14.67
2023-05-08 14:00:20+00:00,REAL_TIME_SCED,AZURE_BES1,Electrical Bus,15.68
2023-05-08 15:00:22+00:00,REAL_TIME_SCED,AZURE_BES1,Electrical Bus,14.3
2023-05-08 16:00:20+00:00,REAL_TIME_SCED,AZURE_BES1,Electrical Bus,14.61
2023-05-08 17:00:22+00:00,REAL_TIME_SCED,AZURE_BES1,Electrical Bus,18.12
2023-05-08 18:00:27+00:00,REAL_TIME_SCED,AZURE_BES1,Electrical Bus,24.78
2023-05-08 19:00:23+00:00,REAL_TIME_SCED,AZURE_BES1,Electrical Bus,50.21
2023-05-08 20:00:22+00:00,REAL_TIME_SCED,AZURE_BES1,Electrical Bus,77.8
2023-05-08 21:00:23+00:00,REAL_TIME_SCED,AZURE_BES1,Electrical Bus,25.17
2023-05-08 22:00:23+00:00,REAL_TIME_SCED,AZURE_BES1,Electrical Bus,33.28
2023-05-08 23:00:23+00:00,REAL_TIME_SCED,AZURE_BES1,Electrical Bus,26.95
2023-05-09 00:00:23+00:00,REAL_TIME_SCED,AZURE_BES1,Electrical Bus,22.94
2023-05-09 01:00:21+00:00,REAL_TIME_SCED,AZURE_BES1,Electrical Bus,27.45
2023-05-09 02:00:21+00:00,REAL_TIME_SCED,AZURE_BES1,Electrical Bus,21.21
2023-05-09 03:00:24+00:00,REAL_TIME_SCED,AZURE_BES1,Electrical Bus,15.49
2023-05-09 04:00:25+00:00,REAL_TIME_SCED,AZURE_BES1,Electrical Bus,13.99
2023-05-09 05:00:24+00:00,REAL_TIME_SCED,AZURE_BES1,Electrical Bus,12.08
2023-05-09 06:00:24+00:00,REAL_TIME_SCED,AZURE_BES1,Electrical Bus,11.34
2023-05-09 07:00:24+00:00,REAL_TIME_SCED,AZURE_BES1,Electrical Bus,6.66
2023-05-09 08:00:23+00:00,REAL_TIME_SCED,AZURE_BES1,Electrical Bus,6.66
2023-05-09 09:00:25+00:00,REAL_TIME_SCED,AZURE_BES1,Electrical Bus,12.81
2023-05-09 10:00:23+00:00,REAL_TIME_SCED,AZURE_BES1,Electrical Bus,12.29
2023-05-09 11:00:22+00:00,REAL_TIME_SCED,AZURE_BES1,Electrical Bus,14.92
2023-05-09 12:00:22+00:00,REAL_TIME_SCED,AZURE_BES1,Electrical Bus,18.43
2023-05-09 13:00:23+00:00,REAL_TIME_SCED,AZURE_BES1,Electrical Bus,20.03
2023-05-09 14:00:24+00:00,REAL_TIME_SCED,AZURE_BES1,Electrical Bus,21.28
2023-05-09 15:00:20+00:00,REAL_TIME_SCED,AZURE_BES1,Electrical Bus,22.09
2023-05-09 16:00:20+00:00,REAL_TIME_SCED,AZURE_BES1,Electrical Bus,27.03
2023-05-09 17:00:20+00:00,REAL_TIME_SCED,AZURE_BES1,Electrical Bus,22.69
2023-05-09 18:00:26+00:00,REAL_TIME_SCED,AZURE_BES1,Electrical Bus,23.48
2023-05-09 19:00:23+00:00,REAL_TIME_SCED,AZURE_BES1,Electrical Bus,17.37
2023-05-09 20:00:21+00:00,REAL_TIME_SCED,AZURE_BES1,Electrical Bus,16.71
2023-05-09 21:00:21+00:00,REAL_TIME_SCED,AZURE_BES1,Electrical Bus,18.3
2023-05-09 22:00:26+00:00,REAL_TIME_SCED,AZURE_BES1,Electrical Bus,15.14
2023-05-09 23:00:24+00:00,REAL_TIME_SCED,AZURE_BES1,Electrical Bus,7.23
2023-05-10 00:00:23+00:00,REAL_TIME_SCED,AZURE_BES1,Electrical Bus,8.26
2023-05-10 01:00:25+00:00,REAL_TIME_SCED,AZURE_BES1,Electrical Bus,19.23
2023-05-10 02:00:24+00:00,REAL_TIME_SCED,AZURE_BES1,Electrical Bus,17.99
2023-05-10 03:00:24+00:00,REAL_TIME_SCED,AZURE_BES1,Electrical Bus,14.86
2023-05-10 04:00:25+00:00,REAL_TIME_SCED,AZURE_BES1,Electrical Bus,13.93
2023-05-10 05:00:46+00:00,REAL_TIME_SCED,AZURE_BES1,Electrical Bus,12.25
2023-05-10 06:00:22+00:00,REAL_TIME_SCED,AZURE_BES1,Electrical Bus,10.2
2023-05-10 07:00:25+00:00,REAL_TIME_SCED,AZURE_BES1,Electrical Bus,13.39
2023-05-10 08:00:23+00:00,REAL_TIME_SCED,AZURE_BES1,Electrical Bus,17.95
2023-05-10 09:00:30+00:00,REAL_TIME_SCED,AZURE_BES1,Electrical Bus,21.38
2023-05-10 10:00:20+00:00,REAL_TIME_SCED,AZURE_BES1,Electrical Bus,35
2023-05-10 11:00:20+00:00,REAL_TIME_SCED,AZURE_BES1,Electrical Bus,23.67
2023-05-10 12:00:20+00:00,REAL_TIME_SCED,AZURE_BES1,Electrical Bus,25.06
2023-05-10 13:00:24+00:00,REAL_TIME_SCED,AZURE_BES1,Electrical Bus,22.85
2023-05-10 14:00:19+00:00,REAL_TIME_SCED,AZURE_BES1,Electrical Bus,22.6
2023-05-10 15:00:22+00:00,REAL_TIME_SCED,AZURE_BES1,Electrical Bus,19.73
2023-05-10 16:00:23+00:00,REAL_TIME_SCED,AZURE_BES1,Electrical Bus,16.63
2023-05-10 17:00:25+00:00,REAL_TIME_SCED,AZURE_BES1,Electrical Bus,16.45
2023-05-10 18:00:26+00:00,REAL_TIME_SCED,AZURE_BES1,Electrical Bus,15
2023-05-10 19:00:24+00:00,REAL_TIME_SCED,AZURE_BES1,Electrical Bus,12.02
2023-05-10 20:00:21+00:00,REAL_TIME_SCED,AZURE_BES1,Electrical Bus,11.43
2023-05-10 21:00:21+00:00,REAL_TIME_SCED,AZURE_BES1,Electrical Bus,11.59
2023-05-10 22:00:20+00:00,REAL_TIME_SCED,AZURE_BES1,Electrical Bus,10.24
2023-05-10 23:00:25+00:00,REAL_TIME_SCED,AZURE_BES1,Electrical Bus,8.63
2023-05-11 00:00:23+00:00,REAL_TIME_SCED,AZURE_BES1,Electrical Bus,4.05
2023-05-11 01:00:22+00:00,REAL_TIME_SCED,AZURE_BES1,Electrical Bus,17.98
2023-05-11 02:00:23+00:00,REAL_TIME_SCED,AZURE_BES1,Electrical Bus,17.43
2023-05-11 03:00:30+00:00,REAL_TIME_SCED,AZURE_BES1,Electrical Bus,11.16
2023-05-11 04:00:23+00:00,REAL_TIME_SCED,AZURE_BES1,Electrical Bus,12.1
2023-05-11 05:00:25+00:00,REAL_TIME_SCED,AZURE_BES1,Electrical Bus,10.53
2023-05-11 06:00:24+00:00,REAL_TIME_SCED,AZURE_BES1,Electrical Bus,8.03
2023-05-11 07:00:24+00:00,REAL_TIME_SCED,AZURE_BES1,Electrical Bus,10.19
2023-05-11 08:00:23+00:00,REAL_TIME_SCED,AZURE_BES1,Electrical Bus,11.58
2023-05-11 09:00:20+00:00,REAL_TIME_SCED,AZURE_BES1,Electrical Bus,19.84
2023-05-11 10:00:24+00:00,REAL_TIME_SCED,AZURE_BES1,Electrical Bus,20.64
2023-05-11 11:00:21+00:00,REAL_TIME_SCED,AZURE_BES1,Electrical Bus,22.49
2023-05-11 12:00:21+00:00,REAL_TIME_SCED,AZURE_BES1,Electrical Bus,21.63
2023-05-11 13:00:23+00:00,REAL_TIME_SCED,AZURE_BES1,Electrical Bus,16.32
2023-05-11 14:00:23+00:00,REAL_TIME_SCED,AZURE_BES1,Electrical Bus,13.05
2023-05-11 15:00:22+00:00,REAL_TIME_SCED,AZURE_BES1,Electrical Bus,18.16
2023-05-11 16:00:19+00:00,REAL_TIME_SCED,AZURE_BES1,Electrical Bus,17.98
2023-05-11 17:00:22+00:00,REAL_TIME_SCED,AZURE_BES1,Electrical Bus,7.25
2023-05-11 18:00:25+00:00,REAL_TIME_SCED,AZURE_BES1,Electrical Bus,6.97
2023-05-11 19:00:23+00:00,REAL_TIME_SCED,AZURE_BES1,Electrical Bus,11.7
2023-05-11 20:00:23+00:00,REAL_TIME_SCED,AZURE_BES1,Electrical Bus,9.76
2023-05-11 21:00:22+00:00,REAL_TIME_SCED,AZURE_BES1,Electrical Bus,9.68
2023-05-11 22:00:24+00:00,REAL_TIME_SCED,AZURE_BES1,Electrical Bus,11.24
2023-05-11 23:00:24+00:00,REAL_TIME_SCED,AZURE_BES1,Electrical Bus,17.81
2023-05-12 00:00:22+00:00,REAL_TIME_SCED,AZURE_BES1,Electrical Bus,26.53
2023-05-12 01:00:19+00:00,REAL_TIME_SCED,AZURE_BES1,Electrical Bus,68.22
2023-05-12 02:00:18+00:00,REAL_TIME_SCED,AZURE_BES1,Electrical Bus,200.98
2023-05-12 03:00:19+00:00,REAL_TIME_SCED,AZURE_BES1,Electrical Bus,62.49
2023-05-12 04:00:22+00:00,REAL_TIME_SCED,AZURE_BES1,Electrical Bus,42.19
2023-05-12 05:00:24+00:00,REAL_TIME_SCED,AZURE_BES1,Electrical Bus,21.24
2023-05-12 06:00:20+00:00,REAL_TIME_SCED,AZURE_BES1,Electrical Bus,20.34
2023-05-12 07:00:20+00:00,REAL_TIME_SCED,AZURE_BES1,Electrical Bus,18.91
2023-05-12 08:00:20+00:00,REAL_TIME_SCED,AZURE_BES1,Electrical Bus,17.37
2023-05-12 09:00:23+00:00,REAL_TIME_SCED,AZURE_BES1,Electrical Bus,21.69
2023-05-12 10:00:22+00:00,REAL_TIME_SCED,AZURE_BES1,Electrical Bus,20.64
2023-05-12 11:00:21+00:00,REAL_TIME_SCED,AZURE_BES1,Electrical Bus,23.8
2023-05-12 12:00:22+00:00,REAL_TIME_SCED,AZURE_BES1,Electrical Bus,73.55
2023-05-12 13:00:23+00:00,REAL_TIME_SCED,AZURE_BES1,Electrical Bus,23.67
2023-05-12 14:00:23+00:00,REAL_TIME_SCED,AZURE_BES1,Electrical Bus,20.34
2023-05-12 15:00:21+00:00,REAL_TIME_SCED,AZURE_BES1,Electrical Bus,20.7
2023-05-12 16:00:22+00:00,REAL_TIME_SCED,AZURE_BES1,Electrical Bus,19.98
2023-05-12 17:00:24+00:00,REAL_TIME_SCED,AZURE_BES1,Electrical Bus,23.4
2023-05-12 18:00:23+00:00,REAL_TIME_SCED,AZURE_BES1,Electrical Bus,76.18
2023-05-12 19:00:27+00:00,REAL_TIME_SCED,AZURE_BES1,Electrical Bus,27.14
2023-05-12 20:00:33+00:00,REAL_TIME_SCED,AZURE_BES1,Electrical Bus,35.05
2023-05-12 21:00:26+00:00,REAL_TIME_SCED,AZURE_BES1,Electrical Bus,25.55
2023-05-12 22:00:26+00:00,REAL_TIME_SCED,AZURE_BES1,Electrical Bus,27.53
2023-05-12 23:00:28+00:00,REAL_TIME_SCED,AZURE_BES1,Electrical Bus,21.84
2023-05-13 00:00:22+00:00,REAL_TIME_SCED,AZURE_BES1,Electrical Bus,20.04
2023-05-13 01:00:26+00:00,REAL_TIME_SCED,AZURE_BES1,Electrical Bus,18.53
2023-05-13 02:00:22+00:00,REAL_TIME_SCED,AZURE_BES1,Electrical Bus,20.21
2023-05-13 03:00:23+00:00,REAL_TIME_SCED,AZURE_BES1,Electrical Bus,30.24
2023-05-13 04:00:22+00:00,REAL_TIME_SCED,AZURE_BES1,Electrical Bus,18.67
2023-05-13 05:00:30+00:00,REAL_TIME_SCED,AZURE_BES1,Electrical Bus,19.58
2023-05-13 06:00:22+00:00,REAL_TIME_SCED,AZURE_BES1,Electrical Bus,20.35
2023-05-13 07:00:24+00:00,REAL_TIME_SCED,AZURE_BES1,Electrical Bus,26.09
2023-05-13 08:00:21+00:00,REAL_TIME_SCED,AZURE_BES1,Electrical Bus,22.39
2023-05-13 09:00:25+00:00,REAL_TIME_SCED,AZURE_BES1,Electrical Bus,33.23
2023-05-13 10:00:22+00:00,REAL_TIME_SCED,AZURE_BES1,Electrical Bus,20.33
2023-05-13 11:00:24+00:00,REAL_TIME_SCED,AZURE_BES1,Electrical Bus,22.11
2023-05-13 12:00:27+00:00,REAL_TIME_SCED,AZURE_BES1,Electrical Bus,20.5
2023-05-13 13:00:24+00:00,REAL_TIME_SCED,AZURE_BES1,Electrical Bus,20.5
2023-05-13 14:00:22+00:00,REAL_TIME_SCED,AZURE_BES1,Electrical Bus,20.8
2023-05-13 15:00:20+00:00,REAL_TIME_SCED,AZURE_BES1,Electrical Bus,19.66
2023-05-13 16:00:22+00:00,REAL_TIME_SCED,AZURE_BES1,Electrical Bus,17.54
2023-05-13 17:00:24+00:00,REAL_TIME_SCED,AZURE_BES1,Electrical Bus,18.42
2023-05-13 18:00:26+00:00,REAL_TIME_SCED,AZURE_BES1,Electrical Bus,18.79
2023-05-13 19:00:16+00:00,REAL_TIME_SCED,AZURE_BES1,Electrical Bus,19.72
2023-05-13 20:00:22+00:00,REAL_TIME_SCED,AZURE_BES1,Electrical Bus,23.45
2023-05-13 21:00:21+00:00,REAL_TIME_SCED,AZURE_BES1,Electrical Bus,21.53
2023-05-13 22:00:16+00:00,REAL_TIME_SCED,AZURE_BES1,Electrical Bus,23.55
2023-05-13 23:00:14+00:00,REAL_TIME_SCED,AZURE_BES1,Electrical Bus,21.33
2023-05-14 00:00:14+00:00,REAL_TIME_SCED,AZURE_BES1,Electrical Bus,22.32
2023-05-14 01:00:15+00:00,REAL_TIME_SCED,AZURE_BES1,Electrical Bus,34.57
2023-05-14 02:00:25+00:00,REAL_TIME_SCED,AZURE_BES1,Electrical Bus,30.47
2023-05-14 03:00:16+00:00,REAL_TIME_SCED,AZURE_BES1,Electrical Bus,22.71
2023-05-14 04:00:15+00:00,REAL_TIME_SCED,AZURE_BES1,Electrical Bus,23.11
2023-05-14 05:00:17+00:00,REAL_TIME_SCED,AZURE_BES1,Electrical Bus,21.95
2023-05-14 06:00:22+00:00,REAL_TIME_SCED,AZURE_BES1,Electrical Bus,21.53
2023-05-14 07:00:17+00:00,REAL_TIME_SCED,AZURE_BES1,Electrical Bus,22.7
2023-05-14 08:00:14+00:00,REAL_TIME_SCED,AZURE_BES1,Electrical Bus,21.82
2023-05-14 09:00:15+00:00,REAL_TIME_SCED,AZURE_BES1,Electrical Bus,21.39
2023-05-14 10:00:20+00:00,REAL_TIME_SCED,AZURE_BES1,Electrical Bus,21.88
2023-05-14 11:00:20+00:00,REAL_TIME_SCED,AZURE_BES1,Electrical Bus,21.37
2023-05-14 12:00:24+00:00,REAL_TIME_SCED,AZURE_BES1,Electrical Bus,20.42
2023-05-14 13:00:24+00:00,REAL_TIME_SCED,AZURE_BES1,Electrical Bus,20.44
2023-05-14 14:00:21+00:00,REAL_TIME_SCED,AZURE_BES1,Electrical Bus,19.77
2023-05-14 15:00:19+00:00,REAL_TIME_SCED,AZURE_BES1,Electrical Bus,22.42
2023-05-14 16:00:19+00:00,REAL_TIME_SCED,AZURE_BES1,Electrical Bus,22.48
2023-05-14 17:00:13+00:00,REAL_TIME_SCED,AZURE_BES1,Electrical Bus,19.24
2023-05-14 18:00:16+00:00,REAL_TIME_SCED,AZURE_BES1,Electrical Bus,21.67
2023-05-14 19:00:14+00:00,REAL_TIME_SCED,AZURE_BES1,Electrical Bus,20.72
2023-05-14 20:00:16+00:00,REAL_TIME_SCED,AZURE_BES1,Electrical Bus,22.58
2023-05-14 21:00:15+00:00,REAL_TIME_SCED,AZURE_BES1,Electrical Bus,21.54
2023-05-14 22:00:15+00:00,REAL_TIME_SCED,AZURE_BES1,Electrical Bus,22.45
2023-05-14 23:00:16+00:00,REAL_TIME_SCED,AZURE_BES1,Electrical Bus,21.79
2023-05-15 00:00:19+00:00,REAL_TIME_SCED,AZURE_BES1,Electrical Bus,23.25
2023-05-15 01:00:14+00:00,REAL_TIME_SCED,AZURE_BES1,Electrical Bus,75
2023-05-15 02:00:20+00:00,REAL_TIME_SCED,AZURE_BES1,Electrical Bus,75
2023-05-15 03:00:21+00:00,REAL_TIME_SCED,AZURE_BES1,Electrical Bus,34.28
2023-05-15 04:00:19+00:00,REAL_TIME_SCED,AZURE_BES1,Electrical Bus,23.73
2023-05-15 05:00:22+00:00,REAL_TIME_SCED,AZURE_BES1,Electrical Bus,26.48
2023-05-15 06:00:22+00:00,REAL_TIME_SCED,AZURE_BES1,Electrical Bus,21.59
2023-05-15 07:00:20+00:00,REAL_TIME_SCED,AZURE_BES1,Electrical Bus,21.87
2023-05-15 08:00:20+00:00,REAL_TIME_SCED,AZURE_BES1,Electrical Bus,20.53
2023-05-15 09:00:22+00:00,REAL_TIME_SCED,AZURE_BES1,Electrical Bus,20.69
2023-05-15 10:00:23+00:00,REAL_TIME_SCED,AZURE_BES1,Electrical Bus,21.5
2023-05-15 11:00:21+00:00,REAL_TIME_SCED,AZURE_BES1,Electrical Bus,23.48
2023-05-15 12:00:23+00:00,REAL_TIME_SCED,AZURE_BES1,Electrical Bus,24.48
2023-05-15 13:00:23+00:00,REAL_TIME_SCED,AZURE_BES1,Electrical Bus,20.38
2023-05-15 14:00:20+00:00,REAL_TIME_SCED,AZURE_BES1,Electrical Bus,20.76
2023-05-15 15:00:20+00:00,REAL_TIME_SCED,AZURE_BES1,Electrical Bus,21.39
2023-05-15 16:00:22+00:00,REAL_TIME_SCED,AZURE_BES1,Electrical Bus,22.85
2023-05-15 17:00:15+00:00,REAL_TIME_SCED,AZURE_BES1,Electrical Bus,22.19
2023-05-15 18:00:18+00:00,REAL_TIME_SCED,AZURE_BES1,Electrical Bus,23.48
2023-05-15 19:00:20+00:00,REAL_TIME_SCED,AZURE_BES1,Electrical Bus,22.86
2023-05-15 20:00:23+00:00,REAL_TIME_SCED,AZURE_BES1,Electrical Bus,21.55
2023-05-15 21:00:22+00:00,REAL_TIME_SCED,AZURE_BES1,Electrical Bus,21.89
2023-05-15 22:00:19+00:00,REAL_TIME_SCED,AZURE_BES1,Electrical Bus,30.48
2023-05-15 23:00:25+00:00,REAL_TIME_SCED,AZURE_BES1,Electrical Bus,23.51
2023-05-16 00:00:16+00:00,REAL_TIME_SCED,AZURE_BES1,Electrical Bus,40.03
2023-05-16 01:00:23+00:00,REAL_TIME_SCED,AZURE_BES1,Electrical Bus,73.8
2023-05-16 02:00:21+00:00,REAL_TIME_SCED,AZURE_BES1,Electrical Bus,63.94
2023-05-16 03:00:21+00:00,REAL_TIME_SCED,AZURE_BES1,Electrical Bus,40.04
2023-05-16 04:00:20+00:00,REAL_TIME_SCED,AZURE_BES1,Electrical Bus,23.49
2023-05-16 05:00:23+00:00,REAL_TIME_SCED,AZURE_BES1,Electrical Bus,23.8
2023-05-16 06:00:21+00:00,REAL_TIME_SCED,AZURE_BES1,Electrical Bus,22
2023-05-16 07:00:22+00:00,REAL_TIME_SCED,AZURE_BES1,Electrical Bus,21.53
2023-05-16 08:00:25+00:00,REAL_TIME_SCED,AZURE_BES1,Electrical Bus,20.51
2023-05-16 09:00:26+00:00,REAL_TIME_SCED,AZURE_BES1,Electrical Bus,20.48
2023-05-16 10:00:23+00:00,REAL_TIME_SCED,AZURE_BES1,Electrical Bus,21.53
2023-05-16 11:00:21+00:00,REAL_TIME_SCED,AZURE_BES1,Electrical Bus,23.02
2023-05-16 12:00:22+00:00,REAL_TIME_SCED,AZURE_BES1,Electrical Bus,25.71
2023-05-16 13:00:19+00:00,REAL_TIME_SCED,AZURE_BES1,Electrical Bus,23.19
2023-05-16 14:00:15+00:00,REAL_TIME_SCED,AZURE_BES1,Electrical Bus,20.8
2023-05-16 15:00:14+00:00,REAL_TIME_SCED,AZURE_BES1,Electrical Bus,21.41
2023-05-16 16:00:20+00:00,REAL_TIME_SCED,AZURE_BES1,Electrical Bus,24.3
2023-05-16 17:00:14+00:00,REAL_TIME_SCED,AZURE_BES1,Electrical Bus,24.76
2023-05-16 18:00:26+00:00,REAL_TIME_SCED,AZURE_BES1,Electrical Bus,31.03
2023-05-16 19:00:23+00:00,REAL_TIME_SCED,AZURE_BES1,Electrical Bus,75.03
2023-05-16 20:00:24+00:00,REAL_TIME_SCED,AZURE_BES1,Electrical Bus,30.48
2023-05-16 21:00:20+00:00,REAL_TIME_SCED,AZURE_BES1,Electrical Bus,24.19
2023-05-16 22:00:22+00:00,REAL_TIME_SCED,AZURE_BES1,Electrical Bus,23.18
2023-05-16 23:00:20+00:00,REAL_TIME_SCED,AZURE_BES1,Electrical Bus,22.95
2023-05-17 00:00:22+00:00,REAL_TIME_SCED,AZURE_BES1,Electrical Bus,22.27
2023-05-17 01:00:23+00:00,REAL_TIME_SCED,AZURE_BES1,Electrical Bus,30.34
2023-05-17 02:00:22+00:00,REAL_TIME_SCED,AZURE_BES1,Electrical Bus,29.74
2023-05-17 03:00:27+00:00,REAL_TIME_SCED,AZURE_BES1,Electrical Bus,23.69
2023-05-17 04:00:22+00:00,REAL_TIME_SCED,AZURE_BES1,Electrical Bus,21.35
2023-05-17 05:00:48+00:00,REAL_TIME_SCED,AZURE_BES1,Electrical Bus,20.2
2023-05-17 06:00:24+00:00,REAL_TIME_SCED,AZURE_BES1,Electrical Bus,19.4
2023-05-17 07:00:22+00:00,REAL_TIME_SCED,AZURE_BES1,Electrical Bus,19.11
2023-05-17 08:00:22+00:00,REAL_TIME_SCED,AZURE_BES1,Electrical Bus,19.23
2023-05-17 09:00:23+00:00,REAL_TIME_SCED,AZURE_BES1,Electrical Bus,19.49
2023-05-17 10:00:23+00:00,REAL_TIME_SCED,AZURE_BES1,Electrical Bus,21.43
2023-05-17 11:00:21+00:00,REAL_TIME_SCED,AZURE_BES1,Electrical Bus,23.1
2023-05-17 12:00:22+00:00,REAL_TIME_SCED,AZURE_BES1,Electrical Bus,25.28
2023-05-17 13:00:22+00:00,REAL_TIME_SCED,AZURE_BES1,Electrical Bus,20.35
2023-05-17 14:00:16+00:00,REAL_TIME_SCED,AZURE_BES1,Electrical Bus,18.29
2023-05-17 15:00:23+00:00,REAL_TIME_SCED,AZURE_BES1,Electrical Bus,19.9
2023-05-17 16:00:20+00:00,REAL_TIME_SCED,AZURE_BES1,Electrical Bus,21.72
2023-05-17 17:00:20+00:00,REAL_TIME_SCED,AZURE_BES1,Electrical Bus,23.08
2023-05-17 18:00:20+00:00,REAL_TIME_SCED,AZURE_BES1,Electrical Bus,25.28
2023-05-17 19:00:21+00:00,REAL_TIME_SCED,AZURE_BES1,Electrical Bus,27.45
2023-05-17 20:00:22+00:00,REAL_TIME_SCED,AZURE_BES1,Electrical Bus,24.47
2023-05-17 21:00:23+00:00,REAL_TIME_SCED,AZURE_BES1,Electrical Bus,30.47
2023-05-17 22:00:22+00:00,REAL_TIME_SCED,AZURE_BES1,Electrical Bus,24.72
2023-05-17 23:00:23+00:00,REAL_TIME_SCED,AZURE_BES1,Electrical Bus,23.02
2023-05-18 00:00:20+00:00,REAL_TIME_SCED,AZURE_BES1,Electrical Bus,22.95
2023-05-18 01:00:21+00:00,REAL_TIME_SCED,AZURE_BES1,Electrical Bus,24.04
2023-05-18 02:00:21+00:00,REAL_TIME_SCED,AZURE_BES1,Electrical Bus,22.72
2023-05-18 03:00:24+00:00,REAL_TIME_SCED,AZURE_BES1,Electrical Bus,19.09
2023-05-18 04:00:21+00:00,REAL_TIME_SCED,AZURE_BES1,Electrical Bus,19.94
2023-05-18 05:00:25+00:00,REAL_TIME_SCED,AZURE_BES1,Electrical Bus,22
2023-05-18 06:00:22+00:00,REAL_TIME_SCED,AZURE_BES1,Electrical Bus,20.28
2023-05-18 07:00:23+00:00,REAL_TIME_SCED,AZURE_BES1,Electrical Bus,19.53
2023-05-18 08:00:17+00:00,REAL_TIME_SCED,AZURE_BES1,Electrical Bus,16.13
2023-05-18 09:00:17+00:00,REAL_TIME_SCED,AZURE_BES1,Electrical Bus,18.25
2023-05-18 10:00:16+00:00,REAL_TIME_SCED,AZURE_BES1,Electrical Bus,20.13
2023-05-18 11:00:16+00:00,REAL_TIME_SCED,AZURE_BES1,Electrical Bus,23.94
2023-05-18 12:00:16+00:00,REAL_TIME_SCED,AZURE_BES1,Electrical Bus,24.58
2023-05-18 13:00:14+00:00,REAL_TIME_SCED,AZURE_BES1,Electrical Bus,22.84
2023-05-18 14:00:20+00:00,REAL_TIME_SCED,AZURE_BES1,Electrical Bus,24.12
2023-05-18 15:00:21+00:00,REAL_TIME_SCED,AZURE_BES1,Electrical Bus,24.13
2023-05-18 16:00:22+00:00,REAL_TIME_SCED,AZURE_BES1,Electrical Bus,35
2023-05-18 17:00:20+00:00,REAL_TIME_SCED,AZURE_BES1,Electrical Bus,35.82
2023-05-18 18:00:22+00:00,REAL_TIME_SCED,AZURE_BES1,Electrical Bus,55.46
2023-05-18 19:00:22+00:00,REAL_TIME_SCED,AZURE_BES1,Electrical Bus,60.15
2023-05-18 20:00:21+00:00,REAL_TIME_SCED,AZURE_BES1,Electrical Bus,47.73
2023-05-18 21:00:24+00:00,REAL_TIME_SCED,AZURE_BES1,Electrical Bus,30.34
2023-05-18 22:00:22+00:00,REAL_TIME_SCED,AZURE_BES1,Electrical Bus,26.4
2023-05-18 23:00:21+00:00,REAL_TIME_SCED,AZURE_BES1,Electrical Bus,25.34
2023-05-19 00:00:22+00:00,REAL_TIME_SCED,AZURE_BES1,Electrical Bus,20.77
2023-05-19 01:00:22+00:00,REAL_TIME_SCED,AZURE_BES1,Electrical Bus,21.58
2023-05-19 02:00:19+00:00,REAL_TIME_SCED,AZURE_BES1,Electrical Bus,23.01
2023-05-19 03:00:23+00:00,REAL_TIME_SCED,AZURE_BES1,Electrical Bus,20.69
2023-05-19 04:00:23+00:00,REAL_TIME_SCED,AZURE_BES1,Electrical Bus,21.31
2023-05-19 05:00:24+00:00,REAL_TIME_SCED,AZURE_BES1,Electrical Bus,19
2023-05-19 06:00:22+00:00,REAL_TIME_SCED,AZURE_BES1,Electrical Bus,17.16
2023-05-19 07:00:23+00:00,REAL_TIME_SCED,AZURE_BES1,Electrical Bus,15.95
2023-05-19 08:00:21+00:00,REAL_TIME_SCED,AZURE_BES1,Electrical Bus,14.59
2023-05-19 09:00:23+00:00,REAL_TIME_SCED,AZURE_BES1,Electrical Bus,14.79
2023-05-19 10:00:21+00:00,REAL_TIME_SCED,AZURE_BES1,Electrical Bus,19.75
2023-05-19 11:00:22+00:00,REAL_TIME_SCED,AZURE_BES1,Electrical Bus,23.43
2023-05-19 12:00:22+00:00,REAL_TIME_SCED,AZURE_BES1,Electrical Bus,77.26
2023-05-19 13:00:25+00:00,REAL_TIME_SCED,AZURE_BES1,Electrical Bus,26.27
2023-05-19 14:00:23+00:00,REAL_TIME_SCED,AZURE_BES1,Electrical Bus,40.05
2023-05-19 15:00:22+00:00,REAL_TIME_SCED,AZURE_BES1,Electrical Bus,26.35
2023-05-19 16:00:23+00:00,REAL_TIME_SCED,AZURE_BES1,Electrical Bus,32.16
2023-05-19 17:00:22+00:00,REAL_TIME_SCED,AZURE_BES1,Electrical Bus,22.88
2023-05-19 18:00:24+00:00,REAL_TIME_SCED,AZURE_BES1,Electrical Bus,29.62
2023-05-19 19:00:24+00:00,REAL_TIME_SCED,AZURE_BES1,Electrical Bus,43.97
2023-05-19 20:00:24+00:00,REAL_TIME_SCED,AZURE_BES1,Electrical Bus,75
2023-05-19 21:00:23+00:00,REAL_TIME_SCED,AZURE_BES1,Electrical Bus,30.08
2023-05-19 22:00:21+00:00,REAL_TIME_SCED,AZURE_BES1,Electrical Bus,35.22
2023-05-19 23:00:23+00:00,REAL_TIME_SCED,AZURE_BES1,Electrical Bus,13.34
2023-05-20 00:00:25+00:00,REAL_TIME_SCED,AZURE_BES1,Electrical Bus,15.14
2023-05-20 01:00:27+00:00,REAL_TIME_SCED,AZURE_BES1,Electrical Bus,14.82
2023-05-20 02:00:25+00:00,REAL_TIME_SCED,AZURE_BES1,Electrical Bus,14.09
2023-05-20 03:00:29+00:00,REAL_TIME_SCED,AZURE_BES1,Electrical Bus,19.14
2023-05-20 04:00:27+00:00,REAL_TIME_SCED,AZURE_BES1,Electrical Bus,19.8
2023-05-20 05:00:31+00:00,REAL_TIME_SCED,AZURE_BES1,Electrical Bus,14.13
2023-05-20 06:00:26+00:00,REAL_TIME_SCED,AZURE_BES1,Electrical Bus,17.18
2023-05-20 07:00:23+00:00,REAL_TIME_SCED,AZURE_BES1,Electrical Bus,19.04
2023-05-20 08:00:15+00:00,REAL_TIME_SCED,AZURE_BES1,Electrical Bus,17.31
2023-05-20 09:00:16+00:00,REAL_TIME_SCED,AZURE_BES1,Electrical Bus,18.1
2023-05-20 10:00:15+00:00,REAL_TIME_SCED,AZURE_BES1,Electrical Bus,18.83
2023-05-20 11:00:16+00:00,REAL_TIME_SCED,AZURE_BES1,Electrical Bus,18.8
2023-05-20 12:00:16+00:00,REAL_TIME_SCED,AZURE_BES1,Electrical Bus,19.52
2023-05-20 13:00:15+00:00,REAL_TIME_SCED,AZURE_BES1,Electrical Bus,22.41
2023-05-20 14:00:15+00:00,REAL_TIME_SCED,AZURE_BES1,Electrical Bus,24.62
2023-05-20 15:00:16+00:00,REAL_TIME_SCED,AZURE_BES1,Electrical Bus,19.3
2023-05-20 16:00:15+00:00,REAL_TIME_SCED,AZURE_BES1,Electrical Bus,18.45
2023-05-20 17:00:15+00:00,REAL_TIME_SCED,AZURE_BES1,Electrical Bus,18.72
2023-05-20 18:00:22+00:00,REAL_TIME_SCED,AZURE_BES1,Electrical Bus,21.26
2023-05-20 19:00:22+00:00,REAL_TIME_SCED,AZURE_BES1,Electrical Bus,24.23
2023-05-20 20:00:19+00:00,REAL_TIME_SCED,AZURE_BES1,Electrical Bus,75
2023-05-20 21:00:21+00:00,REAL_TIME_SCED,AZURE_BES1,Electrical Bus,65.73
2023-05-20 22:00:24+00:00,REAL_TIME_SCED,AZURE_BES1,Electrical Bus,26.51
2023-05-20 23:00:23+00:00,REAL_TIME_SCED,AZURE_BES1,Electrical Bus,69.17
2023-05-21 00:00:20+00:00,REAL_TIME_SCED,AZURE_BES1,Electrical Bus,56.49
2023-05-21 01:00:24+00:00,REAL_TIME_SCED,AZURE_BES1,Electrical Bus,43.01
2023-05-21 02:00:22+00:00,REAL_TIME_SCED,AZURE_BES1,Electrical Bus,39.94
2023-05-21 03:00:22+00:00,REAL_TIME_SCED,AZURE_BES1,Electrical Bus,29.88
2023-05-21 04:00:23+00:00,REAL_TIME_SCED,AZURE_BES1,Electrical Bus,26.57
2023-05-21 05:00:26+00:00,REAL_TIME_SCED,AZURE_BES1,Electrical Bus,28.67
2023-05-21 06:00:22+00:00,REAL_TIME_SCED,AZURE_BES1,Electrical Bus,75
2023-05-21 07:00:22+00:00,REAL_TIME_SCED,AZURE_BES1,Electrical Bus,40.01
2023-05-21 08:00:23+00:00,REAL_TIME_SCED,AZURE_BES1,Electrical Bus,30.04
2023-05-21 09:00:27+00:00,REAL_TIME_SCED,AZURE_BES1,Electrical Bus,20.72
2023-05-21 10:00:25+00:00,REAL_TIME_SCED,AZURE_BES1,Electrical Bus,22.9
2023-05-21 11:00:28+00:00,REAL_TIME_SCED,AZURE_BES1,Electrical Bus,22.97
2023-05-21 12:00:23+00:00,REAL_TIME_SCED,AZURE_BES1,Electrical Bus,22.22
2023-05-21 13:00:21+00:00,REAL_TIME_SCED,AZURE_BES1,Electrical Bus,24.08
2023-05-21 14:00:13+00:00,REAL_TIME_SCED,AZURE_BES1,Electrical Bus,40.08
2023-05-21 15:00:14+00:00,REAL_TIME_SCED,AZURE_BES1,Electrical Bus,26.87
2023-05-21 16:00:14+00:00,REAL_TIME_SCED,AZURE_BES1,Electrical Bus,22.57
2023-05-21 17:00:16+00:00,REAL_TIME_SCED,AZURE_BES1,Electrical Bus,22.23
2023-05-21 18:00:17+00:00,REAL_TIME_SCED,AZURE_BES1,Electrical Bus,22.86
2023-05-21 19:00:17+00:00,REAL_TIME_SCED,AZURE_BES1,Electrical Bus,21.82
2023-05-21 20:00:15+00:00,REAL_TIME_SCED,AZURE_BES1,Electrical Bus,21.74
2023-05-21 21:00:17+00:00,REAL_TIME_SCED,AZURE_BES1,Electrical Bus,23.05
2023-05-21 22:00:14+00:00,REAL_TIME_SCED,AZURE_BES1,Electrical Bus,21.74
2023-05-21 23:00:15+00:00,REAL_TIME_SCED,AZURE_BES1,Electrical Bus,21.94
2023-05-22 00:00:16+00:00,REAL_TIME_SCED,AZURE_BES1,Electrical Bus,23.64
2023-05-22 01:00:18+00:00,REAL_TIME_SCED,AZURE_BES1,Electrical Bus,25.46
2023-05-22 02:00:15+00:00,REAL_TIME_SCED,AZURE_BES1,Electrical Bus,24.68
2023-05-22 03:00:15+00:00,REAL_TIME_SCED,AZURE_BES1,Electrical Bus,23.22
2023-05-22 04:00:15+00:00,REAL_TIME_SCED,AZURE_BES1,Electrical Bus,21.56
2023-05-22 05:00:17+00:00,REAL_TIME_SCED,AZURE_BES1,Electrical Bus,19.18
2023-05-22 06:00:14+00:00,REAL_TIME_SCED,AZURE_BES1,Electrical Bus,20.31
2023-05-22 07:00:17+00:00,REAL_TIME_SCED,AZURE_BES1,Electrical Bus,19.84
2023-05-22 08:00:16+00:00,REAL_TIME_SCED,AZURE_BES1,Electrical Bus,19.27
2023-05-22 09:00:17+00:00,REAL_TIME_SCED,AZURE_BES1,Electrical Bus,21.89
2023-05-22 10:00:14+00:00,REAL_TIME_SCED,AZURE_BES1,Electrical Bus,30.47
2023-05-22 11:00:21+00:00,REAL_TIME_SCED,AZURE_BES1,Electrical Bus,24.62
2023-05-22 12:00:22+00:00,REAL_TIME_SCED,AZURE_BES1,Electrical Bus,22.21
2023-05-22 13:00:25+00:00,REAL_TIME_SCED,AZURE_BES1,Electrical Bus,23.45
2023-05-22 14:00:20+00:00,REAL_TIME_SCED,AZURE_BES1,Electrical Bus,18.99
2023-05-22 15:00:21+00:00,REAL_TIME_SCED,AZURE_BES1,Electrical Bus,20.46
2023-05-22 16:00:25+00:00,REAL_TIME_SCED,AZURE_BES1,Electrical Bus,22.63
2023-05-22 17:00:21+00:00,REAL_TIME_SCED,AZURE_BES1,Electrical Bus,24.62
2023-05-22 18:00:21+00:00,REAL_TIME_SCED,AZURE_BES1,Electrical Bus,25.64
2023-05-22 19:00:21+00:00,REAL_TIME_SCED,AZURE_BES1,Electrical Bus,26.52
2023-05-22 20:00:20+00:00,REAL_TIME_SCED,AZURE_BES1,Electrical Bus,26.45
2023-05-22 21:00:23+00:00,REAL_TIME_SCED,AZURE_BES1,Electrical Bus,26.94
2023-05-22 22:00:25+00:00,REAL_TIME_SCED,AZURE_BES1,Electrical Bus,26.91
2023-05-22 23:00:24+00:00,REAL_TIME_SCED,AZURE_BES1,Electrical Bus,23.79
2023-05-23 00:00:23+00:00,REAL_TIME_SCED,AZURE_BES1,Electrical Bus,25.47
2023-05-23 01:00:22+00:00,REAL_TIME_SCED,AZURE_BES1,Electrical Bus,26.44
2023-05-23 02:00:22+00:00,REAL_TIME_SCED,AZURE_BES1,Electrical Bus,24.29
2023-05-23 03:00:26+00:00,REAL_TIME_SCED,AZURE_BES1,Electrical Bus,22.75
2023-05-23 04:00:24+00:00,REAL_TIME_SCED,AZURE_BES1,Electrical Bus,21.41
2023-05-23 05:00:26+00:00,REAL_TIME_SCED,AZURE_BES1,Electrical Bus,20.24
2023-05-23 06:00:23+00:00,REAL_TIME_SCED,AZURE_BES1,Electrical Bus,18.66
2023-05-23 07:00:23+00:00,REAL_TIME_SCED,AZURE_BES1,Electrical Bus,19.38
2023-05-23 08:00:24+00:00,REAL_TIME_SCED,AZURE_BES1,Electrical Bus,19.06
2023-05-23 09:00:25+00:00,REAL_TIME_SCED,AZURE_BES1,Electrical Bus,19.88
2023-05-23 10:00:23+00:00,REAL_TIME_SCED,AZURE_BES1,Electrical Bus,20
2023-05-23 11:00:20+00:00,REAL_TIME_SCED,AZURE_BES1,Electrical Bus,20.95
2023-05-23 12:00:23+00:00,REAL_TIME_SCED,AZURE_BES1,Electrical Bus,21.6
2023-05-23 13:00:25+00:00,REAL_TIME_SCED,AZURE_BES1,Electrical Bus,18.59
2023-05-23 14:00:21+00:00,REAL_TIME_SCED,AZURE_BES1,Electrical Bus,16.36
2023-05-23 15:00:21+00:00,REAL_TIME_SCED,AZURE_BES1,Electrical Bus,20.73
2023-05-23 16:00:23+00:00,REAL_TIME_SCED,AZURE_BES1,Electrical Bus,24.31
2023-05-23 17:00:22+00:00,REAL_TIME_SCED,AZURE_BES1,Electrical Bus,25.09
2023-05-23 18:00:24+00:00,REAL_TIME_SCED,AZURE_BES1,Electrical Bus,28.84
2023-05-23 19:00:21+00:00,REAL_TIME_SCED,AZURE_BES1,Electrical Bus,30.48
2023-05-23 20:00:23+00:00,REAL_TIME_SCED,AZURE_BES1,Electrical Bus,75
2023-05-23 21:00:22+00:00,REAL_TIME_SCED,AZURE_BES1,Electrical Bus,33.6
2023-05-23 22:00:21+00:00,REAL_TIME_SCED,AZURE_BES1,Electrical Bus,48.81
2023-05-23 23:00:26+00:00,REAL_TIME_SCED,AZURE_BES1,Electrical Bus,26.25
2023-05-24 00:00:23+00:00,REAL_TIME_SCED,AZURE_BES1,Electrical Bus,26.23
2023-05-24 01:00:25+00:00,REAL_TIME_SCED,AZURE_BES1,Electrical Bus,26.48
2023-05-24 02:00:25+00:00,REAL_TIME_SCED,AZURE_BES1,Electrical Bus,26.23
2023-05-24 03:00:27+00:00,REAL_TIME_SCED,AZURE_BES1,Electrical Bus,30.47
2023-05-24 04:00:25+00:00,REAL_TIME_SCED,AZURE_BES1,Electrical Bus,21.05
2023-05-24 05:00:51+00:00,REAL_TIME_SCED,AZURE_BES1,Electrical Bus,22.46
2023-05-24 06:00:25+00:00,REAL_TIME_SCED,AZURE_BES1,Electrical Bus,20.93
2023-05-24 07:00:26+00:00,REAL_TIME_SCED,AZURE_BES1,Electrical Bus,19.72
2023-05-24 08:00:22+00:00,REAL_TIME_SCED,AZURE_BES1,Electrical Bus,24.57
2023-05-24 09:00:23+00:00,REAL_TIME_SCED,AZURE_BES1,Electrical Bus,26.21
2023-05-24 10:00:23+00:00,REAL_TIME_SCED,AZURE_BES1,Electrical Bus,21.65
2023-05-24 11:00:22+00:00,REAL_TIME_SCED,AZURE_BES1,Electrical Bus,27.47
2023-05-24 12:00:23+00:00,REAL_TIME_SCED,AZURE_BES1,Electrical Bus,31.3
2023-05-24 13:00:24+00:00,REAL_TIME_SCED,AZURE_BES1,Electrical Bus,24.07
2023-05-24 14:00:20+00:00,REAL_TIME_SCED,AZURE_BES1,Electrical Bus,27.41
2023-05-24 15:00:16+00:00,REAL_TIME_SCED,AZURE_BES1,Electrical Bus,24.29
2023-05-24 16:00:15+00:00,REAL_TIME_SCED,AZURE_BES1,Electrical Bus,21.79
2023-05-24 17:00:21+00:00,REAL_TIME_SCED,AZURE_BES1,Electrical Bus,24.14
2023-05-24 18:00:24+00:00,REAL_TIME_SCED,AZURE_BES1,Electrical Bus,27.4
2023-05-24 19:00:21+00:00,REAL_TIME_SCED,AZURE_BES1,Electrical Bus,26.95
2023-05-24 20:00:26+00:00,REAL_TIME_SCED,AZURE_BES1,Electrical Bus,25.85
2023-05-24 21:00:22+00:00,REAL_TIME_SCED,AZURE_BES1,Electrical Bus,25.21
2023-05-24 22:00:24+00:00,REAL_TIME_SCED,AZURE_BES1,Electrical Bus,31.68
2023-05-24 23:00:24+00:00,REAL_TIME_SCED,AZURE_BES1,Electrical Bus,49.43
2023-05-25 00:00:22+00:00,REAL_TIME_SCED,AZURE_BES1,Electrical Bus,40.23
2023-05-25 01:00:21+00:00,REAL_TIME_SCED,AZURE_BES1,Electrical Bus,74.8
2023-05-25 02:00:21+00:00,REAL_TIME_SCED,AZURE_BES1,Electrical Bus,92.33
2023-05-25 03:00:25+00:00,REAL_TIME_SCED,AZURE_BES1,Electrical Bus,25.78
2023-05-25 04:00:20+00:00,REAL_TIME_SCED,AZURE_BES1,Electrical Bus,23.84
2023-05-25 05:00:27+00:00,REAL_TIME_SCED,AZURE_BES1,Electrical Bus,23.85
2023-05-25 06:00:23+00:00,REAL_TIME_SCED,AZURE_BES1,Electrical Bus,20.15
2023-05-25 07:00:23+00:00,REAL_TIME_SCED,AZURE_BES1,Electrical Bus,21.68
2023-05-25 08:00:23+00:00,REAL_TIME_SCED,AZURE_BES1,Electrical Bus,23.79
2023-05-25 09:00:23+00:00,REAL_TIME_SCED,AZURE_BES1,Electrical Bus,20.51
2023-05-25 10:00:21+00:00,REAL_TIME_SCED,AZURE_BES1,Electrical Bus,25.61
2023-05-25 11:00:22+00:00,REAL_TIME_SCED,AZURE_BES1,Electrical Bus,20.38
2023-05-25 12:00:22+00:00,REAL_TIME_SCED,AZURE_BES1,Electrical Bus,22.19
2023-05-25 13:00:25+00:00,REAL_TIME_SCED,AZURE_BES1,Electrical Bus,17.97
2023-05-25 14:00:20+00:00,REAL_TIME_SCED,AZURE_BES1,Electrical Bus,20.15
2023-05-25 15:00:16+00:00,REAL_TIME_SCED,AZURE_BES1,Electrical Bus,16.92
2023-05-25 16:00:15+00:00,REAL_TIME_SCED,AZURE_BES1,Electrical Bus,23.38
2023-05-25 17:00:17+00:00,REAL_TIME_SCED,AZURE_BES1,Electrical Bus,25.02
2023-05-25 18:00:16+00:00,REAL_TIME_SCED,AZURE_BES1,Electrical Bus,40.99
2023-05-25 19:00:22+00:00,REAL_TIME_SCED,AZURE_BES1,Electrical Bus,27.44
2023-05-25 20:00:22+00:00,REAL_TIME_SCED,AZURE_BES1,Electrical Bus,75
2023-05-25 21:00:23+00:00,REAL_TIME_SCED,AZURE_BES1,Electrical Bus,28.25
2023-05-25 22:00:21+00:00,REAL_TIME_SCED,AZURE_BES1,Electrical Bus,29.88
2023-05-25 23:00:22+00:00,REAL_TIME_SCED,AZURE_BES1,Electrical Bus,29.63
2023-05-26 00:00:23+00:00,REAL_TIME_SCED,AZURE_BES1,Electrical Bus,23.39
2023-05-26 01:00:21+00:00,REAL_TIME_SCED,AZURE_BES1,Electrical Bus,50.12
2023-05-26 02:00:22+00:00,REAL_TIME_SCED,AZURE_BES1,Electrical Bus,25.93
2023-05-26 03:00:26+00:00,REAL_TIME_SCED,AZURE_BES1,Electrical Bus,21.83
2023-05-26 04:00:21+00:00,REAL_TIME_SCED,AZURE_BES1,Electrical Bus,21.4
2023-05-26 05:00:26+00:00,REAL_TIME_SCED,AZURE_BES1,Electrical Bus,20.58
2023-05-26 06:00:24+00:00,REAL_TIME_SCED,AZURE_BES1,Electrical Bus,19.56
2023-05-26 07:00:23+00:00,REAL_TIME_SCED,AZURE_BES1,Electrical Bus,18.99
2023-05-26 08:00:15+00:00,REAL_TIME_SCED,AZURE_BES1,Electrical Bus,16.74
2023-05-26 09:00:17+00:00,REAL_TIME_SCED,AZURE_BES1,Electrical Bus,17.13
2023-05-26 10:00:14+00:00,REAL_TIME_SCED,AZURE_BES1,Electrical Bus,17.17
2023-05-26 11:00:14+00:00,REAL_TIME_SCED,AZURE_BES1,Electrical Bus,19.47
2023-05-26 12:00:16+00:00,REAL_TIME_SCED,AZURE_BES1,Electrical Bus,19.22
2023-05-26 13:00:23+00:00,REAL_TIME_SCED,AZURE_BES1,Electrical Bus,19.02
2023-05-26 14:00:23+00:00,REAL_TIME_SCED,AZURE_BES1,Electrical Bus,23.89
2023-05-26 15:00:20+00:00,REAL_TIME_SCED,AZURE_BES1,Electrical Bus,23.25
2023-05-26 16:00:16+00:00,REAL_TIME_SCED,AZURE_BES1,Electrical Bus,75
2023-05-26 17:00:16+00:00,REAL_TIME_SCED,AZURE_BES1,Electrical Bus,75
2023-05-26 18:00:16+00:00,REAL_TIME_SCED,AZURE_BES1,Electrical Bus,40.24
2023-05-26 19:00:14+00:00,REAL_TIME_SCED,AZURE_BES1,Electrical Bus,23.49
2023-05-26 20:00:22+00:00,REAL_TIME_SCED,AZURE_BES1,Electrical Bus,22.4
2023-05-26 21:00:23+00:00,REAL_TIME_SCED,AZURE_BES1,Electrical Bus,30.47
2023-05-26 22:00:21+00:00,REAL_TIME_SCED,AZURE_BES1,Electrical Bus,26.85
2023-05-26 23:00:26+00:00,REAL_TIME_SCED,AZURE_BES1,Electrical Bus,23.61
2023-05-27 00:00:24+00:00,REAL_TIME_SCED,AZURE_BES1,Electrical Bus,28.2
2023-05-27 01:00:22+00:00,REAL_TIME_SCED,AZURE_BES1,Electrical Bus,31.23
2023-05-27 02:00:20+00:00,REAL_TIME_SCED,AZURE_BES1,Electrical Bus,27.66
2023-05-27 03:00:26+00:00,REAL_TIME_SCED,AZURE_BES1,Electrical Bus,22.99
2023-05-27 04:00:20+00:00,REAL_TIME_SCED,AZURE_BES1,Electrical Bus,22.82
2023-05-27 05:00:24+00:00,REAL_TIME_SCED,AZURE_BES1,Electrical Bus,18.64
2023-05-27 06:00:22+00:00,REAL_TIME_SCED,AZURE_BES1,Electrical Bus,14.75
2023-05-27 07:00:23+00:00,REAL_TIME_SCED,AZURE_BES1,Electrical Bus,13.22
2023-05-27 08:00:17+00:00,REAL_TIME_SCED,AZURE_BES1,Electrical Bus,10.88
2023-05-27 09:00:17+00:00,REAL_TIME_SCED,AZURE_BES1,Electrical Bus,11.3
2023-05-27 10:00:17+00:00,REAL_TIME_SCED,AZURE_BES1,Electrical Bus,11.83
2023-05-27 11:00:26+00:00,REAL_TIME_SCED,AZURE_BES1,Electrical Bus,12.28
2023-05-27 12:00:23+00:00,REAL_TIME_SCED,AZURE_BES1,Electrical Bus,12.49
2023-05-27 13:00:17+00:00,REAL_TIME_SCED,AZURE_BES1,Electrical Bus,16.92
2023-05-27 14:00:15+00:00,REAL_TIME_SCED,AZURE_BES1,Electrical Bus,22.89
2023-05-27 15:00:16+00:00,REAL_TIME_SCED,AZURE_BES1,Electrical Bus,17.06
2023-05-27 16:00:15+00:00,REAL_TIME_SCED,AZURE_BES1,Electrical Bus,17.23
2023-05-27 17:00:15+00:00,REAL_TIME_SCED,AZURE_BES1,Electrical Bus,15.53
2023-05-27 18:00:23+00:00,REAL_TIME_SCED,AZURE_BES1,Electrical Bus,19.74
2023-05-27 19:00:23+00:00,REAL_TIME_SCED,AZURE_BES1,Electrical Bus,17.08
2023-05-27 20:00:23+00:00,REAL_TIME_SCED,AZURE_BES1,Electrical Bus,11.31
2023-05-27 21:00:24+00:00,REAL_TIME_SCED,AZURE_BES1,Electrical Bus,14.05
2023-05-27 22:00:24+00:00,REAL_TIME_SCED,AZURE_BES1,Electrical Bus,21.37
2023-05-27 23:00:24+00:00,REAL_TIME_SCED,AZURE_BES1,Electrical Bus,20.09
2023-05-28 00:00:22+00:00,REAL_TIME_SCED,AZURE_BES1,Electrical Bus,22.23
2023-05-28 01:00:23+00:00,REAL_TIME_SCED,AZURE_BES1,Electrical Bus,22.4
2023-05-28 02:00:22+00:00,REAL_TIME_SCED,AZURE_BES1,Electrical Bus,21.22
2023-05-28 03:00:14+00:00,REAL_TIME_SCED,AZURE_BES1,Electrical Bus,22.05
2023-05-28 04:00:15+00:00,REAL_TIME_SCED,AZURE_BES1,Electrical Bus,18.51
2023-05-28 05:00:18+00:00,REAL_TIME_SCED,AZURE_BES1,Electrical Bus,24.49
2023-05-28 06:00:15+00:00,REAL_TIME_SCED,AZURE_BES1,Electrical Bus,18.76
2023-05-28 07:00:23+00:00,REAL_TIME_SCED,AZURE_BES1,Electrical Bus,15.57
2023-05-28 08:00:20+00:00,REAL_TIME_SCED,AZURE_BES1,Electrical Bus,17.56
2023-05-28 09:00:16+00:00,REAL_TIME_SCED,AZURE_BES1,Electrical Bus,15.66
2023-05-28 10:00:15+00:00,REAL_TIME_SCED,AZURE_BES1,Electrical Bus,13.83
2023-05-28 11:00:17+00:00,REAL_TIME_SCED,AZURE_BES1,Electrical Bus,11.93
2023-05-28 12:00:16+00:00,REAL_TIME_SCED,AZURE_BES1,Electrical Bus,12.22
2023-05-28 13:00:16+00:00,REAL_TIME_SCED,AZURE_BES1,Electrical Bus,13.6
2023-05-28 14:00:20+00:00,REAL_TIME_SCED,AZURE_BES1,Electrical Bus,14.2
2023-05-28 15:00:21+00:00,REAL_TIME_SCED,AZURE_BES1,Electrical Bus,14.76
2023-05-28 16:00:21+00:00,REAL_TIME_SCED,AZURE_BES1,Electrical Bus,15.78
2023-05-28 17:00:15+00:00,REAL_TIME_SCED,AZURE_BES1,Electrical Bus,16.97
2023-05-28 18:00:22+00:00,REAL_TIME_SCED,AZURE_BES1,Electrical Bus,19.3
2023-05-28 19:00:22+00:00,REAL_TIME_SCED,AZURE_BES1,Electrical Bus,16.83
2023-05-28 20:00:23+00:00,REAL_TIME_SCED,AZURE_BES1,Electrical Bus,18.03
2023-05-28 21:00:21+00:00,REAL_TIME_SCED,AZURE_BES1,Electrical Bus,17.62
2023-05-28 22:00:21+00:00,REAL_TIME_SCED,AZURE_BES1,Electrical Bus,19.47
2023-05-28 23:00:23+00:00,REAL_TIME_SCED,AZURE_BES1,Electrical Bus,18.38
2023-05-29 00:00:24+00:00,REAL_TIME_SCED,AZURE_BES1,Electrical Bus,16.76
2023-05-29 01:00:25+00:00,REAL_TIME_SCED,AZURE_BES1,Electrical Bus,19.99
2023-05-29 02:00:24+00:00,REAL_TIME_SCED,AZURE_BES1,Electrical Bus,19.57
2023-05-29 03:00:23+00:00,REAL_TIME_SCED,AZURE_BES1,Electrical Bus,16.09
2023-05-29 04:00:22+00:00,REAL_TIME_SCED,AZURE_BES1,Electrical Bus,17.44
2023-05-29 05:00:26+00:00,REAL_TIME_SCED,AZURE_BES1,Electrical Bus,14.65
2023-05-29 06:00:23+00:00,REAL_TIME_SCED,AZURE_BES1,Electrical Bus,14.41
2023-05-29 07:00:24+00:00,REAL_TIME_SCED,AZURE_BES1,Electrical Bus,14.6
2023-05-29 08:00:15+00:00,REAL_TIME_SCED,AZURE_BES1,Electrical Bus,22.09
2023-05-29 09:00:17+00:00,REAL_TIME_SCED,AZURE_BES1,Electrical Bus,23.59
2023-05-29 10:00:16+00:00,REAL_TIME_SCED,AZURE_BES1,Electrical Bus,25.33
2023-05-29 11:00:14+00:00,REAL_TIME_SCED,AZURE_BES1,Electrical Bus,20.22
2023-05-29 12:00:16+00:00,REAL_TIME_SCED,AZURE_BES1,Electrical Bus,19.84
2023-05-29 13:00:17+00:00,REAL_TIME_SCED,AZURE_BES1,Electrical Bus,14.88
2023-05-29 14:00:15+00:00,REAL_TIME_SCED,AZURE_BES1,Electrical Bus,18.15
2023-05-29 15:00:14+00:00,REAL_TIME_SCED,AZURE_BES1,Electrical Bus,22.66
2023-05-29 16:00:17+00:00,REAL_TIME_SCED,AZURE_BES1,Electrical Bus,25.64
2023-05-29 17:00:18+00:00,REAL_TIME_SCED,AZURE_BES1,Electrical Bus,24.12
2023-05-29 18:00:14+00:00,REAL_TIME_SCED,AZURE_BES1,Electrical Bus,26.83
2023-05-29 19:00:16+00:00,REAL_TIME_SCED,AZURE_BES1,Electrical Bus,75
2023-05-29 20:00:15+00:00,REAL_TIME_SCED,AZURE_BES1,Electrical Bus,32.64
2023-05-29 21:00:21+00:00,REAL_TIME_SCED,AZURE_BES1,Electrical Bus,30.48
2023-05-29 22:00:16+00:00,REAL_TIME_SCED,AZURE_BES1,Electrical Bus,75
2023-05-29 23:00:16+00:00,REAL_TIME_SCED,AZURE_BES1,Electrical Bus,24.16
2023-05-30 00:00:16+00:00,REAL_TIME_SCED,AZURE_BES1,Electrical Bus,23.49
2023-05-30 01:00:17+00:00,REAL_TIME_SCED,AZURE_BES1,Electrical Bus,23.62
2023-05-30 02:00:15+00:00,REAL_TIME_SCED,AZURE_BES1,Electrical Bus,22.41
2023-05-30 03:00:15+00:00,REAL_TIME_SCED,AZURE_BES1,Electrical Bus,18.88
2023-05-30 04:00:14+00:00,REAL_TIME_SCED,AZURE_BES1,Electrical Bus,18.02
2023-05-30 05:00:19+00:00,REAL_TIME_SCED,AZURE_BES1,Electrical Bus,14.61
2023-05-30 06:00:15+00:00,REAL_TIME_SCED,AZURE_BES1,Electrical Bus,14.11
2023-05-30 07:00:16+00:00,REAL_TIME_SCED,AZURE_BES1,Electrical Bus,11.96
2023-05-30 08:00:16+00:00,REAL_TIME_SCED,AZURE_BES1,Electrical Bus,11.47
2023-05-30 09:00:15+00:00,REAL_TIME_SCED,AZURE_BES1,Electrical Bus,12.07
2023-05-30 10:00:15+00:00,REAL_TIME_SCED,AZURE_BES1,Electrical Bus,13.75
2023-05-30 11:00:15+00:00,REAL_TIME_SCED,AZURE_BES1,Electrical Bus,18.12
2023-05-30 12:00:17+00:00,REAL_TIME_SCED,AZURE_BES1,Electrical Bus,18.73
2023-05-30 13:00:15+00:00,REAL_TIME_SCED,AZURE_BES1,Electrical Bus,17.63
2023-05-30 14:00:15+00:00,REAL_TIME_SCED,AZURE_BES1,Electrical Bus,15.66
2023-05-30 15:00:16+00:00,REAL_TIME_SCED,AZURE_BES1,Electrical Bus,22.41
2023-05-30 16:00:16+00:00,REAL_TIME_SCED,AZURE_BES1,Electrical Bus,21.5
2023-05-30 17:00:15+00:00,REAL_TIME_SCED,AZURE_BES1,Electrical Bus,22.8
2023-05-30 18:00:23+00:00,REAL_TIME_SCED,AZURE_BES1,Electrical Bus,30.47
2023-05-30 19:00:20+00:00,REAL_TIME_SCED,AZURE_BES1,Electrical Bus,27.58
2023-05-30 20:00:22+00:00,REAL_TIME_SCED,AZURE_BES1,Electrical Bus,24.6
2023-05-30 21:00:25+00:00,REAL_TIME_SCED,AZURE_BES1,Electrical Bus,17.7
2023-05-30 22:00:25+00:00,REAL_TIME_SCED,AZURE_BES1,Electrical Bus,14.73
2023-05-30 23:00:24+00:00,REAL_TIME_SCED,AZURE_BES1,Electrical Bus,14.59
2023-05-31 00:00:22+00:00,REAL_TIME_SCED,AZURE_BES1,Electrical Bus,15.88
2023-05-31 01:00:21+00:00,REAL_TIME_SCED,AZURE_BES1,Electrical Bus,23.46
2023-05-31 02:00:16+00:00,REAL_TIME_SCED,AZURE_BES1,Electrical Bus,21.2
2023-05-31 03:00:23+00:00,REAL_TIME_SCED,AZURE_BES1,Electrical Bus,10.37
2023-05-31 04:00:22+00:00,REAL_TIME_SCED,AZURE_BES1,Electrical Bus,5.77
2023-05-31 05:00:26+00:00,REAL_TIME_SCED,AZURE_BES1,Electrical Bus,4.53
2023-05-31 06:00:22+00:00,REAL_TIME_SCED,AZURE_BES1,Electrical Bus,4.71
2023-05-31 07:00:24+00:00,REAL_TIME_SCED,AZURE_BES1,Electrical Bus,5.1
2023-05-31 08:00:24+00:00,REAL_TIME_SCED,AZURE_BES1,Electrical Bus,11.42
2023-05-31 09:00:24+00:00,REAL_TIME_SCED,AZURE_BES1,Electrical Bus,12.68
2023-05-31 10:00:22+00:00,REAL_TIME_SCED,AZURE_BES1,Electrical Bus,14.85
2023-05-31 11:00:14+00:00,REAL_TIME_SCED,AZURE_BES1,Electrical Bus,20.02
2023-05-31 12:00:16+00:00,REAL_TIME_SCED,AZURE_BES1,Electrical Bus,20.37
2023-05-31 13:00:16+00:00,REAL_TIME_SCED,AZURE_BES1,Electrical Bus,19.95
2023-05-31 14:00:15+00:00,REAL_TIME_SCED,AZURE_BES1,Electrical Bus,21.54
2023-05-31 15:00:22+00:00,REAL_TIME_SCED,AZURE_BES1,Electrical Bus,20.38
2023-05-31 16:00:22+00:00,REAL_TIME_SCED,AZURE_BES1,Electrical Bus,25.6
2023-05-31 17:00:22+00:00,REAL_TIME_SCED,AZURE_BES1,Electrical Bus,25.52
2023-05-31 18:00:23+00:00,REAL_TIME_SCED,AZURE_BES1,Electrical Bus,16.24
2023-05-31 19:00:22+00:00,REAL_TIME_SCED,AZURE_BES1,Electrical Bus,18.56
2023-05-31 20:00:25+00:00,REAL_TIME_SCED,AZURE_BES1,Electrical Bus,13.36
2023-05-31 21:00:25+00:00,REAL_TIME_SCED,AZURE_BES1,Electrical Bus,15.94
2023-05-31 22:00:23+00:00,REAL_TIME_SCED,AZURE_BES1,Electrical Bus,15.15
2023-05-31 23:00:31+00:00,REAL_TIME_SCED,AZURE_BES1,Electrical Bus,12.35
2023-06-01 00:00:24+00:00,REAL_TIME_SCED,AZURE_BES1,Electrical Bus,21.62
2023-06-01 01:00:23+00:00,REAL_TIME_SCED,AZURE_BES1,Electrical Bus,30.42
2023-06-01 02:00:21+00:00,REAL_TIME_SCED,AZURE_BES1,Electrical Bus,25.31
2023-06-01 03:00:26+00:00,REAL_TIME_SCED,AZURE_BES1,Electrical Bus,17.8
2023-06-01 04:00:21+00:00,REAL_TIME_SCED,AZURE_BES1,Electrical Bus,18.13
2023-06-01 06:00:23+00:00,REAL_TIME_SCED,AZURE_BES1,Electrical Bus,12.56
2023-06-01 07:00:22+00:00,REAL_TIME_SCED,AZURE_BES1,Electrical Bus,13.46
2023-06-01 08:00:23+00:00,REAL_TIME_SCED,AZURE_BES1,Electrical Bus,17.86
2023-06-01 09:00:21+00:00,REAL_TIME_SCED,AZURE_BES1,Electrical Bus,20.37
2023-06-01 10:00:21+00:00,REAL_TIME_SCED,AZURE_BES1,Electrical Bus,19.91
2023-06-01 11:00:21+00:00,REAL_TIME_SCED,AZURE_BES1,Electrical Bus,22.44
2023-06-01 12:00:22+00:00,REAL_TIME_SCED,AZURE_BES1,Electrical Bus,20.9
2023-06-01 13:00:26+00:00,REAL_TIME_SCED,AZURE_BES1,Electrical Bus,20.19
2023-06-01 14:00:23+00:00,REAL_TIME_SCED,AZURE_BES1,Electrical Bus,19.5
2023-06-01 15:00:25+00:00,REAL_TIME_SCED,AZURE_BES1,Electrical Bus,21.34
2023-06-01 16:00:21+00:00,REAL_TIME_SCED,AZURE_BES1,Electrical Bus,19.41
2023-06-01 17:00:26+00:00,REAL_TIME_SCED,AZURE_BES1,Electrical Bus,-0.06
2023-06-01 18:00:27+00:00,REAL_TIME_SCED,AZURE_BES1,Electrical Bus,0.16
2023-06-01 19:00:24+00:00,REAL_TIME_SCED,AZURE_BES1,Electrical Bus,19.81
2023-06-01 20:00:25+00:00,REAL_TIME_SCED,AZURE_BES1,Electrical Bus,18.03
2023-06-01 21:00:27+00:00,REAL_TIME_SCED,AZURE_BES1,Electrical Bus,24.38
2023-06-01 22:00:28+00:00,REAL_TIME_SCED,AZURE_BES1,Electrical Bus,28.1
2023-06-01 23:00:25+00:00,REAL_TIME_SCED,AZURE_BES1,Electrical Bus,22.81
2023-06-02 00:00:21+00:00,REAL_TIME_SCED,AZURE_BES1,Electrical Bus,23.02
2023-06-02 01:00:20+00:00,REAL_TIME_SCED,AZURE_BES1,Electrical Bus,24.73
2023-06-02 02:00:20+00:00,REAL_TIME_SCED,AZURE_BES1,Electrical Bus,30.47
2023-06-02 03:00:24+00:00,REAL_TIME_SCED,AZURE_BES1,Electrical Bus,23.65
2023-06-02 04:00:21+00:00,REAL_TIME_SCED,AZURE_BES1,Electrical Bus,20.44
2023-06-02 05:00:24+00:00,REAL_TIME_SCED,AZURE_BES1,Electrical Bus,17.78
2023-06-02 06:00:21+00:00,REAL_TIME_SCED,AZURE_BES1,Electrical Bus,20.07
2023-06-02 07:00:16+00:00,REAL_TIME_SCED,AZURE_BES1,Electrical Bus,15.16
2023-06-02 08:00:13+00:00,REAL_TIME_SCED,AZURE_BES1,Electrical Bus,14.6
2023-06-02 09:00:21+00:00,REAL_TIME_SCED,AZURE_BES1,Electrical Bus,13.5
2023-06-02 10:00:22+00:00,REAL_TIME_SCED,AZURE_BES1,Electrical Bus,12.38
2023-06-02 11:00:19+00:00,REAL_TIME_SCED,AZURE_BES1,Electrical Bus,17.5
2023-06-02 12:00:24+00:00,REAL_TIME_SCED,AZURE_BES1,Electrical Bus,19.05
2023-06-02 13:00:23+00:00,REAL_TIME_SCED,AZURE_BES1,Electrical Bus,24.18
2023-06-02 14:00:24+00:00,REAL_TIME_SCED,AZURE_BES1,Electrical Bus,22.68
2023-06-02 15:00:20+00:00,REAL_TIME_SCED,AZURE_BES1,Electrical Bus,20.35
2023-06-02 16:00:20+00:00,REAL_TIME_SCED,AZURE_BES1,Electrical Bus,27.56
2023-06-02 17:00:23+00:00,REAL_TIME_SCED,AZURE_BES1,Electrical Bus,25.58
2023-06-02 18:00:22+00:00,REAL_TIME_SCED,AZURE_BES1,Electrical Bus,23.52
2023-06-02 19:00:21+00:00,REAL_TIME_SCED,AZURE_BES1,Electrical Bus,22.59
2023-06-02 20:00:24+00:00,REAL_TIME_SCED,AZURE_BES1,Electrical Bus,16.96
2023-06-02 21:00:24+00:00,REAL_TIME_SCED,AZURE_BES1,Electrical Bus,-0.09
2023-06-02 22:00:30+00:00,REAL_TIME_SCED,AZURE_BES1,Electrical Bus,-0.22
2023-06-02 23:00:24+00:00,REAL_TIME_SCED,AZURE_BES1,Electrical Bus,0.07
2023-06-03 00:00:25+00:00,REAL_TIME_SCED,AZURE_BES1,Electrical Bus,21.82
2023-06-03 01:00:21+00:00,REAL_TIME_SCED,AZURE_BES1,Electrical Bus,28.93
2023-06-03 02:00:21+00:00,REAL_TIME_SCED,AZURE_BES1,Electrical Bus,948.49
2023-06-03 03:00:21+00:00,REAL_TIME_SCED,AZURE_BES1,Electrical Bus,28.64
2023-06-03 04:00:24+00:00,REAL_TIME_SCED,AZURE_BES1,Electrical Bus,22.28
2023-06-03 05:00:27+00:00,REAL_TIME_SCED,AZURE_BES1,Electrical Bus,25.22
2023-06-03 06:00:22+00:00,REAL_TIME_SCED,AZURE_BES1,Electrical Bus,22.85
2023-06-03 07:00:23+00:00,REAL_TIME_SCED,AZURE_BES1,Electrical Bus,22.21
2023-06-03 08:00:22+00:00,REAL_TIME_SCED,AZURE_BES1,Electrical Bus,20.18
2023-06-03 09:00:21+00:00,REAL_TIME_SCED,AZURE_BES1,Electrical Bus,21.69
2023-06-03 10:00:22+00:00,REAL_TIME_SCED,AZURE_BES1,Electrical Bus,19.42
2023-06-03 11:00:23+00:00,REAL_TIME_SCED,AZURE_BES1,Electrical Bus,20.19
2023-06-03 12:00:21+00:00,REAL_TIME_SCED,AZURE_BES1,Electrical Bus,17.99
2023-06-03 13:00:21+00:00,REAL_TIME_SCED,AZURE_BES1,Electrical Bus,18.15
2023-06-03 14:00:17+00:00,REAL_TIME_SCED,AZURE_BES1,Electrical Bus,16.09
2023-06-03 15:00:20+00:00,REAL_TIME_SCED,AZURE_BES1,Electrical Bus,17.7
2023-06-03 16:00:20+00:00,REAL_TIME_SCED,AZURE_BES1,Electrical Bus,19.41
2023-06-03 17:00:20+00:00,REAL_TIME_SCED,AZURE_BES1,Electrical Bus,24.89
2023-06-03 18:00:15+00:00,REAL_TIME_SCED,AZURE_BES1,Electrical Bus,24.82
2023-06-03 19:00:20+00:00,REAL_TIME_SCED,AZURE_BES1,Electrical Bus,29.7
2023-06-03 20:00:21+00:00,REAL_TIME_SCED,AZURE_BES1,Electrical Bus,26.4
2023-06-03 21:00:23+00:00,REAL_TIME_SCED,AZURE_BES1,Electrical Bus,75.1
2023-06-03 22:00:23+00:00,REAL_TIME_SCED,AZURE_BES1,Electrical Bus,43.24
2023-06-03 23:00:20+00:00,REAL_TIME_SCED,AZURE_BES1,Electrical Bus,23.1
2023-06-04 00:00:20+00:00,REAL_TIME_SCED,AZURE_BES1,Electrical Bus,25.15
2023-06-04 01:00:16+00:00,REAL_TIME_SCED,AZURE_BES1,Electrical Bus,30.48
2023-06-04 02:00:20+00:00,REAL_TIME_SCED,AZURE_BES1,Electrical Bus,21.53
2023-06-04 03:00:15+00:00,REAL_TIME_SCED,AZURE_BES1,Electrical Bus,19.45
2023-06-04 04:00:20+00:00,REAL_TIME_SCED,AZURE_BES1,Electrical Bus,19.44
2023-06-04 05:00:19+00:00,REAL_TIME_SCED,AZURE_BES1,Electrical Bus,19.93
2023-06-04 06:00:15+00:00,REAL_TIME_SCED,AZURE_BES1,Electrical Bus,16.92
2023-06-04 07:00:18+00:00,REAL_TIME_SCED,AZURE_BES1,Electrical Bus,13.47
2023-06-04 08:00:17+00:00,REAL_TIME_SCED,AZURE_BES1,Electrical Bus,12.5
2023-06-04 09:00:25+00:00,REAL_TIME_SCED,AZURE_BES1,Electrical Bus,17.17
2023-06-04 10:00:22+00:00,REAL_TIME_SCED,AZURE_BES1,Electrical Bus,16.99
2023-06-04 11:00:27+00:00,REAL_TIME_SCED,AZURE_BES1,Electrical Bus,15.81
2023-06-04 12:00:25+00:00,REAL_TIME_SCED,AZURE_BES1,Electrical Bus,15.62
2023-06-04 13:00:15+00:00,REAL_TIME_SCED,AZURE_BES1,Electrical Bus,15.18
2023-06-04 14:00:14+00:00,REAL_TIME_SCED,AZURE_BES1,Electrical Bus,15.01
2023-06-04 15:00:21+00:00,REAL_TIME_SCED,AZURE_BES1,Electrical Bus,16.65
2023-06-04 16:00:19+00:00,REAL_TIME_SCED,AZURE_BES1,Electrical Bus,16.53
2023-06-04 17:00:22+00:00,REAL_TIME_SCED,AZURE_BES1,Electrical Bus,17.39
2023-06-04 18:00:24+00:00,REAL_TIME_SCED,AZURE_BES1,Electrical Bus,17.99
2023-06-04 19:00:20+00:00,REAL_TIME_SCED,AZURE_BES1,Electrical Bus,20.11
2023-06-04 20:00:23+00:00,REAL_TIME_SCED,AZURE_BES1,Electrical Bus,21.23
2023-06-04 21:00:21+00:00,REAL_TIME_SCED,AZURE_BES1,Electrical Bus,19.63
2023-06-04 22:00:22+00:00,REAL_TIME_SCED,AZURE_BES1,Electrical Bus,19.32
2023-06-04 23:00:22+00:00,REAL_TIME_SCED,AZURE_BES1,Electrical Bus,22.04
2023-06-05 00:00:21+00:00,REAL_TIME_SCED,AZURE_BES1,Electrical Bus,21.16
2023-06-05 01:00:20+00:00,REAL_TIME_SCED,AZURE_BES1,Electrical Bus,21.6
2023-06-05 02:00:15+00:00,REAL_TIME_SCED,AZURE_BES1,Electrical Bus,22
2023-06-05 03:00:21+00:00,REAL_TIME_SCED,AZURE_BES1,Electrical Bus,20.77
2023-06-05 04:00:21+00:00,REAL_TIME_SCED,AZURE_BES1,Electrical Bus,27.56
2023-06-05 05:00:18+00:00,REAL_TIME_SCED,AZURE_BES1,Electrical Bus,24.05
2023-06-05 06:00:16+00:00,REAL_TIME_SCED,AZURE_BES1,Electrical Bus,20.77
2023-06-05 07:00:16+00:00,REAL_TIME_SCED,AZURE_BES1,Electrical Bus,19.82
2023-06-05 08:00:15+00:00,REAL_TIME_SCED,AZURE_BES1,Electrical Bus,19.13
2023-06-05 09:00:15+00:00,REAL_TIME_SCED,AZURE_BES1,Electrical Bus,17.92
2023-06-05 10:00:17+00:00,REAL_TIME_SCED,AZURE_BES1,Electrical Bus,18.82
2023-06-05 11:00:14+00:00,REAL_TIME_SCED,AZURE_BES1,Electrical Bus,19.4
2023-06-05 12:00:16+00:00,REAL_TIME_SCED,AZURE_BES1,Electrical Bus,19.31
2023-06-05 13:00:19+00:00,REAL_TIME_SCED,AZURE_BES1,Electrical Bus,22.15
2023-06-05 14:00:16+00:00,REAL_TIME_SCED,AZURE_BES1,Electrical Bus,20.29
2023-06-05 15:00:15+00:00,REAL_TIME_SCED,AZURE_BES1,Electrical Bus,20.23
2023-06-05 16:00:14+00:00,REAL_TIME_SCED,AZURE_BES1,Electrical Bus,20.77
2023-06-05 17:00:17+00:00,REAL_TIME_SCED,AZURE_BES1,Electrical Bus,20.85
2023-06-05 18:00:23+00:00,REAL_TIME_SCED,AZURE_BES1,Electrical Bus,24.24
2023-06-05 19:00:25+00:00,REAL_TIME_SCED,AZURE_BES1,Electrical Bus,23.09
2023-06-05 20:00:23+00:00,REAL_TIME_SCED,AZURE_BES1,Electrical Bus,24.86
2023-06-05 21:00:22+00:00,REAL_TIME_SCED,AZURE_BES1,Electrical Bus,19.78
2023-06-05 22:00:22+00:00,REAL_TIME_SCED,AZURE_BES1,Electrical Bus,21.69
2023-06-05 23:00:23+00:00,REAL_TIME_SCED,AZURE_BES1,Electrical Bus,18.97
2023-06-06 00:00:23+00:00,REAL_TIME_SCED,AZURE_BES1,Electrical Bus,22
2023-06-06 01:00:25+00:00,REAL_TIME_SCED,AZURE_BES1,Electrical Bus,48.81
2023-06-06 02:00:23+00:00,REAL_TIME_SCED,AZURE_BES1,Electrical Bus,75
2023-06-06 03:00:28+00:00,REAL_TIME_SCED,AZURE_BES1,Electrical Bus,25.03
2023-06-06 04:00:22+00:00,REAL_TIME_SCED,AZURE_BES1,Electrical Bus,25.04
2023-06-06 05:00:27+00:00,REAL_TIME_SCED,AZURE_BES1,Electrical Bus,23.39
2023-06-06 06:00:25+00:00,REAL_TIME_SCED,AZURE_BES1,Electrical Bus,23.38
2023-06-06 07:00:24+00:00,REAL_TIME_SCED,AZURE_BES1,Electrical Bus,20.81
2023-06-06 08:00:22+00:00,REAL_TIME_SCED,AZURE_BES1,Electrical Bus,19.84
2023-06-06 09:00:24+00:00,REAL_TIME_SCED,AZURE_BES1,Electrical Bus,19.61
2023-06-06 10:00:22+00:00,REAL_TIME_SCED,AZURE_BES1,Electrical Bus,20.18
2023-06-06 11:00:23+00:00,REAL_TIME_SCED,AZURE_BES1,Electrical Bus,20.98
2023-06-06 12:00:24+00:00,REAL_TIME_SCED,AZURE_BES1,Electrical Bus,22.81
2023-06-06 13:00:27+00:00,REAL_TIME_SCED,AZURE_BES1,Electrical Bus,19.02
2023-06-06 14:00:20+00:00,REAL_TIME_SCED,AZURE_BES1,Electrical Bus,18.14
2023-06-06 15:00:16+00:00,REAL_TIME_SCED,AZURE_BES1,Electrical Bus,19.56
2023-06-06 16:00:21+00:00,REAL_TIME_SCED,AZURE_BES1,Electrical Bus,21.59
2023-06-06 17:00:21+00:00,REAL_TIME_SCED,AZURE_BES1,Electrical Bus,49.64
2023-06-06 18:00:32+00:00,REAL_TIME_SCED,AZURE_BES1,Electrical Bus,30.47
2023-06-06 19:00:23+00:00,REAL_TIME_SCED,AZURE_BES1,Electrical Bus,25.82
2023-06-06 20:00:20+00:00,REAL_TIME_SCED,AZURE_BES1,Electrical Bus,21.68
2023-06-06 21:00:27+00:00,REAL_TIME_SCED,AZURE_BES1,Electrical Bus,21.38
2023-06-06 22:00:21+00:00,REAL_TIME_SCED,AZURE_BES1,Electrical Bus,19.27
2023-06-06 23:00:23+00:00,REAL_TIME_SCED,AZURE_BES1,Electrical Bus,20.31
2023-06-07 00:00:20+00:00,REAL_TIME_SCED,AZURE_BES1,Electrical Bus,23.21
2023-06-07 01:00:22+00:00,REAL_TIME_SCED,AZURE_BES1,Electrical Bus,18.94
2023-06-07 02:00:22+00:00,REAL_TIME_SCED,AZURE_BES1,Electrical Bus,16.94
2023-06-07 03:00:25+00:00,REAL_TIME_SCED,AZURE_BES1,Electrical Bus,21.07
2023-06-07 04:00:26+00:00,REAL_TIME_SCED,AZURE_BES1,Electrical Bus,3.95
2023-06-07 05:00:50+00:00,REAL_TIME_SCED,AZURE_BES1,Electrical Bus,18.58
2023-06-07 06:00:26+00:00,REAL_TIME_SCED,AZURE_BES1,Electrical Bus,12.04
2023-06-07 07:00:25+00:00,REAL_TIME_SCED,AZURE_BES1,Electrical Bus,9.9
2023-06-07 08:00:22+00:00,REAL_TIME_SCED,AZURE_BES1,Electrical Bus,16.88
2023-06-07 09:00:25+00:00,REAL_TIME_SCED,AZURE_BES1,Electrical Bus,18.74
2023-06-07 10:00:21+00:00,REAL_TIME_SCED,AZURE_BES1,Electrical Bus,18.92
2023-06-07 11:00:23+00:00,REAL_TIME_SCED,AZURE_BES1,Electrical Bus,18.01
2023-06-07 12:00:23+00:00,REAL_TIME_SCED,AZURE_BES1,Electrical Bus,21
2023-06-07 13:00:24+00:00,REAL_TIME_SCED,AZURE_BES1,Electrical Bus,20.22
2023-06-07 14:00:14+00:00,REAL_TIME_SCED,AZURE_BES1,Electrical Bus,18.94
2023-06-07 15:00:17+00:00,REAL_TIME_SCED,AZURE_BES1,Electrical Bus,20.31
2023-06-07 16:00:17+00:00,REAL_TIME_SCED,AZURE_BES1,Electrical Bus,22.9
2023-06-07 17:00:17+00:00,REAL_TIME_SCED,AZURE_BES1,Electrical Bus,27.56
2023-06-07 18:00:27+00:00,REAL_TIME_SCED,AZURE_BES1,Electrical Bus,36.4
2023-06-07 19:00:21+00:00,REAL_TIME_SCED,AZURE_BES1,Electrical Bus,25.26
2023-06-07 20:00:20+00:00,REAL_TIME_SCED,AZURE_BES1,Electrical Bus,26.99
2023-06-07 21:00:24+00:00,REAL_TIME_SCED,AZURE_BES1,Electrical Bus,27.56
2023-06-07 22:00:23+00:00,REAL_TIME_SCED,AZURE_BES1,Electrical Bus,34.12
2023-06-07 23:00:24+00:00,REAL_TIME_SCED,AZURE_BES1,Electrical Bus,24.51
2023-06-08 00:00:21+00:00,REAL_TIME_SCED,AZURE_BES1,Electrical Bus,23.29
2023-06-08 01:00:15+00:00,REAL_TIME_SCED,AZURE_BES1,Electrical Bus,23.06
2023-06-08 02:00:15+00:00,REAL_TIME_SCED,AZURE_BES1,Electrical Bus,22.3
2023-06-08 03:00:22+00:00,REAL_TIME_SCED,AZURE_BES1,Electrical Bus,19.51
2023-06-08 04:00:23+00:00,REAL_TIME_SCED,AZURE_BES1,Electrical Bus,17.66
2023-06-08 05:00:28+00:00,REAL_TIME_SCED,AZURE_BES1,Electrical Bus,12.2
2023-06-08 06:00:20+00:00,REAL_TIME_SCED,AZURE_BES1,Electrical Bus,8.74
2023-06-08 07:00:23+00:00,REAL_TIME_SCED,AZURE_BES1,Electrical Bus,11.86
2023-06-08 08:00:20+00:00,REAL_TIME_SCED,AZURE_BES1,Electrical Bus,15.85
2023-06-08 09:00:21+00:00,REAL_TIME_SCED,AZURE_BES1,Electrical Bus,16.6
2023-06-08 10:00:20+00:00,REAL_TIME_SCED,AZURE_BES1,Electrical Bus,13.39
2023-06-08 11:00:21+00:00,REAL_TIME_SCED,AZURE_BES1,Electrical Bus,13.82
2023-06-08 12:00:25+00:00,REAL_TIME_SCED,AZURE_BES1,Electrical Bus,16.99
2023-06-08 13:00:27+00:00,REAL_TIME_SCED,AZURE_BES1,Electrical Bus,15.79
2023-06-08 14:00:17+00:00,REAL_TIME_SCED,AZURE_BES1,Electrical Bus,16.18
2023-06-08 15:00:16+00:00,REAL_TIME_SCED,AZURE_BES1,Electrical Bus,20.1
2023-06-08 16:00:26+00:00,REAL_TIME_SCED,AZURE_BES1,Electrical Bus,19.3
2023-06-08 17:00:24+00:00,REAL_TIME_SCED,AZURE_BES1,Electrical Bus,18.73
2023-06-08 18:00:27+00:00,REAL_TIME_SCED,AZURE_BES1,Electrical Bus,23.93
2023-06-08 19:00:23+00:00,REAL_TIME_SCED,AZURE_BES1,Electrical Bus,23.91
2023-06-08 20:00:23+00:00,REAL_TIME_SCED,AZURE_BES1,Electrical Bus,25.24
2023-06-08 21:00:23+00:00,REAL_TIME_SCED,AZURE_BES1,Electrical Bus,47.57
2023-06-08 22:00:23+00:00,REAL_TIME_SCED,AZURE_BES1,Electrical Bus,28.08
2023-06-08 23:00:21+00:00,REAL_TIME_SCED,AZURE_BES1,Electrical Bus,23.23
2023-06-09 00:00:22+00:00,REAL_TIME_SCED,AZURE_BES1,Electrical Bus,22.98
2023-06-09 01:00:15+00:00,REAL_TIME_SCED,AZURE_BES1,Electrical Bus,28.77
2023-06-09 02:00:23+00:00,REAL_TIME_SCED,AZURE_BES1,Electrical Bus,20.33
2023-06-09 03:00:26+00:00,REAL_TIME_SCED,AZURE_BES1,Electrical Bus,23.27
2023-06-09 04:00:23+00:00,REAL_TIME_SCED,AZURE_BES1,Electrical Bus,22.31
2023-06-09 05:00:26+00:00,REAL_TIME_SCED,AZURE_BES1,Electrical Bus,19.32
2023-06-09 06:00:17+00:00,REAL_TIME_SCED,AZURE_BES1,Electrical Bus,15.93
2023-06-09 07:00:18+00:00,REAL_TIME_SCED,AZURE_BES1,Electrical Bus,13.78
2023-06-09 08:00:16+00:00,REAL_TIME_SCED,AZURE_BES1,Electrical Bus,12.29
2023-06-09 09:00:17+00:00,REAL_TIME_SCED,AZURE_BES1,Electrical Bus,11.6
2023-06-09 10:00:17+00:00,REAL_TIME_SCED,AZURE_BES1,Electrical Bus,11.4
2023-06-09 11:00:14+00:00,REAL_TIME_SCED,AZURE_BES1,Electrical Bus,14.01
2023-06-09 12:00:17+00:00,REAL_TIME_SCED,AZURE_BES1,Electrical Bus,14.98
2023-06-09 13:00:15+00:00,REAL_TIME_SCED,AZURE_BES1,Electrical Bus,13.22
2023-06-09 14:00:17+00:00,REAL_TIME_SCED,AZURE_BES1,Electrical Bus,18.46
2023-06-09 15:00:16+00:00,REAL_TIME_SCED,AZURE_BES1,Electrical Bus,23.09
2023-06-09 16:00:24+00:00,REAL_TIME_SCED,AZURE_BES1,Electrical Bus,26.91
2023-06-09 17:00:25+00:00,REAL_TIME_SCED,AZURE_BES1,Electrical Bus,26.14
2023-06-09 18:00:22+00:00,REAL_TIME_SCED,AZURE_BES1,Electrical Bus,74.99
2023-06-09 19:00:31+00:00,REAL_TIME_SCED,AZURE_BES1,Electrical Bus,25.69
2023-06-09 20:00:22+00:00,REAL_TIME_SCED,AZURE_BES1,Electrical Bus,73.93
2023-06-09 21:00:27+00:00,REAL_TIME_SCED,AZURE_BES1,Electrical Bus,61.78
2023-06-09 22:00:23+00:00,REAL_TIME_SCED,AZURE_BES1,Electrical Bus,80.35
2023-06-09 23:00:27+00:00,REAL_TIME_SCED,AZURE_BES1,Electrical Bus,30.57
2023-06-10 00:00:22+00:00,REAL_TIME_SCED,AZURE_BES1,Electrical Bus,37.21
2023-06-10 01:00:21+00:00,REAL_TIME_SCED,AZURE_BES1,Electrical Bus,34.13
2023-06-10 02:00:22+00:00,REAL_TIME_SCED,AZURE_BES1,Electrical Bus,24.28
2023-06-10 03:00:25+00:00,REAL_TIME_SCED,AZURE_BES1,Electrical Bus,22.97
2023-06-10 04:00:30+00:00,REAL_TIME_SCED,AZURE_BES1,Electrical Bus,20.96
2023-06-10 05:00:28+00:00,REAL_TIME_SCED,AZURE_BES1,Electrical Bus,20.35
2023-06-10 06:00:24+00:00,REAL_TIME_SCED,AZURE_BES1,Electrical Bus,18.97
2023-06-10 07:00:24+00:00,REAL_TIME_SCED,AZURE_BES1,Electrical Bus,18.08
2023-06-10 08:00:23+00:00,REAL_TIME_SCED,AZURE_BES1,Electrical Bus,12.59
2023-06-10 09:00:24+00:00,REAL_TIME_SCED,AZURE_BES1,Electrical Bus,10.35
2023-06-10 10:00:23+00:00,REAL_TIME_SCED,AZURE_BES1,Electrical Bus,10.91
2023-06-10 11:00:25+00:00,REAL_TIME_SCED,AZURE_BES1,Electrical Bus,11.92
2023-06-10 12:00:24+00:00,REAL_TIME_SCED,AZURE_BES1,Electrical Bus,11.49
2023-06-10 13:00:23+00:00,REAL_TIME_SCED,AZURE_BES1,Electrical Bus,10.01
2023-06-10 14:00:22+00:00,REAL_TIME_SCED,AZURE_BES1,Electrical Bus,12.56
2023-06-10 15:00:23+00:00,REAL_TIME_SCED,AZURE_BES1,Electrical Bus,15.72
2023-06-10 16:00:23+00:00,REAL_TIME_SCED,AZURE_BES1,Electrical Bus,19.51
2023-06-10 17:00:24+00:00,REAL_TIME_SCED,AZURE_BES1,Electrical Bus,21.28
2023-06-10 18:00:24+00:00,REAL_TIME_SCED,AZURE_BES1,Electrical Bus,22.91
2023-06-10 19:00:25+00:00,REAL_TIME_SCED,AZURE_BES1,Electrical Bus,22.56
2023-06-10 20:00:24+00:00,REAL_TIME_SCED,AZURE_BES1,Electrical Bus,24.34
2023-06-10 21:00:29+00:00,REAL_TIME_SCED,AZURE_BES1,Electrical Bus,23.13
2023-06-10 22:00:24+00:00,REAL_TIME_SCED,AZURE_BES1,Electrical Bus,22.77
2023-06-10 23:00:24+00:00,REAL_TIME_SCED,AZURE_BES1,Electrical Bus,23.65
2023-06-11 00:00:21+00:00,REAL_TIME_SCED,AZURE_BES1,Electrical Bus,39.87
2023-06-11 01:00:16+00:00,REAL_TIME_SCED,AZURE_BES1,Electrical Bus,70.43
2023-06-11 02:00:17+00:00,REAL_TIME_SCED,AZURE_BES1,Electrical Bus,30.48
2023-06-11 03:00:23+00:00,REAL_TIME_SCED,AZURE_BES1,Electrical Bus,19.75
2023-06-11 04:00:22+00:00,REAL_TIME_SCED,AZURE_BES1,Electrical Bus,22.51
2023-06-11 05:00:30+00:00,REAL_TIME_SCED,AZURE_BES1,Electrical Bus,18.31
2023-06-11 06:00:25+00:00,REAL_TIME_SCED,AZURE_BES1,Electrical Bus,19.48
2023-06-11 07:00:24+00:00,REAL_TIME_SCED,AZURE_BES1,Electrical Bus,7.84
2023-06-11 08:00:23+00:00,REAL_TIME_SCED,AZURE_BES1,Electrical Bus,17.53
2023-06-11 09:00:26+00:00,REAL_TIME_SCED,AZURE_BES1,Electrical Bus,18.4
2023-06-11 10:00:24+00:00,REAL_TIME_SCED,AZURE_BES1,Electrical Bus,14.26
2023-06-11 11:00:27+00:00,REAL_TIME_SCED,AZURE_BES1,Electrical Bus,13.06
2023-06-11 12:00:24+00:00,REAL_TIME_SCED,AZURE_BES1,Electrical Bus,7.89
2023-06-11 13:00:28+00:00,REAL_TIME_SCED,AZURE_BES1,Electrical Bus,3.9
2023-06-11 14:00:22+00:00,REAL_TIME_SCED,AZURE_BES1,Electrical Bus,7.62
2023-06-11 15:00:23+00:00,REAL_TIME_SCED,AZURE_BES1,Electrical Bus,11.05
2023-06-11 16:00:22+00:00,REAL_TIME_SCED,AZURE_BES1,Electrical Bus,17.79
2023-06-11 17:00:22+00:00,REAL_TIME_SCED,AZURE_BES1,Electrical Bus,19.97
2023-06-11 18:00:23+00:00,REAL_TIME_SCED,AZURE_BES1,Electrical Bus,22.41
2023-06-11 19:00:25+00:00,REAL_TIME_SCED,AZURE_BES1,Electrical Bus,23.81
2023-06-11 20:00:25+00:00,REAL_TIME_SCED,AZURE_BES1,Electrical Bus,40
2023-06-11 21:00:22+00:00,REAL_TIME_SCED,AZURE_BES1,Electrical Bus,74.13
2023-06-11 22:00:23+00:00,REAL_TIME_SCED,AZURE_BES1,Electrical Bus,80.52
2023-06-11 23:00:22+00:00,REAL_TIME_SCED,AZURE_BES1,Electrical Bus,23.63
2023-06-12 00:00:28+00:00,REAL_TIME_SCED,AZURE_BES1,Electrical Bus,21.7
2023-06-12 01:00:23+00:00,REAL_TIME_SCED,AZURE_BES1,Electrical Bus,22.55
2023-06-12 02:00:23+00:00,REAL_TIME_SCED,AZURE_BES1,Electrical Bus,20.66
2023-06-12 03:00:24+00:00,REAL_TIME_SCED,AZURE_BES1,Electrical Bus,18.96
2023-06-12 04:00:23+00:00,REAL_TIME_SCED,AZURE_BES1,Electrical Bus,20.63
2023-06-12 05:00:27+00:00,REAL_TIME_SCED,AZURE_BES1,Electrical Bus,19.14
2023-06-12 06:00:27+00:00,REAL_TIME_SCED,AZURE_BES1,Electrical Bus,19.02
2023-06-12 07:00:26+00:00,REAL_TIME_SCED,AZURE_BES1,Electrical Bus,17.14
2023-06-12 08:00:24+00:00,REAL_TIME_SCED,AZURE_BES1,Electrical Bus,17.48
2023-06-12 09:00:25+00:00,REAL_TIME_SCED,AZURE_BES1,Electrical Bus,15.95
2023-06-12 10:00:25+00:00,REAL_TIME_SCED,AZURE_BES1,Electrical Bus,13.29
2023-06-12 11:00:22+00:00,REAL_TIME_SCED,AZURE_BES1,Electrical Bus,17.46
2023-06-12 12:00:26+00:00,REAL_TIME_SCED,AZURE_BES1,Electrical Bus,19.04
2023-06-12 13:00:24+00:00,REAL_TIME_SCED,AZURE_BES1,Electrical Bus,16.1
2023-06-12 14:00:26+00:00,REAL_TIME_SCED,AZURE_BES1,Electrical Bus,12.84
2023-06-12 15:00:23+00:00,REAL_TIME_SCED,AZURE_BES1,Electrical Bus,10.8
2023-06-12 16:00:26+00:00,REAL_TIME_SCED,AZURE_BES1,Electrical Bus,11.59
2023-06-12 17:00:26+00:00,REAL_TIME_SCED,AZURE_BES1,Electrical Bus,6.77
2023-06-12 18:00:28+00:00,REAL_TIME_SCED,AZURE_BES1,Electrical Bus,7.46
2023-06-12 19:00:26+00:00,REAL_TIME_SCED,AZURE_BES1,Electrical Bus,9.78
2023-06-12 20:00:27+00:00,REAL_TIME_SCED,AZURE_BES1,Electrical Bus,14.11
2023-06-12 21:00:28+00:00,REAL_TIME_SCED,AZURE_BES1,Electrical Bus,14.06
2023-06-12 22:00:25+00:00,REAL_TIME_SCED,AZURE_BES1,Electrical Bus,16
2023-06-12 23:00:26+00:00,REAL_TIME_SCED,AZURE_BES1,Electrical Bus,20.35
2023-06-13 00:00:26+00:00,REAL_TIME_SCED,AZURE_BES1,Electrical Bus,22.66
2023-06-13 01:00:27+00:00,REAL_TIME_SCED,AZURE_BES1,Electrical Bus,24.23
2023-06-13 02:00:25+00:00,REAL_TIME_SCED,AZURE_BES1,Electrical Bus,30.42
2023-06-13 03:00:28+00:00,REAL_TIME_SCED,AZURE_BES1,Electrical Bus,27.56
2023-06-13 04:00:24+00:00,REAL_TIME_SCED,AZURE_BES1,Electrical Bus,23.95
2023-06-13 05:00:29+00:00,REAL_TIME_SCED,AZURE_BES1,Electrical Bus,23.02
2023-06-13 06:00:24+00:00,REAL_TIME_SCED,AZURE_BES1,Electrical Bus,20.51
2023-06-13 07:00:27+00:00,REAL_TIME_SCED,AZURE_BES1,Electrical Bus,23.71
2023-06-13 08:00:25+00:00,REAL_TIME_SCED,AZURE_BES1,Electrical Bus,21.35
2023-06-13 09:00:29+00:00,REAL_TIME_SCED,AZURE_BES1,Electrical Bus,18.63
2023-06-13 10:00:27+00:00,REAL_TIME_SCED,AZURE_BES1,Electrical Bus,18.62
2023-06-13 11:00:24+00:00,REAL_TIME_SCED,AZURE_BES1,Electrical Bus,14.42
2023-06-13 12:00:23+00:00,REAL_TIME_SCED,AZURE_BES1,Electrical Bus,15.27
2023-06-13 13:00:29+00:00,REAL_TIME_SCED,AZURE_BES1,Electrical Bus,21.45
2023-06-13 14:00:25+00:00,REAL_TIME_SCED,AZURE_BES1,Electrical Bus,22.12
2023-06-13 15:00:27+00:00,REAL_TIME_SCED,AZURE_BES1,Electrical Bus,21.91
2023-06-13 16:00:22+00:00,REAL_TIME_SCED,AZURE_BES1,Electrical Bus,22.14
2023-06-13 17:00:24+00:00,REAL_TIME_SCED,AZURE_BES1,Electrical Bus,22.98
2023-06-13 18:00:23+00:00,REAL_TIME_SCED,AZURE_BES1,Electrical Bus,23.68
2023-06-13 19:00:22+00:00,REAL_TIME_SCED,AZURE_BES1,Electrical Bus,23.68
2023-06-13 20:00:22+00:00,REAL_TIME_SCED,AZURE_BES1,Electrical Bus,26.24
2023-06-13 21:00:25+00:00,REAL_TIME_SCED,AZURE_BES1,Electrical Bus,25.65
2023-06-13 22:00:21+00:00,REAL_TIME_SCED,AZURE_BES1,Electrical Bus,23.37
2023-06-13 23:00:24+00:00,REAL_TIME_SCED,AZURE_BES1,Electrical Bus,23.22
2023-06-14 00:00:24+00:00,REAL_TIME_SCED,AZURE_BES1,Electrical Bus,22.91
2023-06-14 01:00:24+00:00,REAL_TIME_SCED,AZURE_BES1,Electrical Bus,25.7
2023-06-14 02:00:25+00:00,REAL_TIME_SCED,AZURE_BES1,Electrical Bus,23.22
2023-06-14 03:00:29+00:00,REAL_TIME_SCED,AZURE_BES1,Electrical Bus,21.64
2023-06-14 04:00:24+00:00,REAL_TIME_SCED,AZURE_BES1,Electrical Bus,20.95
2023-06-14 05:00:50+00:00,REAL_TIME_SCED,AZURE_BES1,Electrical Bus,20.61
2023-06-14 06:00:23+00:00,REAL_TIME_SCED,AZURE_BES1,Electrical Bus,20.12
2023-06-14 07:00:22+00:00,REAL_TIME_SCED,AZURE_BES1,Electrical Bus,19.78
2023-06-14 08:00:21+00:00,REAL_TIME_SCED,AZURE_BES1,Electrical Bus,20.36
2023-06-14 09:00:23+00:00,REAL_TIME_SCED,AZURE_BES1,Electrical Bus,20.91
2023-06-14 10:00:22+00:00,REAL_TIME_SCED,AZURE_BES1,Electrical Bus,22.28
2023-06-14 11:00:22+00:00,REAL_TIME_SCED,AZURE_BES1,Electrical Bus,24.37
2023-06-14 12:00:22+00:00,REAL_TIME_SCED,AZURE_BES1,Electrical Bus,24.37
2023-06-14 13:00:23+00:00,REAL_TIME_SCED,AZURE_BES1,Electrical Bus,21.89
2023-06-14 14:00:25+00:00,REAL_TIME_SCED,AZURE_BES1,Electrical Bus,23.36
2023-06-14 15:00:23+00:00,REAL_TIME_SCED,AZURE_BES1,Electrical Bus,18.08
2023-06-14 16:00:22+00:00,REAL_TIME_SCED,AZURE_BES1,Electrical Bus,20.65
2023-06-14 17:00:24+00:00,REAL_TIME_SCED,AZURE_BES1,Electrical Bus,21.91
2023-06-14 18:00:22+00:00,REAL_TIME_SCED,AZURE_BES1,Electrical Bus,24.49
2023-06-14 19:00:25+00:00,REAL_TIME_SCED,AZURE_BES1,Electrical Bus,25.3
2023-06-14 20:00:23+00:00,REAL_TIME_SCED,AZURE_BES1,Electrical Bus,33.7
2023-06-14 21:00:27+00:00,REAL_TIME_SCED,AZURE_BES1,Electrical Bus,75.7
2023-06-14 22:00:22+00:00,REAL_TIME_SCED,AZURE_BES1,Electrical Bus,96.71
2023-06-14 23:00:26+00:00,REAL_TIME_SCED,AZURE_BES1,Electrical Bus,217.84
2023-06-15 00:00:23+00:00,REAL_TIME_SCED,AZURE_BES1,Electrical Bus,86
2023-06-15 01:00:22+00:00,REAL_TIME_SCED,AZURE_BES1,Electrical Bus,953.01
2023-06-15 02:00:22+00:00,REAL_TIME_SCED,AZURE_BES1,Electrical Bus,75.01
2023-06-15 03:00:23+00:00,REAL_TIME_SCED,AZURE_BES1,Electrical Bus,35.4
2023-06-15 04:00:22+00:00,REAL_TIME_SCED,AZURE_BES1,Electrical Bus,23.84
2023-06-15 05:00:25+00:00,REAL_TIME_SCED,AZURE_BES1,Electrical Bus,11.7
2023-06-15 06:00:21+00:00,REAL_TIME_SCED,AZURE_BES1,Electrical Bus,19.04
2023-06-15 07:00:24+00:00,REAL_TIME_SCED,AZURE_BES1,Electrical Bus,16.51
2023-06-15 08:00:22+00:00,REAL_TIME_SCED,AZURE_BES1,Electrical Bus,14.6
2023-06-15 09:00:25+00:00,REAL_TIME_SCED,AZURE_BES1,Electrical Bus,15.16
2023-06-15 10:00:22+00:00,REAL_TIME_SCED,AZURE_BES1,Electrical Bus,17
2023-06-15 11:00:24+00:00,REAL_TIME_SCED,AZURE_BES1,Electrical Bus,18.49
2023-06-15 12:00:21+00:00,REAL_TIME_SCED,AZURE_BES1,Electrical Bus,19.76
2023-06-15 13:00:23+00:00,REAL_TIME_SCED,AZURE_BES1,Electrical Bus,18.98
2023-06-15 14:00:22+00:00,REAL_TIME_SCED,AZURE_BES1,Electrical Bus,20.52
2023-06-15 15:00:21+00:00,REAL_TIME_SCED,AZURE_BES1,Electrical Bus,22.45
2023-06-15 16:00:22+00:00,REAL_TIME_SCED,AZURE_BES1,Electrical Bus,21.39
2023-06-15 17:00:24+00:00,REAL_TIME_SCED,AZURE_BES1,Electrical Bus,25.2
2023-06-15 18:00:22+00:00,REAL_TIME_SCED,AZURE_BES1,Electrical Bus,25.32
2023-06-15 19:00:24+00:00,REAL_TIME_SCED,AZURE_BES1,Electrical Bus,15.49
2023-06-15 20:00:24+00:00,REAL_TIME_SCED,AZURE_BES1,Electrical Bus,16.05
2023-06-15 22:00:27+00:00,REAL_TIME_SCED,AZURE_BES1,Electrical Bus,6.03
2023-06-15 23:00:27+00:00,REAL_TIME_SCED,AZURE_BES1,Electrical Bus,1.02
2023-06-16 00:00:25+00:00,REAL_TIME_SCED,AZURE_BES1,Electrical Bus,25.4
2023-06-16 01:00:19+00:00,REAL_TIME_SCED,AZURE_BES1,Electrical Bus,77.38
2023-06-16 02:00:21+00:00,REAL_TIME_SCED,AZURE_BES1,Electrical Bus,46.7
2023-06-16 03:00:21+00:00,REAL_TIME_SCED,AZURE_BES1,Electrical Bus,24.56
2023-06-16 04:00:20+00:00,REAL_TIME_SCED,AZURE_BES1,Electrical Bus,21.07
2023-06-16 05:00:21+00:00,REAL_TIME_SCED,AZURE_BES1,Electrical Bus,20.35
2023-06-16 06:00:18+00:00,REAL_TIME_SCED,AZURE_BES1,Electrical Bus,21.05
2023-06-16 07:00:20+00:00,REAL_TIME_SCED,AZURE_BES1,Electrical Bus,20.21
2023-06-16 08:00:18+00:00,REAL_TIME_SCED,AZURE_BES1,Electrical Bus,19.11
2023-06-16 09:00:20+00:00,REAL_TIME_SCED,AZURE_BES1,Electrical Bus,18.97
2023-06-16 10:00:19+00:00,REAL_TIME_SCED,AZURE_BES1,Electrical Bus,19.07
2023-06-16 11:00:19+00:00,REAL_TIME_SCED,AZURE_BES1,Electrical Bus,20.12
2023-06-16 12:00:20+00:00,REAL_TIME_SCED,AZURE_BES1,Electrical Bus,20.3
2023-06-16 13:00:17+00:00,REAL_TIME_SCED,AZURE_BES1,Electrical Bus,21.6
2023-06-16 14:00:17+00:00,REAL_TIME_SCED,AZURE_BES1,Electrical Bus,19.67
2023-06-16 15:00:14+00:00,REAL_TIME_SCED,AZURE_BES1,Electrical Bus,20.01
2023-06-16 16:00:16+00:00,REAL_TIME_SCED,AZURE_BES1,Electrical Bus,22.33
2023-06-16 17:00:17+00:00,REAL_TIME_SCED,AZURE_BES1,Electrical Bus,26.84
2023-06-16 18:00:17+00:00,REAL_TIME_SCED,AZURE_BES1,Electrical Bus,27.89
2023-06-16 19:00:23+00:00,REAL_TIME_SCED,AZURE_BES1,Electrical Bus,75.08
2023-06-16 20:00:24+00:00,REAL_TIME_SCED,AZURE_BES1,Electrical Bus,199.71
2023-06-16 21:00:19+00:00,REAL_TIME_SCED,AZURE_BES1,Electrical Bus,75.1
2023-06-16 22:00:20+00:00,REAL_TIME_SCED,AZURE_BES1,Electrical Bus,133.12
2023-06-16 23:00:21+00:00,REAL_TIME_SCED,AZURE_BES1,Electrical Bus,76.6
2023-06-17 00:00:20+00:00,REAL_TIME_SCED,AZURE_BES1,Electrical Bus,229.84
2023-06-17 01:00:20+00:00,REAL_TIME_SCED,AZURE_BES1,Electrical Bus,79.39
2023-06-17 02:00:20+00:00,REAL_TIME_SCED,AZURE_BES1,Electrical Bus,64.42
2023-06-17 03:00:22+00:00,REAL_TIME_SCED,AZURE_BES1,Electrical Bus,26.84
2023-06-17 04:00:18+00:00,REAL_TIME_SCED,AZURE_BES1,Electrical Bus,23.41
2023-06-17 05:00:21+00:00,REAL_TIME_SCED,AZURE_BES1,Electrical Bus,23.9
2023-06-17 06:00:19+00:00,REAL_TIME_SCED,AZURE_BES1,Electrical Bus,22.78
2023-06-17 07:00:22+00:00,REAL_TIME_SCED,AZURE_BES1,Electrical Bus,21.34
2023-06-17 08:00:20+00:00,REAL_TIME_SCED,AZURE_BES1,Electrical Bus,21.79
2023-06-17 09:00:24+00:00,REAL_TIME_SCED,AZURE_BES1,Electrical Bus,22.4
2023-06-17 10:00:15+00:00,REAL_TIME_SCED,AZURE_BES1,Electrical Bus,22.25
2023-06-17 11:00:15+00:00,REAL_TIME_SCED,AZURE_BES1,Electrical Bus,19.48
2023-06-17 12:00:15+00:00,REAL_TIME_SCED,AZURE_BES1,Electrical Bus,17.14
2023-06-17 13:00:16+00:00,REAL_TIME_SCED,AZURE_BES1,Electrical Bus,16.68
2023-06-17 14:00:14+00:00,REAL_TIME_SCED,AZURE_BES1,Electrical Bus,20.59
2023-06-17 15:00:14+00:00,REAL_TIME_SCED,AZURE_BES1,Electrical Bus,19.68
2023-06-17 16:00:14+00:00,REAL_TIME_SCED,AZURE_BES1,Electrical Bus,22.12
2023-06-17 17:00:14+00:00,REAL_TIME_SCED,AZURE_BES1,Electrical Bus,25.22
2023-06-17 18:00:15+00:00,REAL_TIME_SCED,AZURE_BES1,Electrical Bus,30.48
2023-06-17 19:00:13+00:00,REAL_TIME_SCED,AZURE_BES1,Electrical Bus,64.08
2023-06-17 20:00:18+00:00,REAL_TIME_SCED,AZURE_BES1,Electrical Bus,74.92
2023-06-17 21:00:18+00:00,REAL_TIME_SCED,AZURE_BES1,Electrical Bus,27.67
2023-06-17 22:00:19+00:00,REAL_TIME_SCED,AZURE_BES1,Electrical Bus,28.23
2023-06-17 23:00:18+00:00,REAL_TIME_SCED,AZURE_BES1,Electrical Bus,24.52
2023-06-18 00:00:20+00:00,REAL_TIME_SCED,AZURE_BES1,Electrical Bus,38.06
2023-06-18 01:00:20+00:00,REAL_TIME_SCED,AZURE_BES1,Electrical Bus,27.64
2023-06-18 02:00:22+00:00,REAL_TIME_SCED,AZURE_BES1,Electrical Bus,23.71
2023-06-18 03:00:23+00:00,REAL_TIME_SCED,AZURE_BES1,Electrical Bus,23.15
2023-06-18 04:00:19+00:00,REAL_TIME_SCED,AZURE_BES1,Electrical Bus,23.44
2023-06-18 05:00:25+00:00,REAL_TIME_SCED,AZURE_BES1,Electrical Bus,20.55
2023-06-18 06:00:19+00:00,REAL_TIME_SCED,AZURE_BES1,Electrical Bus,19.25
2023-06-18 07:00:21+00:00,REAL_TIME_SCED,AZURE_BES1,Electrical Bus,19.11
2023-06-18 08:00:18+00:00,REAL_TIME_SCED,AZURE_BES1,Electrical Bus,19.65
2023-06-18 09:00:19+00:00,REAL_TIME_SCED,AZURE_BES1,Electrical Bus,19.88
2023-06-18 10:00:18+00:00,REAL_TIME_SCED,AZURE_BES1,Electrical Bus,19.93
2023-06-18 11:00:17+00:00,REAL_TIME_SCED,AZURE_BES1,Electrical Bus,20.47
2023-06-18 12:00:13+00:00,REAL_TIME_SCED,AZURE_BES1,Electrical Bus,20.1
2023-06-18 13:00:16+00:00,REAL_TIME_SCED,AZURE_BES1,Electrical Bus,19.06
2023-06-18 14:00:20+00:00,REAL_TIME_SCED,AZURE_BES1,Electrical Bus,17.09
2023-06-18 15:00:17+00:00,REAL_TIME_SCED,AZURE_BES1,Electrical Bus,19.8
2023-06-18 16:00:20+00:00,REAL_TIME_SCED,AZURE_BES1,Electrical Bus,19.74
2023-06-18 17:00:21+00:00,REAL_TIME_SCED,AZURE_BES1,Electrical Bus,19.47
2023-06-18 18:00:22+00:00,REAL_TIME_SCED,AZURE_BES1,Electrical Bus,25.01
2023-06-18 19:00:21+00:00,REAL_TIME_SCED,AZURE_BES1,Electrical Bus,58.76
2023-06-18 20:00:21+00:00,REAL_TIME_SCED,AZURE_BES1,Electrical Bus,72.11
2023-06-18 21:00:18+00:00,REAL_TIME_SCED,AZURE_BES1,Electrical Bus,75.64
2023-06-18 22:00:19+00:00,REAL_TIME_SCED,AZURE_BES1,Electrical Bus,75.73
2023-06-18 23:00:21+00:00,REAL_TIME_SCED,AZURE_BES1,Electrical Bus,150.91
2023-06-19 00:00:21+00:00,REAL_TIME_SCED,AZURE_BES1,Electrical Bus,77.11
2023-06-19 01:00:23+00:00,REAL_TIME_SCED,AZURE_BES1,Electrical Bus,79.08
2023-06-19 02:00:21+00:00,REAL_TIME_SCED,AZURE_BES1,Electrical Bus,34.91
2023-06-19 03:00:24+00:00,REAL_TIME_SCED,AZURE_BES1,Electrical Bus,11.41
2023-06-19 04:00:24+00:00,REAL_TIME_SCED,AZURE_BES1,Electrical Bus,20.42
2023-06-19 05:00:28+00:00,REAL_TIME_SCED,AZURE_BES1,Electrical Bus,17.56
2023-06-19 06:00:24+00:00,REAL_TIME_SCED,AZURE_BES1,Electrical Bus,13.08
2023-06-19 07:00:25+00:00,REAL_TIME_SCED,AZURE_BES1,Electrical Bus,10.67
2023-06-19 08:00:23+00:00,REAL_TIME_SCED,AZURE_BES1,Electrical Bus,9.75
2023-06-19 09:00:23+00:00,REAL_TIME_SCED,AZURE_BES1,Electrical Bus,9.57
2023-06-19 10:00:22+00:00,REAL_TIME_SCED,AZURE_BES1,Electrical Bus,9.2
2023-06-19 11:00:20+00:00,REAL_TIME_SCED,AZURE_BES1,Electrical Bus,16.57
2023-06-19 12:00:21+00:00,REAL_TIME_SCED,AZURE_BES1,Electrical Bus,17.5
2023-06-19 13:00:20+00:00,REAL_TIME_SCED,AZURE_BES1,Electrical Bus,18.46
2023-06-19 14:00:19+00:00,REAL_TIME_SCED,AZURE_BES1,Electrical Bus,21.04
2023-06-19 15:00:18+00:00,REAL_TIME_SCED,AZURE_BES1,Electrical Bus,23.25
2023-06-19 16:00:19+00:00,REAL_TIME_SCED,AZURE_BES1,Electrical Bus,23.17
2023-06-19 17:00:20+00:00,REAL_TIME_SCED,AZURE_BES1,Electrical Bus,26.15
2023-06-19 18:00:20+00:00,REAL_TIME_SCED,AZURE_BES1,Electrical Bus,75
2023-06-19 19:00:21+00:00,REAL_TIME_SCED,AZURE_BES1,Electrical Bus,75
2023-06-19 20:00:19+00:00,REAL_TIME_SCED,AZURE_BES1,Electrical Bus,151.89
2023-06-19 21:00:21+00:00,REAL_TIME_SCED,AZURE_BES1,Electrical Bus,76.78
2023-06-19 22:00:20+00:00,REAL_TIME_SCED,AZURE_BES1,Electrical Bus,49.2
2023-06-19 23:00:20+00:00,REAL_TIME_SCED,AZURE_BES1,Electrical Bus,76.32
2023-06-20 00:00:20+00:00,REAL_TIME_SCED,AZURE_BES1,Electrical Bus,78.53
2023-06-20 01:00:23+00:00,REAL_TIME_SCED,AZURE_BES1,Electrical Bus,78.25
2023-06-20 02:00:20+00:00,REAL_TIME_SCED,AZURE_BES1,Electrical Bus,26.48
2023-06-20 03:00:22+00:00,REAL_TIME_SCED,AZURE_BES1,Electrical Bus,23.88
2023-06-20 04:00:21+00:00,REAL_TIME_SCED,AZURE_BES1,Electrical Bus,21.69
2023-06-20 05:00:23+00:00,REAL_TIME_SCED,AZURE_BES1,Electrical Bus,20.69
2023-06-20 06:00:20+00:00,REAL_TIME_SCED,AZURE_BES1,Electrical Bus,19.49
2023-06-20 07:00:24+00:00,REAL_TIME_SCED,AZURE_BES1,Electrical Bus,19.44
2023-06-20 08:00:22+00:00,REAL_TIME_SCED,AZURE_BES1,Electrical Bus,17.94
2023-06-20 09:00:21+00:00,REAL_TIME_SCED,AZURE_BES1,Electrical Bus,17.17
2023-06-20 10:00:19+00:00,REAL_TIME_SCED,AZURE_BES1,Electrical Bus,17.28
2023-06-20 11:00:18+00:00,REAL_TIME_SCED,AZURE_BES1,Electrical Bus,19.75
2023-06-20 12:00:21+00:00,REAL_TIME_SCED,AZURE_BES1,Electrical Bus,20.17
2023-06-20 13:00:19+00:00,REAL_TIME_SCED,AZURE_BES1,Electrical Bus,20
2023-06-20 14:00:18+00:00,REAL_TIME_SCED,AZURE_BES1,Electrical Bus,21.81
2023-06-20 15:00:20+00:00,REAL_TIME_SCED,AZURE_BES1,Electrical Bus,22.14
2023-06-20 16:00:18+00:00,REAL_TIME_SCED,AZURE_BES1,Electrical Bus,21.86
2023-06-20 17:00:18+00:00,REAL_TIME_SCED,AZURE_BES1,Electrical Bus,26.11
2023-06-20 18:00:21+00:00,REAL_TIME_SCED,AZURE_BES1,Electrical Bus,74.94
2023-06-20 19:00:24+00:00,REAL_TIME_SCED,AZURE_BES1,Electrical Bus,955.08
2023-06-20 20:00:25+00:00,REAL_TIME_SCED,AZURE_BES1,Electrical Bus,75.95
2023-06-20 21:00:25+00:00,REAL_TIME_SCED,AZURE_BES1,Electrical Bus,1496.02
2023-06-20 22:00:23+00:00,REAL_TIME_SCED,AZURE_BES1,Electrical Bus,4993.32
2023-06-20 23:00:27+00:00,REAL_TIME_SCED,AZURE_BES1,Electrical Bus,1277.29
2023-06-21 00:00:24+00:00,REAL_TIME_SCED,AZURE_BES1,Electrical Bus,5009.54
2023-06-21 01:00:23+00:00,REAL_TIME_SCED,AZURE_BES1,Electrical Bus,4985.13
2023-06-21 02:00:26+00:00,REAL_TIME_SCED,AZURE_BES1,Electrical Bus,70.6
2023-06-21 03:00:32+00:00,REAL_TIME_SCED,AZURE_BES1,Electrical Bus,25.58
2023-06-21 04:00:22+00:00,REAL_TIME_SCED,AZURE_BES1,Electrical Bus,23.6
2023-06-21 05:00:56+00:00,REAL_TIME_SCED,AZURE_BES1,Electrical Bus,27.67
2023-06-21 06:00:22+00:00,REAL_TIME_SCED,AZURE_BES1,Electrical Bus,21.78
2023-06-21 07:00:20+00:00,REAL_TIME_SCED,AZURE_BES1,Electrical Bus,20.35
2023-06-21 08:00:21+00:00,REAL_TIME_SCED,AZURE_BES1,Electrical Bus,19.6
2023-06-21 09:00:21+00:00,REAL_TIME_SCED,AZURE_BES1,Electrical Bus,19.32
2023-06-21 10:00:21+00:00,REAL_TIME_SCED,AZURE_BES1,Electrical Bus,20.79
2023-06-21 11:00:19+00:00,REAL_TIME_SCED,AZURE_BES1,Electrical Bus,21.91
2023-06-21 12:00:23+00:00,REAL_TIME_SCED,AZURE_BES1,Electrical Bus,23.71
2023-06-21 13:00:18+00:00,REAL_TIME_SCED,AZURE_BES1,Electrical Bus,22.61
2023-06-21 14:00:17+00:00,REAL_TIME_SCED,AZURE_BES1,Electrical Bus,25.06
2023-06-21 15:00:17+00:00,REAL_TIME_SCED,AZURE_BES1,Electrical Bus,25.14